producto;idSecuenciaIni;idSecuenciaFin
570;20121122;20130111
48;20200511;20200611
120;20140116;20140321
936;20170316;20170416
249;20260317;20260406
179;20110104;20110111
388;20250605;20250702
972;20130112;20130311
664;20170521;20170612
63;20160401;20160430
395;20121122;20130111
413;20190906;20191006
570;20160817;20160831
133;20210311;20210407
96;20240523;20240619
936;20211021;20211117
484;20131122;20140115
31;20211216;20220112
200;20130819;20130919
966;20210506;20210606
331;20250605;20250702
702;20160817;20160831
936;20151118;20160110
140;20210311;20210407
554;20181213;20190110
31;20210614;20210714
516;20200626;20200723
965;20180601;20180701
671;20141029;20141121
515;20210614;20210714
126;20211118;20211215
626;20250731;20250827
97;20181008;20181108
415;20160307;20160331
280;20250227;20250323
829;20220908;20221005
734;20190715;20190815
554;20240327;20240424
28;20190906;20191006
56;20150901;20151008
29;20191108;20191208
229;20180108;20180303
836;20201008;20201108
120;20220616;20220713
305;20180305;20180405
662;20180611;20180711
223;20220324;20220420
192;20130920;20131121
932;20230713;20230813
386;20200716;20200812
917;20150410;20150611
452;20140613;20140713
229;20190111;20190307
47;20171106;20171206
173;20240718;20240813
570;20191210;20200110
305;20190516;20190613
386;20210603;20210630
705;20190715;20190815
47;20170905;20171004
672;20150313;20150409
685;20130312;20130405
511;20180611;20180711
63;20150901;20151008
305;20161007;20161117
672;20220421;20220518
570;20200724;20200824
117;20110112;20110223
534;20210923;20211020
126;20220421;20220518
862;20140116;20140321
614;20170110;20170306
719;20150410;20150611
578;20140116;20140321
117;20190715;20190815
31;20151118;20160110
48;20220714;20220810
429;20240425;20240522
40;20140613;20140713
63;20250605;20250702
614;20210614;20210714
388;20180712;20180812
901;20210901;20210922
836;20171005;20171105
719;20230314;20230326
511;20240523;20240619
936;20150901;20151008
394;20251023;20251116
121;20190329;20190425
998;20180406;20180506
755;20180712;20180812
395;20190516;20190613
284;20180712;20180812
108;20120927;20121121
431;20211216;20220112
18;20250424;20250521
132;20200511;20200611
272;20190906;20191006
586;20200910;20201007
622;20160401;20160430
345;20241107;20241204
142;20221006;20221102
50;20180305;20180405
108;20200511;20200611
185;20240201;20240229
132;20151118;20160110
243;20130819;20130919
67;20200324;20200414
128;20241107;20241204
887;20231130;20240101
742;20221211;20230111
646;20140116;20140321
67;20200825;20200909
18;20150901;20151008
803;20201112;20201209
618;20200324;20200414
213;20170613;20170713
217;20250703;20250730
564;20230615;20230712
640;20231130;20240101
743;20200306;20200323
272;20240523;20240619
962;20240425;20240522
202;20250424;20250521
660;20221103;20221130
961;20231005;20231101
33;20200511;20200611
640;20211021;20211117
303;20160901;20160930
962;20170420;20170520
855;20210614;20210714
692;20220224;20220323
973;20250102;20250129
243;20140322;20140422
191;20110828;20110923
634;20230420;20230517
961;20140322;20140422
887;20240912;20241009
912;20221211;20230111
102;20210901;20210922
714;20190906;20191006
618;20140116;20140321
282;20191007;20191107
213;20200612;20200625
303;20210715;20210815
26;20210311;20210407
93;20240327;20240424
618;20180108;20180306
459;20220113;20220223
303;20200612;20200625
2;20110828;20110923
666;20150113;20150312
70;20220519;20220615
457;20220714;20220810
64;20170905;20171004
387;20191210;20200110
822;20200825;20200909
762;20200626;20200723
252;20180108;20180306
576;20160817;20160831
430;20190614;20190714
924;20210729;20210825
765;20240425;20240522
545;20170420;20170520
955;20190308;20190328
761;20190819;20190905
483;20200626;20200723
170;20220421;20220518
616;20120826;20120926
70;20170905;20171004
266;20140828;20141028
449;20171207;20180107
711;20250703;20250730
170;20190819;20190905
107;20160714;20160815
483;20181008;20181108
544;20170905;20171004
666;20180507;20180611
955;20200511;20200611
64;20190111;20190307
337;20170521;20170612
558;20211216;20220112
390;20170613;20170713
964;20170905;20171004
427;20190715;20190815
753;20220616;20220713
816;20210901;20210922
981;20121122;20130111
543;20180712;20180812
681;20180611;20180711
107;20201008;20201108
290;20230309;20230419
72;20150113;20150312
418;20201210;20210113
670;20140116;20140321
545;20181112;20181212
494;20220908;20221005
34;20190516;20190613
98;20230214;20230314
506;20171106;20171206
72;20240620;20240717
127;20181008;20181108
558;20161007;20161117
449;20140116;20140321
774;20231102;20231129
10;20200324;20200414
212;20210923;20211020
838;20211021;20211117
670;20180305;20180405
387;20191007;20191107
838;20240425;20240522
595;20180108;20180306
453;20250424;20250521
467;20220908;20221005
543;20140423;20140612
186;20180108;20180306
6;20220421;20220518
553;20211216;20220112
324;20170613;20170713
296;20240102;20240131
876;20210901;20210922
25;20191114;20191211
34;20160817;20160831
822;20160714;20160815
6;20190516;20190613
107;20250102;20250129
387;20240523;20240619
170;20140613;20140713
629;20110828;20110923
170;20231102;20231129
924;20190131;20190227
557;20160714;20160815
123;20220519;20220615
906;20140714;20140813
681;20190614;20190714
418;20220421;20220518
715;20141122;20150112
562;20130112;20130311
128;20210311;20210407
345;20231130;20240101
962;20211021;20211117
243;20220908;20221005
716;20260217;20260316
962;20250703;20250730
35;20210408;20210505
16;20130614;20130816
187;20180108;20180306
345;20240327;20240424
431;20170316;20170416
253;20220421;20220518
701;20161007;20161117
26;20180108;20180303
204;20250925;20251022
459;20170817;20170904
303;20221006;20221102
459;20110104;20110111
185;20140322;20140422
197;20240327;20240424
217;20110828;20110923
622;20190516;20190613
303;20210816;20210831
973;20150313;20150409
973;20130112;20130311
102;20240620;20240717
108;20190111;20190307
202;20190614;20190714
50;20210408;20210505
51;20211118;20211215
108;20150410;20150611
912;20220421;20220518
594;20180305;20180405
995;20140613;20140713
895;20200525;20200625
289;20200306;20200323
142;20130312;20130405
104;20210901;20210922
885;20210408;20210505
459;20201008;20201108
871;20190426;20190515
775;20250227;20250323
51;20210715;20210815
586;20231005;20231101
35;20241010;20241106
197;20150901;20151008
608;20201210;20210113
197;20161007;20161117
960;20150313;20150409
646;20150313;20150409
995;20211118;20211215
961;20210114;20210307
716;20221103;20221130
622;20130112;20130311
85;20190819;20190905
995;20180712;20180812
690;20160901;20160930
279;20200116;20200226
660;20180108;20180306
973;20190715;20190815
78;20190715;20190815
284;20160509;20160609
617;20220616;20220713
586;20211021;20211117
108;20240814;20240911
279;20240425;20240522
701;20120613;20120816
995;20151118;20160110
359;20220616;20220713
53;20230214;20230314
323;20241107;20241204
303;20191108;20191208
885;20190614;20190714
586;20170420;20170520
312;20201112;20201209
253;20190614;20190714
953;20201112;20201209
857;20240102;20240131
14;20200511;20200611
128;20190308;20190328
857;20221211;20230111
887;20190906;20191006
42;20191108;20191208
197;20191108;20191208
815;20210506;20210606
617;20130819;20130919
284;20200511;20200611
939;20220113;20220223
154;20171005;20171105
72;20190329;20190425
170;20260317;20260406
543;20180305;20180405
72;20140613;20140713
106;20180906;20181007
666;20120613;20120816
544;20160901;20160930
494;20200825;20200909
753;20210311;20210407
834;20180712;20180812
418;20160509;20160609
988;20210901;20210922
784;20110104;20110111
787;20201210;20210113
983;20170905;20171004
774;20150410;20150611
106;20230615;20230712
630;20180305;20180405
123;20220714;20220810
449;20180305;20180405
212;20240201;20240229
476;20170714;20170814
715;20130406;20130613
441;20201008;20201108
834;20110224;20110409
467;20160817;20160831
616;20171106;20171206
170;20191007;20191107
584;20250605;20250702
593;20211021;20211117
64;20210506;20210606
252;20160610;20160710
266;20231102;20231129
186;20170905;20171004
558;20190308;20190328
472;20250828;20250924
418;20181008;20181108
629;20170613;20170713
801;20221006;20221102
449;20121122;20130111
441;20170110;20170306
236;20170420;20170520
712;20230327;20230419
266;20251201;20251231
34;20190819;20190905
616;20150901;20151008
629;20120826;20120926
988;20220224;20220323
834;20181213;20190110
964;20191210;20200110
34;20200724;20200824
98;20210506;20210606
876;20240201;20240229
762;20231005;20231101
123;20190308;20190328
107;20250703;20250730
596;20220714;20220810
34;20251201;20251231
418;20211021;20211117
670;20190614;20190714
765;20170420;20170520
906;20230420;20230517
5;20231130;20240101
822;20170420;20170520
337;20190614;20190714
584;20170110;20170306
236;20200324;20200414
890;20260317;20260406
681;20170420;20170520
184;20110617;20110817
430;20191007;20191107
160;20220224;20220323
929;20160401;20160430
5;20260317;20260406
212;20220421;20220518
387;20250703;20250730
337;20171207;20180107
557;20200825;20200909
10;20190308;20190328
557;20211216;20220112
184;20180507;20180611
441;20160817;20160831
593;20130112;20130311
62;20180611;20180711
434;20150901;20151008
645;20220908;20221005
96;20200825;20200909
41;20190308;20190328
685;20201008;20201108
373;20160307;20160331
17;20181213;20190110
31;20130112;20130311
452;20130920;20131121
836;20180108;20180306
394;20160401;20160430
484;20210614;20210714
783;20220113;20220223
511;20210506;20210606
94;20150313;20150409
63;20180108;20180306
23;20180507;20180611
386;20200116;20200226
23;20190715;20190815
734;20190308;20190328
117;20140116;20140321
208;20150113;20150312
156;20250102;20250129
116;20210901;20210922
862;20160714;20160815
734;20250102;20250129
201;20260317;20260406
249;20160610;20160710
917;20160714;20160815
434;20220224;20220323
249;20151009;20151117
677;20230615;20230712
844;20151118;20160110
999;20260217;20260316
429;20251023;20251116
280;20160901;20160930
71;20241107;20241204
394;20130819;20130919
62;20251023;20251116
452;20210614;20210714
201;20220616;20220713
200;20211021;20211117
490;20171005;20171105
574;20230420;20230517
388;20181112;20181212
117;20140613;20140713
71;20231130;20240101
672;20180507;20180611
754;20251023;20251116
574;20181112;20181212
434;20220421;20220518
201;20260217;20260316
415;20140828;20141028
484;20130112;20130311
495;20250703;20250730
94;20240620;20240717
100;20190819;20190905
201;20110424;20110616
373;20170420;20170520
94;20171207;20180107
469;20140613;20140713
671;20160401;20160430
631;20221006;20221102
415;20180906;20181007
578;20120613;20120816
511;20190308;20190328
936;20180305;20180405
96;20120927;20121121
200;20211216;20220112
133;20190426;20190515
36;20241107;20241204
783;20211118;20211215
388;20200612;20200625
208;20110924;20111124
685;20170714;20170814
823;20190308;20190328
17;20160112;20160306
570;20170613;20170713
47;20200825;20200909
935;20170905;20171004
223;20140116;20140321
723;20220421;20220518
578;20150612;20150716
399;20180712;20180812
388;20171106;20171206
935;20210311;20210407
31;20210923;20211020
831;20231005;20231101
836;20200825;20200909
179;20240718;20240813
534;20190425;20190529
415;20190426;20190515
395;20191210;20200110
388;20180611;20180711
998;20241010;20241106
280;20260317;20260406
223;20130920;20131121
935;20240327;20240424
208;20231130;20240101
961;20220113;20220223
159;20160610;20160710
92;20250227;20250323
21;20180507;20180611
640;20150901;20151008
53;20250102;20250129
640;20160112;20160306
811;20190516;20190613
282;20250605;20250702
660;20170521;20170612
202;20230112;20230208
68;20220113;20220223
155;20220324;20220420
775;20211021;20211117
953;20190906;20191006
104;20150901;20151008
940;20210614;20210714
272;20190426;20190515
68;20210923;20211020
716;20190228;20190327
961;20201008;20201108
154;20201112;20201209
973;20240229;20240326
78;20200724;20200824
338;20161007;20161117
782;20170110;20170306
953;20221103;20221130
153;20220421;20220518
197;20190715;20190815
622;20191210;20200110
586;20191108;20191208
14;20240201;20240229
939;20210923;20211020
93;20180108;20180303
563;20130112;20130311
33;20210506;20210606
401;20160307;20160331
303;20220714;20220810
841;20180507;20180611
680;20260217;20260316
159;20170714;20170814
78;20191007;20191107
973;20110104;20110111
714;20230420;20230517
622;20160714;20160815
659;20180108;20180303
640;20200113;20200305
16;20120613;20120816
20;20160401;20160430
640;20150410;20150611
102;20230327;20230419
213;20210614;20210714
159;20240327;20240424
459;20160509;20160609
178;20200227;20200325
361;20200612;20200625
308;20230314;20230326
345;20190516;20190613
680;20251201;20251231
995;20180108;20180306
622;20180507;20180611
4;20150612;20150716
638;20190516;20190613
431;20130614;20130816
308;20221103;20221130
16;20160901;20160930
961;20210311;20210407
690;20190308;20190328
284;20180507;20180611
960;20181008;20181108
108;20200626;20200723
243;20240201;20240229
596;20200511;20200611
988;20220616;20220713
72;20190426;20190515
377;20140714;20140813
449;20141029;20141121
585;20120112;20120313
271;20190308;20190328
34;20151009;20151117
184;20171005;20171105
666;20240523;20240619
457;20210923;20211020
585;20211021;20211117
915;20220421;20220518
596;20250703;20250730
606;20190614;20190714
98;20160610;20160710
70;20190308;20190328
595;20111125;20120111
418;20180305;20180405
34;20150113;20150312
441;20120927;20121121
483;20240425;20240522
816;20160817;20160831
90;20130312;20130405
595;20200724;20200824
483;20140423;20140612
476;20200511;20200611
964;20210816;20210831
337;20180712;20180812
765;20220421;20220518
161;20210311;20210407
929;20110617;20110817
964;20120826;20120926
801;20171106;20171206
630;20130112;20130311
98;20181112;20181212
584;20170420;20170520
366;20110224;20110409
584;20210715;20210815
906;20140818;20140827
906;20130920;20131121
453;20231130;20240101
553;20200626;20200723
506;20220224;20220323
377;20170521;20170612
822;20150313;20150409
472;20220811;20220907
666;20120314;20120409
5;20110112;20110223
72;20170613;20170713
335;20170613;20170713
536;20180402;20180429
629;20160714;20160815
186;20130312;20130405
483;20140613;20140713
801;20151118;20160110
5;20191007;20191107
596;20250828;20250924
774;20201112;20201209
924;20210311;20210407
34;20190715;20190815
765;20170521;20170612
170;20150313;20150409
418;20150901;20151008
27;20140116;20140321
3;20180611;20180711
72;20231005;20231101
906;20240425;20240522
834;20150818;20150831
593;20160714;20160815
558;20240327;20240424
378;20151009;20151117
186;20220908;20221005
955;20191108;20191208
337;20250424;20250521
629;20180108;20180303
266;20140322;20140422
838;20210901;20210922
126;20191007;20191107
862;20200825;20200909
516;20201210;20210113
201;20231005;20231101
208;20250227;20250323
554;20240201;20240229
31;20150313;20150409
831;20220224;20220323
263;20151009;20151117
394;20250703;20250730
179;20141122;20150112
69;20170316;20170416
232;20181112;20181212
901;20200626;20200723
174;20180903;20181003
208;20160610;20160710
656;20190516;20190613
394;20150410;20150611
140;20160401;20160430
705;20250703;20250730
452;20110224;20110409
891;20210901;20210922
156;20230615;20230715
614;20191108;20191208
285;20220519;20220615
121;20230314;20230326
626;20250925;20251022
399;20110224;20110409
388;20210923;20211020
28;20150901;20151008
575;20210408;20210505
763;20251201;20251231
862;20110104;20110111
192;20130614;20130816
9;20181008;20181108
94;20240201;20240229
28;20200324;20200414
399;20220714;20220810
708;20191210;20200110
429;20231102;20231129
47;20260217;20260316
936;20190516;20190613
554;20231005;20231101
631;20210311;20210407
117;20211021;20211117
208;20190516;20190613
116;20220421;20220518
69;20150612;20150716
614;20190426;20190515
831;20211216;20220112
965;20220616;20220713
63;20140828;20141028
375;20121122;20130111
126;20150313;20150409
94;20210408;20210505
935;20241107;20241204
47;20180406;20180506
671;20160509;20160609
492;20190725;20190828
754;20221006;20221102
631;20160817;20160831
755;20140828;20141028
452;20150410;20150611
36;20190906;20191006
208;20210715;20210815
239;20211216;20220112
723;20180406;20180506
56;20240201;20240229
677;20240102;20240131
932;20190228;20190327
208;20210114;20210307
686;20170110;20170306
208;20190329;20190425
537;20220324;20220420
639;20150717;20150817
455;20190906;20191006
920;20250828;20250924
202;20220616;20220713
973;20250605;20250702
4;20210715;20210815
638;20141029;20141121
562;20160307;20160331
618;20170521;20170612
401;20180108;20180303
2;20250102;20250129
811;20151118;20160110
640;20191108;20191208
960;20170316;20170416
132;20110924;20111124
586;20230814;20230906
841;20160401;20160430
563;20121122;20130111
431;20161007;20161117
213;20190329;20190425
67;20190111;20190307
973;20130920;20131121
303;20140714;20140813
961;20220714;20220810
680;20111125;20120111
85;20210923;20211020
772;20150717;20150817
478;20220908;20221005
51;20190308;20190328
345;20250102;20250129
262;20220224;20220323
289;20171005;20171105
940;20191108;20191208
594;20250605;20250702
431;20210506;20210606
973;20190308;20190328
33;20110924;20111124
895;20200326;20200422
459;20240523;20240619
20;20200724;20200824
618;20220421;20220518
213;20160610;20160710
50;20200612;20200625
85;20190715;20190815
995;20240327;20240424
962;20251023;20251116
431;20120314;20120409
622;20121122;20130111
26;20160610;20160710
960;20161007;20161117
857;20191108;20191208
85;20210408;20210505
564;20171005;20171105
92;20140322;20140422
142;20211216;20220112
940;20200612;20200625
912;20200306;20200323
815;20220224;20220323
701;20130406;20130613
961;20181008;20181108
33;20241205;20250101
282;20210311;20210407
995;20240718;20240813
282;20260317;20260406
393;20220908;20221005
743;20211216;20220112
33;20220714;20220810
875;20190425;20190529
939;20201008;20201108
323;20191210;20200110
563;20211021;20211117
714;20180108;20180303
33;20180507;20180611
855;20170521;20170612
960;20190329;20190425
187;20200511;20200611
815;20121122;20130111
961;20210816;20210831
564;20200306;20200323
21;20160401;20160430
185;20220421;20220518
303;20240327;20240424
876;20210614;20210714
929;20111125;20120111
616;20211118;20211215
906;20140423;20140612
430;20181112;20181212
906;20171005;20171105
787;20120314;20120409
377;20200626;20200723
336;20170420;20170520
476;20160610;20160710
107;20120613;20120816
506;20191210;20200110
441;20240718;20240813
453;20140714;20140813
606;20180108;20180306
212;20160112;20160306
585;20200113;20200305
494;20171005;20171105
543;20160714;20160815
551;20180108;20180306
666;20230615;20230715
616;20170905;20171004
476;20190111;20190307
762;20230615;20230715
337;20190715;20190815
906;20170316;20170416
27;20170110;20170306
753;20250424;20250521
946;20210114;20210307
595;20220616;20220713
593;20150113;20150312
765;20171005;20171105
630;20210311;20210407
324;20210506;20210606
302;20180712;20180812
441;20210901;20210922
765;20210614;20210714
296;20181213;20190110
453;20191108;20191208
483;20110104;20110111
449;20220421;20220518
584;20160112;20160306
34;20220519;20220615
666;20240425;20240522
216;20161007;20161117
381;20151118;20160110
711;20240523;20240619
170;20140322;20140422
3;20180906;20181007
107;20210506;20210606
596;20190111;20190307
335;20190111;20190307
784;20141029;20141121
551;20191108;20191208
483;20171207;20180107
98;20171005;20171105
946;20180406;20180506
946;20210614;20210714
543;20190614;20190714
472;20180430;20180531
390;20200612;20200625
390;20170110;20170306
784;20140714;20140813
706;20220519;20220615
787;20120613;20120816
6;20150901;20151008
816;20240523;20240619
186;20210311;20210407
290;20210901;20210922
988;20171005;20171105
585;20150410;20150611
585;20180108;20180306
799;20180108;20180306
529;20201112;20201209
528;20200324;20200414
524;20240201;20240229
198;20191108;20191208
837;20211021;20211117
741;20161117;20170109
508;20200724;20200824
647;20181112;20181212
867;20141029;20141121
138;20130406;20130613
540;20210614;20210714
437;20180601;20180701
571;20181008;20181108
61;20200326;20200422
37;20181213;20190110
30;20220908;20221005
65;20141029;20141121
770;20220421;20220518
997;20160112;20160306
419;20210614;20210714
454;20190906;20191006
696;20190906;20191006
43;20140613;20140713
485;20180406;20180506
407;20170521;20170612
526;20180702;20180801
419;20170110;20170306
433;20141029;20141121
405;20220616;20220713
46;20110828;20110923
937;20240523;20240619
528;20150901;20151008
621;20260317;20260406
61;20190829;20190925
274;20190308;20190328
948;20151009;20151117
837;20241205;20250101
771;20250227;20250323
454;20171005;20171105
52;20210901;20210922
54;20200113;20200305
19;20170110;20170306
19;20110828;20110923
768;20250703;20250730
30;20200116;20200226
879;20250703;20250730
65;20140828;20141028
696;20220224;20220323
146;20211216;20220112
79;20221006;20221102
214;20161007;20161117
130;20160714;20160815
425;20170316;20170416
771;20260317;20260406
411;20200825;20200909
188;20240523;20240619
407;20220113;20220223
667;20190111;20190307
948;20190329;20190425
65;20180108;20180303
508;20141029;20141121
528;20171207;20180107
802;20210901;20210922
524;20200511;20200611
770;20181112;20181212
60;20191007;20191107
189;20210506;20210606
57;20150410;20150611
867;20240229;20240326
60;20180108;20180306
332;20191007;20191107
894;20170613;20170713
535;20190715;20190815
879;20230314;20230326
332;20170613;20170713
219;20190131;20190227
348;20210923;20211020
508;20211021;20211117
937;20160901;20160930
38;20201210;20210113
86;20190426;20190515
662;20171005;20171105
126;20231005;20231101
97;20190516;20190613
537;20190308;20190328
116;20181213;20190110
677;20211021;20211117
664;20190614;20190714
192;20130112;20130311
936;20150612;20150716
280;20251023;20251116
763;20240201;20240229
116;20221211;20230111
434;20171005;20171105
120;20170521;20170612
831;20200626;20200723
280;20201112;20201209
63;20130819;20130919
656;20130819;20130919
977;20221006;20221102
672;20140116;20140321
31;20241010;20241106
589;20180611;20180711
97;20170316;20170416
977;20241010;20241106
492;20190425;20190529
28;20190329;20190425
156;20161007;20161117
734;20250828;20250924
347;20120314;20120409
239;20170110;20170306
998;20221006;20221102
452;20140116;20140321
62;20120927;20121121
977;20230327;20230419
140;20200612;20200625
719;20210614;20210714
723;20250703;20250730
415;20180108;20180303
656;20210506;20210606
395;20130614;20130816
36;20180906;20181007
631;20120613;20120816
28;20161007;20161117
263;20201210;20210113
17;20141029;20141121
631;20190516;20190613
40;20241107;20241204
69;20200511;20200611
347;20230420;20230517
570;20210923;20211020
516;20240523;20240619
452;20190906;20191006
62;20210311;20210407
744;20141029;20141121
744;20190329;20190425
201;20200825;20200909
705;20251023;20251116
862;20121122;20130111
47;20180611;20180711
399;20160901;20160930
201;20120112;20120313
388;20210614;20210714
121;20151118;20160110
570;20150901;20151008
201;20190819;20190905
708;20220908;20221005
208;20240620;20240717
484;20210901;20210922
69;20121122;20130111
280;20171106;20171206
429;20140116;20140321
395;20200825;20200909
671;20120613;20120816
891;20151009;20151117
823;20220519;20220615
347;20171005;20171105
195;20251023;20251116
71;20120613;20120816
208;20171106;20171206
94;20160817;20160831
677;20170110;20170306
511;20210901;20210922
415;20190906;20191006
570;20190516;20190613
232;20160610;20160710
570;20190715;20190815
28;20170110;20170306
62;20180108;20180303
395;20150313;20150409
174;20211021;20211117
100;20211118;20211215
280;20151009;20151117
484;20250703;20250730
554;20120112;20120313
639;20170613;20170713
664;20220908;20221005
179;20250703;20250730
47;20150313;20150409
723;20210408;20210505
68;20181008;20181108
155;20170316;20170416
743;20171005;20171105
995;20181008;20181108
93;20260217;20260316
153;20210614;20210714
2;20160817;20160831
108;20230907;20231004
108;20130406;20130613
51;20210506;20210606
562;20160901;20160930
895;20210311;20210407
714;20191108;20191208
33;20170817;20170904
253;20161007;20161117
4;20240201;20240229
953;20161007;20161117
640;20230814;20230906
756;20110104;20110111
185;20260317;20260406
50;20220113;20220223
155;20180507;20180611
33;20260107;20260216
303;20181008;20181108
272;20220224;20220323
185;20211118;20211215
622;20141029;20141121
680;20260317;20260406
155;20190516;20190613
16;20230518;20230614
478;20200626;20200715
756;20130614;20130816
185;20170110;20170306
53;20140116;20140321
85;20190516;20190613
743;20190426;20190515
871;20180611;20180711
262;20211021;20211117
564;20220616;20220713
885;20221103;20221130
154;20230112;20230208
213;20231130;20240101
563;20190614;20190714
638;20210901;20210922
185;20210923;20211020
217;20190906;20191006
142;20190329;20190425
217;20170110;20170306
887;20200324;20200414
692;20180601;20180701
563;20191210;20200110
807;20140322;20140422
132;20220714;20220810
617;20150901;20151008
690;20210715;20210815
660;20170420;20170520
68;20200612;20200625
961;20221103;20221130
303;20250925;20251022
132;20180712;20180812
204;20190725;20190828
253;20140828;20141028
345;20160401;20160430
142;20160610;20160710
401;20240201;20240229
716;20240425;20240522
401;20140828;20141028
279;20240814;20240911
18;20180406;20180506
282;20120826;20120926
885;20250227;20250323
714;20190614;20190714
345;20190906;20191006
272;20240912;20241009
22;20210506;20210606
562;20150113;20150312
22;20160901;20160930
646;20240814;20240911
282;20110828;20110923
742;20180108;20180306
102;20150901;20151008
742;20151118;20160110
191;20130819;20130919
53;20190614;20190714
18;20200113;20200305
243;20260317;20260406
284;20190516;20190613
26;20250605;20250702
33;20170613;20170713
197;20210715;20210815
213;20191210;20200110
634;20211216;20220112
164;20151118;20160110
85;20210715;20210815
78;20210923;20211020
659;20171005;20171105
345;20110112;20110223
279;20251201;20251231
962;20220224;20220323
841;20190308;20190328
586;20240814;20240911
197;20220811;20220907
904;20190426;20190515
185;20120112;20120313
857;20230314;20230326
284;20111125;20120111
449;20190516;20190613
543;20150901;20151008
906;20150410;20150611
476;20241107;20241204
98;20230420;20230517
377;20180712;20180812
449;20180507;20180611
536;20221103;20221130
5;20220113;20220223
418;20181112;20181212
596;20240814;20240911
486;20200612;20200625
784;20160401;20160430
753;20240201;20240229
929;20120613;20120816
762;20170110;20170306
585;20190111;20190307
486;20221103;20221130
266;20140714;20140813
127;20200612;20200625
494;20160401;20160430
378;20160610;20160710
506;20181008;20181108
377;20230518;20230614
387;20170110;20170306
558;20180906;20181007
666;20140818;20140827
486;20160817;20160831
252;20250424;20250521
6;20180611;20180711
296;20180406;20180506
170;20240327;20240424
160;20221006;20221102
290;20170420;20170520
212;20210506;20210606
822;20230615;20230712
584;20171106;20171206
184;20211021;20211117
585;20220224;20220323
545;20250703;20250730
753;20190111;20190307
290;20230713;20230813
666;20230420;20230517
706;20191010;20191113
486;20191210;20200110
34;20171005;20171105
430;20180305;20180405
72;20200724;20200824
266;20110224;20110409
593;20130614;20130816
72;20140714;20140813
377;20131122;20140115
596;20200324;20200414
765;20160112;20160306
712;20231102;20231129
387;20241010;20241106
585;20120927;20121121
876;20170110;20170306
161;20251023;20251116
236;20230713;20230813
593;20220224;20220323
378;20220421;20220518
34;20240814;20240911
471;20110924;20111124
6;20221103;20221130
34;20190426;20190515
335;20210408;20210505
27;20231005;20231101
955;20220616;20220713
715;20120314;20120409
161;20210715;20210815
762;20201112;20201209
876;20171207;20180107
536;20250703;20250730
629;20200724;20200824
616;20180406;20180506
387;20210901;20210922
774;20241205;20250101
10;20250828;20250924
619;20210408;20210505
949;20190426;20190515
894;20211021;20211117
12;20200910;20201007
425;20171207;20180107
456;20121122;20130111
407;20190516;20190613
683;20230327;20230419
19;20221006;20221102
899;20220616;20220713
74;20121122;20130111
653;20230420;20230517
83;20170110;20170306
146;20180108;20180306
316;20210408;20210505
407;20240201;20240229
433;20200511;20200611
528;20211216;20220112
539;20250731;20250827
79;20140116;20140321
250;20211118;20211215
991;20150313;20150409
768;20180406;20180506
60;20220113;20220223
83;20220714;20220810
251;20241010;20241106
502;20181008;20181108
242;20120410;20120612
306;20210816;20210831
242;20130312;20130405
508;20171207;20180107
858;20191108;20191208
55;20221006;20221102
696;20200324;20200414
858;20190715;20190815
407;20181112;20181212
125;20190308;20190328
19;20130819;20130919
125;20181008;20181108
37;20221006;20221102
19;20110112;20110223
211;20220519;20220615
948;20241205;20250101
343;20241107;20241204
49;20170420;20170520
533;20190308;20190328
15;20170420;20170520
214;20140714;20140813
326;20200910;20201007
623;20200813;20200909
508;20260107;20260216
268;20260317;20260406
306;20200910;20201007
937;20221103;20221130
425;20180712;20180812
533;20170613;20170713
937;20190516;20190613
306;20200626;20200723
37;20190308;20190328
967;20110104;20110111
83;20200511;20200611
440;20140322;20140422
326;20231005;20231101
1;20160610;20160710
407;20161007;20161117
540;20190614;20190714
86;20230615;20230715
406;20180712;20180812
540;20230314;20230326
149;20160112;20160306
502;20181213;20190110
539;20231102;20231129
974;20181213;20190110
967;20171106;20171206
760;20180108;20180306
57;20161007;20161117
125;20190329;20190425
94;20210901;20210922
719;20230615;20230712
116;20240102;20240131
192;20240718;20240813
375;20160307;20160331
972;20171207;20180107
96;20180108;20180303
831;20190111;20190307
452;20210901;20210922
936;20140714;20140813
708;20171005;20171105
192;20140116;20140321
515;20211216;20220112
631;20141029;20141121
156;20180906;20181007
490;20140714;20140813
116;20210408;20210505
69;20120613;20120816
36;20250424;20250521
28;20220908;20221005
708;20221006;20221102
516;20190906;20191006
263;20160610;20160710
705;20210715;20210815
388;20200626;20200723
639;20110224;20110409
116;20230615;20230712
174;20200525;20200625
614;20230615;20230712
664;20230420;20230517
121;20190614;20190714
662;20201008;20201108
831;20191108;20191208
705;20250227;20250323
452;20171005;20171105
917;20210408;20210505
399;20120314;20120409
388;20241010;20241106
305;20150612;20150716
249;20190516;20190613
131;20151118;20160110
280;20200724;20200824
733;20200716;20200812
173;20200825;20200909
429;20170521;20170612
936;20220224;20220323
100;20210715;20210815
755;20191007;20191107
662;20180108;20180306
62;20210506;20210606
47;20220616;20220713
966;20110104;20110111
232;20150313;20150409
763;20150313;20150409
97;20210408;20210505
763;20201112;20201209
394;20190426;20190515
589;20171207;20180107
63;20180406;20180506
862;20130112;20130311
685;20161007;20161117
100;20160610;20160710
232;20231005;20231101
708;20150113;20150312
395;20220224;20220323
17;20230314;20230326
373;20200910;20201007
484;20160509;20160609
415;20180108;20180306
570;20231005;20231101
831;20180108;20180303
484;20170714;20170814
944;20210114;20210307
394;20200825;20200909
201;20220113;20220223
759;20180611;20180711
28;20200626;20200723
631;20160401;20160430
598;20180305;20180405
719;20191108;20191208
232;20140828;20141028
429;20221211;20230111
280;20231130;20240101
116;20180406;20180506
232;20170613;20170713
263;20110224;20110409
179;20220324;20220420
744;20150901;20151008
685;20210506;20210606
96;20130819;20130919
662;20250102;20250129
677;20221103;20221130
672;20210901;20210922
755;20110224;20110409
94;20250102;20250129
168;20200626;20200723
243;20190819;20190905
359;20190426;20190515
659;20180108;20180306
586;20240327;20240424
640;20160610;20160710
2;20210506;20210606
4;20150313;20150409
33;20160509;20160609
303;20201112;20201209
857;20210408;20210505
312;20220224;20220323
132;20110224;20110409
289;20260317;20260406
153;20180406;20180506
995;20150113;20150312
680;20210923;20211020
284;20161007;20161117
18;20231005;20231101
973;20130312;20130405
217;20260217;20260316
67;20211216;20220112
67;20181213;20190110
303;20231005;20231101
8;20150901;20151008
132;20170521;20170612
243;20171106;20171206
303;20231130;20240101
104;20170110;20170306
701;20230518;20230614
640;20250102;20250129
32;20210311;20210407
973;20220519;20220615
14;20240620;20240717
625;20210506;20210606
308;20211021;20211117
640;20210901;20210922
243;20170613;20170713
940;20180611;20180711
323;20250605;20250702
562;20210506;20210606
153;20170714;20170814
912;20211021;20211117
361;20191007;20191107
962;20140828;20141028
611;20251023;20251116
586;20190329;20190425
282;20170110;20170306
960;20160610;20160710
262;20190516;20190613
690;20190715;20190815
128;20180406;20180506
345;20230420;20230517
634;20161007;20161117
742;20250227;20250323
871;20220908;20221005
22;20161117;20170109
93;20210715;20210815
608;20200227;20200325
401;20230112;20230208
939;20160901;20160930
811;20180305;20180405
191;20181112;20181212
622;20220908;20221005
303;20220113;20220223
962;20221211;20230111
680;20190516;20190613
272;20181213;20190110
646;20250703;20250730
742;20250703;20250730
594;20180816;20180905
338;20160901;20160930
217;20240718;20240813
961;20180712;20180812
772;20110224;20110409
995;20170817;20170904
26;20230314;20230326
153;20220224;20220323
716;20220811;20220907
611;20211021;20211117
871;20180406;20180506
361;20180712;20180812
962;20151009;20151117
726;20230112;20230208
35;20220113;20220223
108;20120613;20120816
213;20151009;20151117
887;20201210;20210113
961;20231130;20240101
128;20240718;20240813
576;20170316;20170416
784;20210311;20210407
390;20191210;20200110
557;20190906;20191006
106;20160112;20160306
337;20151009;20151117
72;20160509;20160609
70;20200612;20200625
706;20210923;20211020
302;20190614;20190714
584;20230112;20230208
929;20220714;20220810
430;20140714;20140813
762;20220908;20221005
629;20110424;20110616
915;20201008;20201108
70;20160401;20160430
170;20200626;20200723
378;20160714;20160815
266;20211021;20211117
377;20240425;20240522
107;20211216;20220112
670;20190329;20190425
10;20171005;20171105
467;20210715;20210815
184;20170316;20170416
337;20220908;20221005
170;20151009;20151117
486;20140322;20140422
486;20130312;20130405
184;20110224;20110409
483;20130406;20130613
761;20220113;20220223
378;20201008;20201108
357;20170110;20170306
822;20150612;20150716
787;20180712;20180812
553;20231005;20231101
929;20200825;20200909
5;20120112;20120313
377;20170714;20170814
483;20180507;20180611
558;20190715;20190815
158;20191114;20191211
449;20110617;20110817
387;20221103;20221130
964;20121122;20130111
942;20121122;20130111
64;20190308;20190328
784;20190516;20190613
834;20190516;20190613
799;20180906;20181007
184;20221006;20221102
476;20201008;20201108
106;20181112;20181212
106;20250605;20250702
630;20160307;20160331
72;20240718;20240813
252;20250828;20250924
27;20161007;20161117
984;20110224;20110409
816;20130614;20130816
486;20180108;20180303
616;20110828;20110923
70;20191007;20191107
161;20260217;20260316
5;20210715;20210815
387;20220224;20220323
670;20110617;20110817
984;20120314;20120409
98;20220616;20220713
212;20231005;20231101
27;20240620;20240717
430;20200626;20200723
543;20220224;20220323
543;20200324;20200414
98;20201008;20201108
252;20161007;20161117
337;20140613;20140713
536;20230713;20230813
964;20200612;20200625
774;20260317;20260406
543;20171005;20171105
544;20200825;20200909
595;20201008;20201108
106;20241107;20241204
38;20220714;20220810
591;20180430;20180531
251;20170316;20170416
571;20220519;20220615
149;20231130;20240101
650;20240425;20240522
54;20160112;20160306
937;20130920;20131121
405;20251023;20251116
315;20110104;20110111
146;20170110;20170306
433;20140423;20140612
46;20110424;20110616
535;20200910;20201007
222;20181213;20190110
665;20190111;20190307
837;20160714;20160815
502;20221006;20221102
647;20240814;20240911
508;20190516;20190613
37;20220224;20220323
741;20140714;20140813
539;20240523;20240619
250;20160401;20160430
268;20210506;20210606
653;20210901;20210922
193;20230214;20230314
407;20240425;20240522
138;20240814;20240911
696;20141029;20141121
406;20150612;20150716
407;20250925;20251022
343;20230713;20230813
326;20240718;20240813
647;20221006;20221102
38;20150612;20150716
79;20210311;20210407
406;20110224;20110409
326;20190906;20191006
947;20231102;20231129
868;20230112;20230208
193;20250424;20250521
146;20230214;20230314
768;20211021;20211117
654;20170420;20170520
189;20110112;20110223
149;20110828;20110923
967;20180507;20180611
879;20241205;20250101
433;20120314;20120409
591;20221103;20221130
760;20150901;20151008
55;20171106;20171206
947;20250424;20250521
610;20211216;20220112
502;20160610;20160710
502;20201008;20201108
55;20170714;20170814
937;20180406;20180506
65;20190516;20190613
46;20181112;20181212
37;20150410;20150611
125;20140828;20141028
529;20210408;20210505
55;20191007;20191107
306;20241107;20241204
125;20170521;20170612
508;20160714;20160815
967;20160307;20160331
245;20200511;20200611
937;20240814;20240911
760;20170420;20170520
12;20211216;20220112
502;20200626;20200723
653;20231130;20240101
79;20250102;20250129
55;20150818;20150831
268;20111125;20120111
858;20180406;20180506
650;20260317;20260406
30;20201210;20210113
837;20221211;20230111
411;20221006;20221102
146;20220908;20221005
268;20120826;20120926
55;20130112;20130311
332;20210715;20210815
425;20110104;20110111
46;20190516;20190613
57;20180406;20180506
937;20250424;20250521
149;20210901;20210922
134;20211118;20211215
39;20220224;20220323
508;20220113;20220223
79;20160112;20160306
130;20250703;20250730
732;20240229;20240326
326;20140714;20140813
650;20210603;20210630
713;20110924;20111124
647;20171106;20171206
802;20141029;20141121
315;20170316;20170416
937;20220811;20220907
1;20130819;20130919
326;20210311;20210407
433;20150612;20150716
899;20201008;20201108
405;20250102;20250129
631;20170316;20170416
708;20140714;20140813
534;20220714;20220810
117;20240912;20241009
754;20210715;20210815
455;20140116;20140321
208;20190819;20190905
685;20210311;20210407
100;20111125;20120111
977;20250327;20250423
862;20160509;20160609
201;20191210;20200110
208;20190906;20191006
28;20170420;20170520
662;20230214;20230314
495;20180406;20180506
36;20180108;20180306
998;20180108;20180306
17;20150313;20150409
29;20220616;20220713
29;20140613;20140713
347;20210614;20210714
631;20160307;20160331
672;20220224;20220323
121;20211216;20220112
156;20230214;20230314
29;20260317;20260406
589;20230112;20230208
195;20200626;20200723
347;20190614;20190714
69;20160714;20160815
469;20190906;20191006
201;20110828;20110923
388;20220519;20220615
515;20211021;20211117
455;20230713;20230813
705;20240912;20241009
201;20150612;20150716
999;20251023;20251116
116;20240425;20240522
375;20231102;20231129
574;20150410;20150611
434;20230713;20230813
156;20210614;20210714
631;20180712;20180812
100;20210311;20210407
156;20200910;20201007
944;20231130;20240101
705;20240201;20240229
17;20250102;20250129
734;20201008;20201108
708;20170316;20170416
977;20211216;20220112
174;20200626;20200715
280;20250828;20250924
375;20140828;20141028
232;20110424;20110616
901;20181112;20181212
373;20220908;20221005
705;20190111;20190307
671;20210901;20210922
920;20180906;20181007
97;20180305;20180405
516;20180611;20180711
71;20240201;20240229
636;20200306;20200323
580;20160817;20160831
31;20160401;20160430
116;20220908;20221005
677;20181213;20190110
69;20220714;20220810
280;20211118;20211215
755;20210311;20210407
17;20250605;20250702
208;20181112;20181212
171;20121122;20130111
495;20210408;20210505
631;20191210;20200110
47;20231005;20231101
708;20170714;20170814
395;20160714;20160815
589;20230214;20230314
263;20160401;20160430
375;20160901;20160930
455;20210901;20210922
990;20130312;20130405
511;20200511;20200611
174;20190627;20190724
48;20110617;20110817
702;20110617;20110817
31;20181213;20190110
763;20220224;20220323
48;20181112;20181212
23;20210923;20211020
575;20191108;20191208
922;20260217;20260316
191;20160401;20160430
775;20211216;20220112
284;20201008;20201108
2;20180611;20180711
841;20211118;20211215
646;20230907;20231004
191;20170110;20170306
634;20170110;20170306
701;20120314;20120409
962;20180108;20180306
701;20160307;20160331
714;20220908;20221005
35;20180712;20180812
303;20260217;20260316
680;20250102;20250129
961;20140714;20140813
995;20180611;20180711
691;20171106;20171206
2;20160401;20160430
2;20170420;20170520
153;20201112;20201209
282;20181112;20181212
815;20140116;20140321
53;20180611;20180711
743;20190614;20190714
159;20190516;20190613
51;20210923;20211020
289;20150410;20150611
16;20110924;20111124
26;20201210;20210113
961;20240814;20240911
262;20210506;20210606
20;20190308;20190328
8;20180108;20180303
973;20260317;20260406
885;20180108;20180303
563;20150901;20151008
284;20211216;20220112
618;20211216;20220112
243;20140828;20141028
782;20230814;20230906
871;20190906;20191006
213;20150313;20150409
960;20171005;20171105
939;20190819;20190905
594;20231102;20231129
563;20120613;20120816
4;20230314;20230326
16;20171207;20180107
563;20160307;20160331
185;20180611;20180711
960;20121122;20130111
680;20141029;20141121
272;20250102;20250129
185;20180108;20180306
646;20230214;20230314
459;20250925;20251022
284;20190614;20190714
213;20250227;20250323
153;20190906;20191006
197;20220224;20220323
282;20220421;20220518
51;20180507;20180611
618;20170817;20170904
33;20231005;20231101
459;20220908;20221005
960;20151009;20151117
691;20170420;20170520
2;20210816;20210831
92;20181213;20190110
807;20180507;20180611
841;20181008;20181108
67;20171005;20171105
622;20140116;20140321
973;20231005;20231101
159;20201008;20201108
514;20201210;20210113
562;20110104;20110111
186;20231005;20231101
5;20180108;20180303
157;20211118;20211215
387;20130312;20130405
576;20171106;20171206
915;20211021;20211117
72;20191210;20200110
357;20180108;20180303
494;20190329;20190425
236;20160112;20160306
838;20180611;20180711
557;20180108;20180303
629;20230112;20230208
558;20200825;20200909
266;20210408;20210505
486;20150901;20151008
441;20181213;20190110
430;20170316;20170416
10;20260217;20260316
6;20200724;20200824
822;20151009;20151117
387;20241205;20250101
286;20200511;20200611
822;20201008;20201108
467;20171106;20171206
430;20220421;20220518
390;20151009;20151117
390;20160610;20160710
629;20210311;20210407
761;20190308;20190328
449;20120613;20120816
127;20200825;20200909
616;20200825;20200909
787;20141029;20141121
712;20240425;20240522
70;20201008;20201108
161;20201210;20210113
711;20180108;20180306
964;20191007;20191107
715;20210614;20210714
595;20180406;20180506
483;20240620;20240717
216;20250828;20250924
666;20200626;20200723
606;20151009;20151117
946;20180108;20180303
302;20220224;20220323
557;20191108;20191208
378;20200511;20200611
476;20200113;20200305
584;20111125;20120111
252;20181213;20190110
170;20180507;20180611
165;20151118;20160110
876;20220421;20220518
593;20160401;20160430
248;20200825;20200909
72;20190819;20190905
430;20211216;20220112
712;20211118;20211215
290;20231005;20231101
337;20250102;20250129
3;20170420;20170520
715;20140116;20140321
553;20190516;20190613
584;20150901;20151008
666;20230713;20230813
170;20211021;20211117
486;20121122;20130111
596;20171005;20171105
390;20110112;20110223
5;20140828;20141028
290;20190426;20190515
838;20250703;20250730
712;20240229;20240326
545;20260317;20260406
387;20250605;20250702
286;20180108;20180306
801;20140828;20141028
184;20220714;20220810
585;20221006;20221102
838;20241205;20250101
449;20210311;20210407
7;20121122;20130111
867;20110224;20110409
653;20240523;20240619
751;20200825;20200909
125;20171005;20171105
647;20250925;20251022
214;20211021;20211117
741;20211021;20211117
134;20170905;20171004
251;20220519;20220615
242;20241107;20241204
696;20180611;20180711
134;20180406;20180506
508;20140322;20140422
437;20240912;20241009
268;20260217;20260316
539;20211216;20220112
529;20150313;20150409
526;20221103;20221130
959;20110617;20110817
653;20210506;20210606
979;20180406;20180506
214;20140116;20140321
979;20230420;20230517
343;20210614;20210714
583;20250828;20250924
488;20160401;20160430
423;20210311;20210407
15;20201008;20201108
406;20151009;20151117
235;20180507;20180611
748;20200324;20200414
138;20180305;20180405
414;20220421;20220518
454;20200324;20200414
437;20200716;20200812
219;20220324;20220420
49;20150313;20150409
802;20151009;20151117
46;20140828;20141028
407;20250703;20250730
407;20210816;20210831
760;20120112;20120313
683;20201112;20201209
193;20201112;20201209
526;20220811;20220907
949;20170420;20170520
605;20151118;20160110
326;20250605;20250702
268;20220616;20220713
771;20151009;20151117
83;20140613;20140713
405;20200825;20200909
411;20200511;20200611
867;20140613;20140713
771;20230420;20230517
653;20180611;20180711
55;20160610;20160710
571;20210506;20210606
65;20160401;20160430
529;20260217;20260316
52;20200511;20200611
43;20160901;20160930
751;20170905;20171004
751;20171106;20171206
768;20221006;20221102
947;20210923;20211020
407;20171207;20180107
650;20201008;20201111
417;20181008;20181108
134;20210923;20211020
86;20240620;20240717
251;20200825;20200909
283;20240718;20240813
193;20190906;20191006
980;20130614;20130816
632;20190819;20190905
650;20181030;20181129
188;20181008;20181108
19;20251023;20251116
54;20240201;20240229
455;20241107;20241204
133;20191108;20191208
192;20230420;20230517
200;20260217;20260316
229;20140714;20140813
944;20250102;20250129
156;20180406;20180506
280;20121122;20130111
96;20201008;20201108
263;20160714;20160815
966;20211021;20211117
966;20141029;20141121
574;20190614;20190714
100;20180108;20180303
936;20201008;20201108
249;20210311;20210407
686;20200511;20200611
631;20150818;20150831
395;20200626;20200723
100;20201008;20201108
200;20160401;20160430
429;20180406;20180506
29;20121122;20130111
763;20210715;20210815
17;20210311;20210407
208;20180712;20180812
347;20180507;20180611
490;20160401;20160430
223;20130112;20130311
455;20220908;20221005
998;20150901;20151008
511;20180108;20180306
836;20160401;20160430
429;20181213;20190110
570;20220616;20220713
41;20161117;20170109
434;20240201;20240229
379;20190627;20190724
656;20150113;20150312
631;20110104;20110111
614;20220421;20220518
239;20210114;20210307
200;20180108;20180303
200;20230420;20230517
94;20240718;20240813
656;20170714;20170814
120;20180906;20181007
388;20170110;20170306
662;20190111;20190307
415;20170714;20170814
36;20170110;20170306
744;20140116;20140321
490;20250102;20250129
977;20200306;20200323
117;20170110;20170306
708;20111125;20120111
578;20210311;20210407
626;20240102;20240131
516;20181213;20190110
395;20210715;20210815
100;20170613;20170713
23;20161117;20170109
484;20200511;20200611
831;20241107;20241204
174;20190829;20190925
614;20220908;20221005
174;20220908;20221005
645;20260217;20260316
173;20200511;20200611
723;20170420;20170520
719;20180108;20180303
200;20141029;20141121
388;20251201;20251231
140;20190516;20190613
589;20220616;20220713
140;20240201;20240229
744;20191210;20200110
223;20180507;20180611
589;20200511;20200611
280;20250327;20250423
705;20210901;20210922
455;20171005;20171105
723;20180611;20180711
961;20150313;20150409
690;20210408;20210505
338;20130614;20130816
308;20200113;20200305
8;20220616;20220713
393;20201008;20201108
197;20180108;20180303
586;20240912;20241009
345;20120613;20120816
811;20120314;20120409
714;20251023;20251116
4;20190819;20190905
303;20190426;20190515
303;20160610;20160710
617;20230420;20230517
855;20151009;20151117
22;20201008;20201108
660;20210614;20210714
142;20180507;20180611
586;20160714;20160815
213;20111125;20120111
995;20180406;20180506
586;20170613;20170713
217;20180108;20180303
217;20250828;20250924
33;20151118;20160110
154;20220224;20220323
855;20240102;20240131
885;20211216;20220112
32;20191007;20191107
217;20190516;20190613
8;20171005;20171105
482;20220224;20220323
4;20231005;20231101
187;20200910;20201007
92;20171106;20171206
159;20230814;20230906
594;20140116;20140321
617;20140613;20140713
178;20230713;20230813
187;20220224;20220323
953;20240425;20240522
961;20160307;20160331
213;20160901;20160930
459;20191210;20200110
308;20170110;20170306
16;20200511;20200611
18;20250102;20250129
289;20240102;20240131
128;20200113;20200305
50;20180712;20180812
919;20220714;20220810
213;20160112;20160306
33;20110104;20110111
907;20191010;20191113
303;20111125;20120111
875;20200116;20200226
939;20210311;20210407
359;20240425;20240522
217;20120613;20120816
320;20210506;20210606
33;20221103;20221130
973;20240425;20240522
841;20210311;20210407
53;20150113;20150312
284;20150612;20150716
323;20180712;20180812
714;20260317;20260406
191;20110424;20110616
563;20210901;20210922
514;20220519;20220615
323;20230314;20230326
743;20230615;20230712
857;20211021;20211117
185;20130819;20130919
995;20260317;20260406
586;20250925;20251022
743;20260317;20260406
973;20141029;20141121
243;20170905;20171004
303;20130312;20130405
895;20200716;20200812
887;20180406;20180506
335;20160401;20160430
160;20251023;20251116
453;20151009;20151117
302;20200324;20200414
595;20221103;20221130
551;20231102;20231129
545;20170521;20170612
337;20190426;20190515
357;20191108;20191208
290;20201112;20201209
266;20180406;20180506
453;20210923;20211020
593;20210715;20210815
34;20160901;20160930
5;20110424;20110616
441;20221103;20221130
175;20200113;20200305
449;20150113;20150312
161;20201008;20201108
476;20181213;20190110
34;20250925;20251022
506;20221006;20221102
774;20151009;20151117
983;20260317;20260406
337;20150113;20150312
206;20190725;20190828
212;20220113;20220223
545;20211216;20220112
753;20230615;20230712
483;20130614;20130816
27;20190906;20191006
248;20201008;20201108
584;20110112;20110223
593;20161007;20161117
236;20200511;20200611
107;20200626;20200723
216;20190614;20190714
266;20171005;20171105
3;20150313;20150409
666;20140714;20140813
506;20111125;20120111
72;20220616;20220713
170;20170521;20170612
127;20180712;20180812
441;20220519;20220615
387;20240201;20240229
98;20211021;20211117
593;20130312;20130405
127;20220113;20220223
483;20161007;20161117
390;20250605;20250702
449;20221006;20221102
801;20120314;20120409
762;20250424;20250521
387;20181112;20181212
5;20120410;20120612
955;20240523;20240619
441;20161007;20161117
924;20190829;20190925
816;20190715;20190815
430;20150113;20150312
629;20130819;20130919
616;20220616;20220713
5;20160610;20160710
606;20250327;20250423
286;20210311;20210407
712;20191007;20191107
467;20181112;20181212
212;20200612;20200625
774;20170420;20170520
175;20170521;20170612
377;20150113;20150312
712;20251201;20251231
681;20220908;20221005
629;20190819;20190905
494;20210715;20210815
506;20220421;20220518
585;20200511;20200611
160;20191007;20191107
453;20160401;20160430
325;20180402;20180429
647;20210901;20210922
937;20180108;20180306
947;20190715;20190815
997;20210901;20210922
61;20240912;20241009
325;20220113;20220223
899;20180906;20181007
425;20190516;20190613
937;20200724;20200824
189;20200324;20200414
867;20160610;20160710
619;20220519;20220615
937;20221006;20221102
138;20230518;20230614
619;20200724;20200824
502;20150818;20150831
74;20130312;20130405
529;20190329;20190425
79;20210715;20210815
529;20250424;20250521
760;20230112;20230208
419;20260317;20260406
979;20190308;20190328
214;20251023;20251116
419;20220908;20221005
15;20111125;20120111
647;20160714;20160815
949;20240425;20240522
647;20240912;20241009
748;20140818;20140827
751;20250102;20250129
899;20210901;20210922
760;20180906;20181007
456;20130312;20130405
460;20190715;20190815
38;20111125;20120111
130;20140423;20140612
980;20130920;20131121
751;20170420;20170520
937;20150113;20150312
39;20140116;20140321
974;20161007;20161117
24;20230615;20230712
326;20250925;20251022
802;20180507;20180611
65;20110112;20110223
417;20210715;20210815
419;20200306;20200323
460;20200612;20200625
52;20170714;20170814
1;20180906;20181007
332;20181008;20181108
937;20190614;20190714
571;20250925;20251022
540;20200113;20200305
37;20240718;20240813
524;20231130;20240101
326;20140613;20140713
571;20200612;20200625
571;20201112;20201209
79;20160401;20160430
83;20150313;20150409
980;20140818;20140827
760;20160610;20160710
86;20200113;20200305
24;20110424;20110616
235;20180712;20180812
867;20241010;20241106
86;20230309;20230419
771;20210614;20210714
283;20240327;20240424
979;20181112;20181212
222;20210614;20210714
343;20150901;20151008
83;20210506;20210606
211;20201008;20201111
306;20190614;20190714
54;20241107;20241204
79;20220616;20220713
802;20140714;20140813
978;20250828;20250924
229;20181112;20181212
831;20250703;20250730
755;20150612;20150716
891;20190426;20190515
373;20190906;20191006
48;20190329;20190425
399;20180507;20180611
469;20141029;20141121
31;20170714;20170814
40;20250424;20250521
452;20250828;20250924
578;20151009;20151117
516;20200113;20200305
733;20250327;20250423
656;20221006;20221102
195;20211021;20211117
29;20190308;20190328
662;20210311;20210407
29;20130312;20130405
399;20181213;20190110
29;20140322;20140422
208;20130614;20130816
63;20141029;20141121
719;20171005;20171105
208;20240425;20240522
719;20161007;20161117
511;20190906;20191006
763;20251023;20251116
935;20220714;20220810
763;20190308;20190328
492;20201210;20210113
173;20210506;20210606
62;20221211;20230111
200;20190111;20190307
71;20150113;20150312
831;20221211;20230111
554;20161007;20161117
117;20250703;20250730
388;20240327;20240424
63;20180611;20180711
69;20130312;20130405
484;20110224;20110409
69;20160509;20160609
173;20180108;20180303
263;20180305;20180405
140;20210816;20210831
195;20201008;20201108
208;20160509;20160609
966;20171106;20171206
516;20180108;20180303
29;20250731;20250827
998;20220811;20220907
755;20210715;20210815
192;20180712;20180812
891;20221103;20221130
156;20220616;20220713
201;20180406;20180506
62;20171005;20171105
69;20160401;20160430
932;20191114;20191211
645;20220224;20220323
62;20231130;20240101
120;20161007;20161117
36;20190614;20190714
133;20190111;20190307
686;20221211;20230111
48;20140828;20141028
734;20141029;20141121
685;20150113;20150312
156;20220421;20220518
229;20180611;20180711
656;20110112;20110223
121;20180108;20180303
41;20200825;20200909
379;20200626;20200715
23;20180712;20180812
977;20210408;20210505
534;20200227;20200325
763;20140322;20140422
239;20191108;20191208
395;20221006;20221102
21;20190715;20190815
42;20220908;20221005
775;20230420;20230517
132;20170817;20170904
308;20140828;20141028
128;20200324;20200414
594;20200511;20200611
155;20210816;20210831
618;20220908;20221005
568;20191108;20191208
855;20190614;20190714
108;20190614;20190714
815;20160610;20160710
646;20121122;20130111
185;20170905;20171004
912;20140116;20140321
961;20250925;20251022
871;20240425;20240522
692;20200813;20200909
690;20201008;20201108
33;20211118;20211215
289;20250227;20250323
646;20190329;20190425
108;20110924;20111124
586;20231102;20231129
459;20200626;20200723
217;20221211;20230111
690;20180712;20180812
586;20200724;20200824
35;20170613;20170713
338;20220714;20220810
359;20180406;20180506
586;20210506;20210606
272;20210715;20210815
284;20210901;20210922
279;20210408;20210505
159;20180906;20181007
680;20130312;20130405
159;20190111;20190307
67;20210901;20210922
772;20211216;20220112
104;20170714;20170814
108;20140613;20140713
701;20140423;20140612
815;20210311;20210407
617;20120112;20120313
191;20150612;20150716
67;20160610;20160710
102;20180611;20180711
563;20191007;20191107
243;20230314;20230326
153;20250102;20250129
961;20190906;20191006
18;20230713;20230813
782;20190308;20190328
895;20220324;20220420
562;20191210;20200110
431;20220224;20220323
810;20210506;20210606
108;20161007;20161117
184;20200324;20200414
390;20210923;20211020
427;20160901;20160930
441;20260317;20260406
453;20201210;20210113
107;20240718;20240813
876;20230615;20230715
784;20181213;20190110
711;20240201;20240229
476;20160401;20160430
418;20210901;20210922
252;20240201;20240229
290;20241107;20241204
3;20191007;20191107
476;20250828;20250924
236;20190329;20190425
596;20180305;20180405
486;20170420;20170520
557;20220224;20220323
170;20240523;20240619
276;20130312;20130405
816;20150313;20150409
34;20141122;20150112
387;20180108;20180306
186;20251201;20251231
453;20171106;20171206
387;20181213;20190110
337;20220324;20220420
390;20190715;20190815
302;20220421;20220518
715;20151118;20160110
357;20190906;20191006
418;20140714;20140813
666;20230907;20231004
324;20170316;20170416
765;20180108;20180306
483;20170521;20170612
543;20120314;20120409
441;20141029;20141121
302;20201008;20201108
715;20200511;20200611
585;20251023;20251116
983;20210923;20211020
70;20220324;20220420
834;20181008;20181108
387;20211216;20220112
536;20180430;20180531
593;20170714;20170814
387;20240102;20240131
557;20190516;20190613
988;20170110;20170306
955;20190715;20190815
822;20160401;20160430
324;20210923;20211020
670;20220224;20220323
596;20210901;20210922
929;20201008;20201108
551;20220421;20220518
252;20231005;20231101
822;20210715;20210815
876;20220908;20221005
170;20160817;20160831
158;20200326;20200422
271;20170316;20170416
453;20220113;20220223
774;20181213;20190110
423;20181008;20181108
250;20210715;20210815
406;20140714;20140813
770;20190426;20190515
867;20251023;20251116
250;20161117;20170109
188;20240718;20240813
937;20240229;20240326
867;20170316;20170416
858;20160112;20160306
214;20221211;20230111
146;20241107;20241204
456;20150113;20150312
623;20190328;20190424
539;20210715;20210815
79;20210506;20210606
437;20200626;20200715
198;20161007;20161117
535;20170905;20171004
417;20160401;20160430
54;20250424;20250521
849;20201008;20201108
15;20200825;20200909
647;20240620;20240717
55;20181213;20190110
696;20190516;20190613
407;20240718;20240813
391;20151118;20160110
980;20190111;20190307
647;20241010;20241106
60;20110424;20110616
407;20240327;20240424
60;20121122;20130111
46;20180406;20180506
15;20160714;20160815
947;20200724;20200824
768;20191108;20191208
667;20160901;20160930
947;20180507;20180611
407;20200910;20201007
306;20220224;20220323
407;20190426;20190515
222;20170420;20170520
770;20180906;20181007
360;20230713;20230813
849;20180108;20180306
948;20200113;20200305
858;20190111;20190307
30;20260217;20260316
134;20140828;20141028
571;20240425;20240522
854;20250424;20250521
619;20190308;20190328
647;20110104;20110111
425;20181213;20190110
39;20160112;20160306
974;20180406;20180506
57;20110828;20110923
1;20250605;20250702
937;20241205;20250101
227;20130312;20130405
947;20240912;20241009
768;20190715;20190815
55;20200324;20200414
83;20200612;20200625
974;20140116;20140321
770;20230420;20230517
198;20221006;20221102
306;20200511;20200611
454;20171207;20180107
54;20231005;20231101
61;20220616;20220713
19;20200113;20200305
15;20171106;20171206
947;20220224;20220323
24;20200612;20200625
125;20121122;20130111
97;20200825;20200909
763;20181213;20190110
280;20240229;20240326
917;20240102;20240131
31;20141029;20141121
831;20170110;20170306
94;20260317;20260406
836;20240718;20240813
100;20250102;20250129
936;20200825;20200909
62;20210901;20210922
386;20211021;20211117
891;20160112;20160306
490;20150901;20151008
117;20241107;20241204
94;20191210;20200110
755;20151009;20151117
263;20150113;20150312
208;20241205;20250101
685;20200324;20200414
734;20160610;20160710
239;20200626;20200723
862;20151009;20151117
179;20160509;20160609
415;20160112;20160306
836;20141029;20141121
724;20150410;20150611
62;20120613;20120816
723;20211216;20220112
685;20200825;20200909
744;20180305;20180405
100;20170420;20170520
382;20131122;20140115
534;20220113;20220223
972;20160817;20160831
511;20200825;20200909
862;20171106;20171206
672;20210311;20210407
56;20200910;20201007
156;20220224;20220323
63;20251201;20251231
117;20250424;20250521
117;20200825;20200909
120;20231005;20231101
575;20211021;20211117
656;20120927;20121121
17;20160714;20160815
734;20160401;20160430
570;20160112;20160306
719;20160112;20160306
382;20140322;20140422
554;20210506;20210606
62;20170110;20170306
347;20200511;20200611
672;20221006;20221102
920;20240912;20241009
331;20240912;20241009
511;20170714;20170814
917;20180108;20180303
179;20150410;20150611
347;20160901;20160930
121;20181112;20181212
639;20141029;20141121
71;20140116;20140321
662;20120112;20120313
135;20210311;20210407
195;20200511;20200611
100;20220616;20220713
126;20200724;20200824
901;20150612;20150716
755;20140116;20140321
31;20240425;20240522
120;20200113;20200305
998;20190329;20190425
29;20210114;20210307
672;20160714;20160815
173;20230420;20230517
575;20160112;20160306
672;20141029;20141121
743;20210901;20210922
132;20140423;20140612
132;20180305;20180405
33;20180406;20180506
323;20250327;20250423
563;20130312;20130405
960;20191007;20191107
617;20200825;20200909
155;20211118;20211215
514;20191010;20191113
680;20201210;20210113
811;20160714;20160815
726;20141029;20141121
26;20170905;20171004
962;20200306;20200323
660;20180906;20181007
191;20200612;20200625
701;20150410;20150611
159;20250828;20250924
253;20171106;20171206
14;20140828;20141028
4;20110424;20110616
625;20211118;20211215
811;20200825;20200909
282;20231005;20231101
459;20250703;20250730
625;20220519;20220615
154;20180906;20181007
155;20190715;20190815
638;20120314;20120409
78;20241010;20241106
393;20221006;20221102
869;20141029;20141121
153;20210901;20210922
8;20161007;20161117
640;20220224;20220323
895;20200116;20200226
640;20250424;20250521
893;20191007;20191107
21;20210311;20210407
51;20160901;20160930
638;20150313;20150409
51;20190819;20190905
940;20180108;20180306
638;20211216;20220112
14;20220908;20221005
782;20210506;20210606
185;20191007;20191107
303;20190308;20190328
701;20210901;20210922
640;20220616;20220713
995;20230814;20230906
262;20170714;20170814
617;20200626;20200723
185;20230314;20230326
262;20140714;20140813
361;20161117;20170109
638;20110617;20110817
659;20160307;20160331
514;20190725;20190828
51;20220113;20220223
104;20190329;20190425
841;20220324;20220420
622;20150313;20150409
680;20180108;20180306
995;20110104;20110111
18;20200626;20200723
197;20221211;20230111
213;20240718;20240813
14;20210901;20210922
323;20230907;20231004
646;20200324;20200414
282;20200612;20200625
953;20260317;20260406
680;20170905;20171004
962;20191108;20191208
68;20190819;20190905
960;20181213;20190110
123;20170613;20170713
266;20250703;20250730
158;20190328;20190424
762;20210614;20210714
543;20220908;20221005
441;20190906;20191006
712;20191210;20200110
929;20171106;20171206
822;20140322;20140422
784;20160307;20160331
324;20210408;20210505
106;20190715;20190815
170;20220908;20221005
584;20220908;20221005
216;20220714;20220810
266;20220908;20221005
299;20250605;20250702
390;20200724;20200824
72;20221103;20221130
216;20170714;20170814
629;20111125;20120111
681;20230112;20230208
711;20180611;20180711
127;20200724;20200824
296;20140116;20140321
5;20150901;20151008
822;20210506;20210606
441;20190715;20190815
955;20240201;20240229
762;20170714;20170814
377;20141122;20150112
170;20201210;20210113
557;20220616;20220713
955;20180406;20180506
266;20211216;20220112
453;20240102;20240131
629;20160817;20160831
964;20210923;20211020
584;20220616;20220713
476;20230420;20230517
457;20210408;20210505
387;20200724;20200824
337;20221103;20221130
336;20140828;20141028
186;20150612;20150716
378;20210506;20210606
106;20201210;20210113
753;20181213;20190110
543;20210715;20210815
629;20160112;20160306
543;20150113;20150312
3;20210715;20210815
988;20191108;20191208
553;20191108;20191208
712;20161117;20170109
929;20200324;20200414
286;20240201;20240229
302;20201210;20210113
799;20190906;20191006
449;20191007;20191107
337;20250731;20250827
337;20120927;20121121
427;20170905;20171004
34;20170420;20170520
72;20150313;20150409
506;20150313;20150409
170;20250227;20250323
357;20180906;20181007
762;20190906;20191006
964;20250605;20250702
212;20191210;20200110
335;20200612;20200625
234;20190308;20190328
715;20181008;20181108
666;20160509;20160609
161;20210901;20210922
553;20200511;20200611
506;20180507;20180611
765;20161007;20161117
127;20170905;20171004
216;20151118;20160110
630;20151118;20160110
6;20170110;20170306
212;20230112;20230208
378;20150612;20150716
170;20181112;20181212
107;20140613;20140713
134;20140322;20140422
211;20190425;20190529
407;20250731;20250827
771;20231102;20231129
979;20241107;20241204
274;20200306;20200323
149;20181213;20190110
19;20201008;20201108
980;20131122;20140115
214;20230214;20230314
623;20190103;20190131
86;20220224;20220323
407;20220616;20220713
650;20250424;20250521
502;20130312;20130405
991;20110224;20110409
325;20190829;20190925
149;20221006;20221102
411;20190329;20190425
867;20211216;20220112
38;20150313;20150409
138;20190906;20191006
683;20230713;20230813
19;20180611;20180711
37;20240912;20241009
485;20231102;20231129
54;20140828;20141028
65;20201008;20201108
667;20110224;20110409
425;20220421;20220518
533;20190516;20190613
980;20190308;20190328
770;20210901;20210922
540;20170110;20170306
306;20250227;20250323
894;20130312;20130405
425;20220224;20220323
30;20201008;20201111
19;20230814;20230906
591;20181030;20181129
854;20210901;20210922
83;20260107;20260216
193;20140828;20141028
397;20180611;20180711
488;20181008;20181108
407;20201210;20210113
245;20150113;20150312
39;20210614;20210714
571;20240102;20240131
591;20260217;20260316
526;20210603;20210630
867;20210816;20210831
991;20120314;20120409
937;20260217;20260316
948;20200306;20200323
421;20130312;20130405
326;20220224;20220323
332;20241010;20241106
83;20110924;20111124
60;20110112;20110223
84;20160401;20160430
539;20180406;20180506
125;20250925;20251022
419;20180611;20180711
571;20141029;20141121
134;20150612;20150716
959;20190906;20191006
83;20190906;20191006
433;20191007;20191107
937;20171106;20171206
57;20221211;20230111
571;20140828;20141028
406;20220421;20220518
1;20170420;20170520
713;20130312;20130405
849;20230615;20230712
143;20190715;20190815
43;20170316;20170416
540;20161007;20161117
460;20161117;20170109
511;20191108;20191208
133;20161007;20161117
972;20200324;20200414
662;20120927;20121121
200;20240718;20240813
455;20170817;20170904
382;20151009;20151117
71;20180611;20180711
47;20150612;20150716
724;20190308;20190328
686;20250102;20250129
836;20220224;20220323
823;20251201;20251231
223;20140423;20140612
662;20190715;20190815
140;20121122;20130111
386;20180903;20181003
685;20171005;20171105
516;20220421;20220518
394;20221006;20221102
263;20190329;20190425
537;20220519;20220615
62;20230814;20230906
862;20211021;20211117
744;20210901;20210922
415;20220908;20221005
62;20260217;20260316
96;20210506;20210606
511;20220421;20220518
121;20210408;20210505
978;20171106;20171206
388;20200724;20200824
156;20240201;20240229
375;20120112;20120313
208;20210816;20210831
394;20210715;20210815
395;20191007;20191107
516;20201008;20201108
755;20110617;20110817
388;20130312;20130405
29;20170110;20170306
685;20120613;20120816
36;20170714;20170814
62;20250227;20250323
922;20210715;20210815
379;20240814;20240911
179;20240620;20240717
511;20190111;20190307
998;20170316;20170416
415;20250102;20250129
734;20200626;20200723
495;20180906;20181007
200;20160714;20160815
744;20171106;20171206
63;20120410;20120612
280;20220714;20220810
135;20180305;20180405
656;20150901;20151008
734;20110112;20110223
702;20210715;20210815
280;20191108;20191208
121;20210901;20210922
94;20201210;20210113
117;20190111;20190307
373;20180108;20180306
639;20160610;20160710
656;20181112;20181212
208;20200612;20200625
836;20220421;20220518
570;20250605;20250702
173;20170714;20170814
47;20180906;20181007
469;20220224;20220323
468;20130312;20130405
719;20181213;20190110
94;20200626;20200723
763;20151009;20151117
17;20211118;20211215
17;20210715;20210815
490;20190715;20190815
831;20230214;20230314
280;20190426;20190515
662;20181213;20190110
578;20130112;20130311
373;20191108;20191208
239;20231005;20231101
862;20220908;20221005
239;20240201;20240229
723;20190426;20190515
656;20250703;20250730
239;20220616;20220713
31;20161007;20161117
763;20170714;20170814
17;20191007;20191107
29;20260217;20260316
484;20161007;20161117
223;20130614;20130816
263;20111125;20120111
117;20231130;20240101
972;20140828;20141028
200;20181112;20181212
511;20241107;20241204
94;20170420;20170520
48;20220908;20221005
232;20160817;20160831
586;20170714;20170814
154;20190426;20190515
20;20220714;20220810
617;20211216;20220112
185;20160817;20160831
995;20130112;20130311
594;20120112;20120313
995;20220908;20221005
887;20190426;20190515
772;20180305;20180405
284;20170316;20170416
243;20191210;20200110
640;20160714;20160815
640;20240523;20240619
153;20200626;20200723
308;20260317;20260406
995;20191210;20200110
961;20250605;20250702
431;20201008;20201108
338;20230615;20230715
132;20171207;20180107
93;20240718;20240813
563;20140116;20140321
282;20140322;20140422
690;20211118;20211215
562;20210901;20210922
18;20200910;20201007
811;20181112;20181212
810;20210901;20210922
262;20151009;20151117
562;20180712;20180812
586;20151009;20151117
282;20251201;20251231
815;20151118;20160110
912;20190329;20190425
756;20150313;20150409
611;20220421;20220518
128;20201008;20201108
197;20230214;20230314
960;20160401;20160430
108;20170714;20170814
716;20180903;20181003
253;20181008;20181108
431;20110224;20110409
961;20160714;20160815
312;20260317;20260406
153;20180108;20180303
191;20211118;20211215
243;20190715;20190815
51;20200612;20200625
611;20210311;20210407
714;20181213;20190110
961;20140613;20140713
92;20170905;20171004
885;20171005;20171105
102;20230112;20230208
775;20210715;20210815
646;20240201;20240229
594;20111125;20120111
67;20250424;20250521
185;20110424;20110616
622;20180712;20180812
33;20220908;20221005
18;20140828;20141028
128;20211216;20220112
289;20230420;20230517
26;20260317;20260406
185;20160714;20160815
564;20220224;20220323
564;20190329;20190425
289;20231102;20231129
885;20200113;20200305
68;20220324;20220420
714;20190426;20190515
640;20151009;20151117
262;20181112;20181212
108;20140818;20140827
742;20240425;20240522
154;20170420;20170520
10;20120927;20121121
506;20170714;20170814
336;20120314;20120409
483;20120613;20120816
596;20110924;20111124
545;20240102;20240131
715;20180507;20180611
494;20150113;20150312
252;20241107;20241204
551;20170521;20170612
170;20160112;20160306
34;20220616;20220713
124;20151118;20160110
336;20190516;20190613
3;20130312;20130405
551;20220908;20221005
170;20220113;20220223
377;20240814;20240911
964;20160112;20160306
838;20251023;20251116
286;20190308;20190328
822;20130819;20130919
418;20110617;20110817
70;20220714;20220810
453;20190426;20190515
774;20220616;20220713
553;20181112;20181212
822;20171106;20171206
715;20190614;20190714
236;20180406;20180506
712;20230112;20230208
378;20211021;20211117
34;20210715;20210815
286;20150410;20150611
10;20220616;20220713
629;20241107;20241204
670;20211216;20220112
216;20140714;20140813
915;20210506;20210606
72;20210614;20210714
457;20180507;20180611
72;20180507;20180611
761;20160401;20160430
271;20220324;20220420
472;20181030;20181129
964;20190819;20190905
545;20210408;20210505
476;20230615;20230712
286;20231005;20231101
453;20200511;20200611
184;20141029;20141121
929;20130112;20130311
10;20141029;20141121
787;20130112;20130311
106;20130819;20130919
593;20150612;20150716
929;20120314;20120409
711;20200825;20200909
799;20230420;20230517
72;20170420;20170520
666;20170521;20170612
834;20140116;20140321
787;20150818;20150831
3;20210506;20210606
418;20220224;20220323
337;20201008;20201108
666;20110924;20111124
816;20210816;20210831
10;20190906;20191006
37;20250227;20250323
948;20170110;20170306
268;20181112;20181212
748;20160901;20160930
485;20220908;20221005
854;20210114;20210307
533;20190715;20190815
15;20180906;20181007
760;20250227;20250323
315;20211021;20211117
55;20220714;20220810
539;20260217;20260316
39;20230309;20230419
79;20151009;20151117
867;20161007;20161117
959;20110924;20111124
854;20140116;20140321
571;20201210;20210113
149;20230814;20230906
149;20150901;20151008
52;20220421;20220518
52;20171207;20180107
125;20190715;20190815
619;20210923;20211020
79;20240718;20240813
57;20140423;20140612
306;20190715;20190815
502;20161007;20161117
485;20151009;20151117
552;20210506;20210606
149;20200825;20200909
46;20250102;20250129
37;20140714;20140813
863;20210614;20210714
650;20221103;20221130
283;20200113;20200305
49;20181213;20190110
306;20240425;20240522
867;20260217;20260316
899;20190715;20190815
979;20191108;20191208
653;20210715;20210815
326;20110224;20110409
849;20250703;20250730
1;20120112;20120313
508;20190426;20190515
937;20250102;20250129
407;20160714;20160815
138;20150717;20150817
326;20111125;20120111
130;20220224;20220323
448;20200716;20200812
24;20181112;20181212
610;20220908;20221005
741;20110828;20110923
870;20260317;20260406
406;20190516;20190613
894;20180712;20180812
84;20190111;20190307
130;20200324;20200414
103;20191114;20191211
268;20110424;20110616
86;20180406;20180506
894;20130614;20130816
407;20111125;20120111
30;20210211;20210310
37;20241107;20241204
125;20250327;20250423
360;20191010;20191113
306;20140714;20140813
997;20230615;20230712
947;20201210;20210113
24;20150901;20151008
130;20190426;20190515
343;20230615;20230715
986;20110224;20110409
524;20161007;20161117
937;20191007;20191107
980;20180507;20180611
125;20190614;20190714
407;20241107;20241204
748;20210614;20210714
967;20190516;20190613
460;20190516;20190613
867;20141122;20150112
894;20160401;20160430
15;20140322;20140422
849;20240327;20240424
667;20110924;20111124
502;20220908;20221005
138;20190308;20190328
347;20190906;20191006
41;20190516;20190613
944;20200306;20200323
223;20160307;20160331
239;20140116;20140321
554;20160401;20160430
763;20211216;20220112
29;20250925;20251022
944;20231102;20231129
413;20210114;20210307
578;20160307;20160331
394;20181112;20181212
763;20110924;20111124
631;20211216;20220112
126;20180611;20180711
515;20170420;20170520
554;20190308;20190328
977;20231005;20231101
999;20200626;20200723
664;20211021;20211117
117;20230814;20230906
917;20151009;20151117
116;20180611;20180711
511;20221211;20230111
56;20171005;20171105
62;20220421;20220518
484;20180712;20180812
223;20230615;20230715
280;20210901;20210922
116;20170420;20170520
331;20240327;20240424
744;20210715;20210815
97;20200724;20200824
554;20211021;20211117
379;20180903;20181003
17;20181112;20181212
208;20231102;20231129
575;20200113;20200305
347;20140116;20140321
133;20190308;20190328
156;20170521;20170612
972;20221006;20221102
179;20151118;20160110
744;20121122;20130111
966;20160714;20160815
744;20211021;20211117
156;20140116;20140321
305;20211021;20211117
31;20240229;20240326
375;20240425;20240522
47;20210923;20211020
56;20200324;20200414
891;20180906;20181007
56;20160307;20160331
117;20210715;20210815
662;20190516;20190613
469;20190426;20190515
685;20111125;20120111
935;20191007;20191107
570;20170110;20170306
399;20151118;20160110
990;20110924;20111124
469;20140714;20140813
836;20130819;20130919
239;20150901;20151008
977;20191108;20191208
574;20190329;20190425
173;20161007;20161117
29;20201008;20201108
685;20200511;20200611
935;20211118;20211215
656;20191108;20191208
133;20250424;20250521
686;20251023;20251116
121;20180406;20180506
388;20201008;20201108
516;20190308;20190328
469;20160714;20160815
208;20170316;20170416
554;20160112;20160306
126;20160112;20160306
755;20171106;20171206
431;20141029;20141121
459;20221006;20221102
279;20180702;20180801
33;20220324;20220420
960;20120314;20120409
482;20260217;20260316
772;20211021;20211117
887;20170714;20170814
253;20180305;20180405
756;20121122;20130111
50;20190111;20190307
961;20200910;20201007
564;20250227;20250323
660;20160714;20160815
995;20170110;20170306
714;20211021;20211117
459;20240229;20240326
320;20211118;20211215
217;20180611;20180711
345;20140423;20140612
33;20240523;20240619
756;20210506;20210606
132;20200626;20200723
142;20210311;20210407
213;20220519;20220615
563;20220224;20220323
4;20170420;20170520
625;20220113;20220223
92;20130819;20130919
782;20240718;20240813
857;20180906;20181007
33;20201210;20210113
33;20201008;20201108
885;20181112;20181212
33;20130312;20130405
154;20170714;20170814
459;20190715;20190815
104;20241107;20241204
973;20240814;20240911
895;20210729;20210825
961;20190614;20190714
359;20240102;20240131
775;20180906;20181007
459;20241205;20250101
93;20211021;20211117
108;20210901;20210922
197;20110112;20110223
586;20150313;20150409
197;20241107;20241204
320;20180305;20180405
803;20180601;20180701
243;20170110;20170306
403;20210506;20210606
782;20211021;20211117
154;20150901;20151008
401;20171207;20180107
284;20140116;20140321
323;20201112;20201209
659;20241107;20241204
742;20160112;20160306
960;20210311;20210407
68;20211118;20211215
312;20181112;20181212
680;20181213;20190110
33;20110224;20110409
282;20230615;20230712
401;20190614;20190714
132;20160901;20160930
67;20190715;20190815
855;20211216;20220112
906;20220714;20220810
506;20150901;20151008
387;20200626;20200723
630;20140714;20140813
929;20211216;20220112
72;20130112;20130311
170;20240912;20241009
453;20121122;20130111
472;20190103;20190131
72;20121122;20130111
453;20201112;20201209
64;20210816;20210831
160;20200825;20200909
536;20190627;20190724
236;20140828;20141028
834;20190329;20190425
472;20191114;20191211
762;20160112;20160306
377;20140423;20140612
175;20200511;20200611
801;20170316;20170416
337;20121122;20130111
681;20180108;20180306
3;20260317;20260406
106;20220421;20220518
286;20150113;20150312
711;20240718;20240813
387;20200511;20200611
453;20151118;20160110
390;20180611;20180711
158;20200716;20200812
551;20180611;20180711
34;20240201;20240229
357;20181213;20190110
593;20120613;20120816
72;20141029;20141121
666;20210901;20210922
107;20240523;20240619
784;20170714;20170814
337;20181213;20190110
551;20240425;20240522
616;20160112;20160306
630;20201210;20210113
106;20191210;20200110
34;20151118;20160110
160;20220714;20220810
186;20190715;20190815
449;20130112;20130311
296;20220421;20220518
593;20200324;20200414
801;20220908;20221005
476;20150901;20151008
545;20180406;20180506
123;20210923;20211020
606;20170613;20170713
377;20240718;20240813
585;20240201;20240229
64;20220324;20220420
266;20250731;20250827
494;20161007;20161117
296;20180906;20181007
387;20251023;20251116
816;20130312;20130405
290;20161007;20161117
387;20241107;20241204
762;20220421;20220518
5;20190516;20190613
158;20201210;20210113
715;20190906;20191006
711;20230420;20230517
876;20170521;20170612
266;20220811;20220907
670;20130312;20130405
838;20151118;20160110
290;20170110;20170306
146;20190614;20190714
24;20220616;20220713
502;20160307;20160331
528;20201112;20201209
60;20181112;20181212
770;20190329;20190425
326;20220324;20220420
485;20190906;20191006
24;20160610;20160710
867;20220519;20220615
423;20210506;20210606
863;20170613;20170713
52;20230713;20230813
454;20230615;20230715
456;20260217;20260316
539;20250605;20250702
581;20141029;20141121
667;20240814;20240911
130;20221006;20221102
37;20220421;20220518
103;20220616;20220713
867;20260317;20260406
667;20141122;20150112
250;20200724;20200824
488;20171106;20171206
146;20230615;20230715
533;20170905;20171004
539;20260107;20260216
454;20151118;20160110
188;20160112;20160306
539;20191108;20191208
849;20200626;20200723
539;20170613;20170713
980;20150410;20150611
407;20231005;20231101
65;20181112;20181212
425;20160307;20160331
198;20190906;20191006
411;20110104;20110111
407;20200511;20200611
433;20150901;20151008
125;20181213;20190110
849;20240912;20241009
867;20130312;20130405
770;20241205;20250101
502;20160401;20160430
149;20160714;20160815
485;20211216;20220112
343;20200511;20200611
407;20160112;20160306
193;20220224;20220323
508;20241205;20250101
19;20190308;20190328
37;20120112;20120313
411;20260217;20260316
57;20140613;20140713
979;20180906;20181007
524;20221006;20221102
948;20230615;20230712
12;20200116;20200226
313;20141029;20141121
488;20140322;20140422
947;20190426;20190515
146;20231005;20231101
768;20180906;20181007
149;20200511;20200611
332;20200825;20200909
306;20140322;20140422
959;20110104;20110111
138;20230907;20231004
49;20220113;20220223
751;20110112;20110223
980;20181008;20181108
46;20160401;20160430
802;20150612;20150716
947;20170110;20170306
193;20180611;20180711
103;20211021;20211117
46;20180611;20180711
667;20140116;20140321
39;20170714;20170814
83;20160307;20160331
937;20250227;20250323
1;20181112;20181212
539;20210408;20210505
60;20150612;20150716
146;20210114;20210307
528;20140116;20140321
867;20170521;20170612
948;20160714;20160815
39;20240620;20240717
516;20250703;20250730
901;20201008;20201108
395;20160509;20160609
744;20140714;20140813
565;20170420;20170520
379;20221103;20221130
249;20170110;20170306
589;20230309;20230419
31;20240523;20240619
598;20210311;20210407
656;20110828;20110923
901;20211216;20220112
589;20160307;20160331
490;20210311;20210407
347;20171207;20180107
192;20240425;20240522
686;20190111;20190307
724;20140818;20140827
201;20220908;20221005
280;20160509;20160609
17;20120112;20120313
677;20180611;20180711
534;20191010;20191113
280;20190308;20190328
179;20150113;20150312
662;20130819;20130919
755;20190329;20190425
208;20260217;20260316
534;20201008;20201111
9;20170316;20170416
133;20230214;20230314
280;20170316;20170416
452;20170817;20170904
575;20180108;20180303
280;20190819;20190905
347;20110224;20110409
140;20130819;20130919
685;20190516;20190613
41;20160901;20160930
490;20160112;20160306
469;20240327;20240424
708;20160509;20160609
347;20190308;20190328
399;20200626;20200723
626;20231102;20231129
719;20210408;20210505
201;20160610;20160710
484;20230713;20230813
71;20110828;20110923
232;20120410;20120612
17;20180406;20180506
516;20220811;20220907
399;20200511;20200611
516;20160610;20160710
998;20190614;20190714
589;20200626;20200723
664;20140828;20141028
192;20220519;20220615
901;20170714;20170814
133;20250227;20250323
631;20220908;20221005
570;20141029;20141121
100;20140828;20141028
388;20190516;20190613
901;20190516;20190613
901;20191210;20200110
305;20110104;20110111
484;20170817;20170904
249;20220616;20220713
672;20130312;20130405
133;20170714;20170814
29;20160714;20160815
936;20141029;20141121
434;20210614;20210714
891;20181112;20181212
836;20110112;20110223
100;20140322;20140422
999;20200511;20200611
677;20200113;20200305
200;20250102;20250129
922;20200511;20200611
901;20180507;20180611
492;20210701;20210728
636;20150717;20150817
62;20230615;20230712
901;20191007;20191107
31;20240201;20240229
179;20180305;20180405
972;20110224;20110409
40;20191108;20191208
972;20160401;20160430
386;20181130;20181231
41;20200724;20200824
249;20201008;20201108
29;20200626;20200723
811;20190329;20190425
714;20250227;20250323
92;20200825;20200909
622;20211216;20220112
939;20220519;20220615
459;20190308;20190328
26;20181112;20181212
961;20180611;20180711
284;20201210;20210113
459;20210901;20210922
323;20241010;20241106
568;20251023;20251116
253;20260217;20260316
253;20140116;20140321
213;20160307;20160331
782;20231005;20231101
243;20220616;20220713
586;20171207;20180107
102;20241107;20241204
617;20230814;20230906
153;20230327;20230419
68;20220519;20220615
108;20250703;20250730
197;20120112;20120313
973;20171005;20171105
810;20221006;20221102
875;20190103;20190131
243;20160817;20160831
303;20151118;20160110
14;20190906;20191006
42;20250424;20250521
617;20210901;20210922
2;20201008;20201108
393;20191007;20191107
617;20210311;20210407
660;20230420;20230517
128;20251023;20251116
811;20181213;20190110
279;20250703;20250730
345;20180108;20180303
159;20220616;20220713
973;20250327;20250423
104;20230327;20230419
887;20250102;20250129
338;20240718;20240813
303;20220324;20220420
690;20180305;20180405
586;20190614;20190714
154;20200113;20200305
478;20200116;20200226
197;20150113;20150312
622;20220224;20220323
92;20160714;20160815
14;20170521;20170612
586;20190906;20191006
617;20241107;20241204
973;20170817;20170904
132;20170714;20170814
282;20231130;20240101
431;20181213;20190110
187;20171207;20180107
18;20170714;20170814
191;20250605;20250702
611;20200324;20200414
33;20220113;20220223
53;20210901;20210922
875;20210701;20210728
153;20230615;20230715
20;20241010;20241106
27;20180906;20181007
123;20160901;20160930
337;20240620;20240717
252;20160714;20160815
387;20220616;20220713
184;20211216;20220112
596;20140423;20140612
834;20211216;20220112
387;20250102;20250129
585;20240912;20241009
160;20191210;20200110
595;20200825;20200909
324;20201008;20201108
123;20170316;20170416
595;20141029;20141121
467;20150113;20150312
551;20160714;20160815
266;20180507;20180611
252;20230214;20230314
170;20240102;20240131
266;20190906;20191006
629;20120112;20120313
3;20250227;20250323
98;20211216;20220112
822;20211118;20211215
441;20181008;20181108
670;20200324;20200414
212;20230314;20230326
988;20220811;20220907
595;20190819;20190905
585;20260217;20260316
774;20140116;20140321
544;20200612;20200625
427;20180305;20180405
266;20160112;20160306
553;20240327;20240424
596;20210614;20210714
494;20160714;20160815
34;20181112;20181212
357;20190329;20190425
324;20241010;20241106
10;20221211;20230111
124;20130312;20130405
630;20221006;20221102
337;20241205;20250101
838;20190426;20190515
123;20211118;20211215
784;20180712;20180812
157;20190725;20190828
5;20160112;20160306
712;20250605;20250702
784;20210506;20210606
302;20140828;20141028
378;20201210;20210113
543;20121122;20130111
170;20170110;20170306
3;20220421;20220518
457;20180712;20180812
72;20250102;20250129
596;20160509;20160609
427;20220714;20220810
266;20180712;20180812
206;20190103;20190131
802;20140116;20140321
189;20220421;20220518
54;20150901;20151008
406;20200825;20200909
52;20200626;20200723
211;20191010;20191113
947;20201008;20201108
242;20150612;20150716
456;20221006;20221102
947;20140828;20141028
650;20200116;20200226
967;20211216;20220112
86;20170817;20170904
959;20160509;20160609
488;20160817;20160831
198;20260217;20260316
508;20201112;20201209
437;20211216;20220112
55;20220421;20220518
55;20121122;20130111
52;20140828;20141028
748;20130112;20130311
894;20211216;20220112
433;20160307;20160331
1;20121122;20130111
997;20150410;20150611
1;20230615;20230712
485;20171005;20171105
405;20181213;20190110
997;20220224;20220323
343;20240620;20240717
539;20160610;20160710
417;20161117;20170109
770;20230615;20230712
79;20240523;20240619
326;20170420;20170520
502;20211021;20211117
136;20121122;20130111
125;20170420;20170520
138;20240620;20240717
485;20160112;20160306
529;20241107;20241204
46;20201210;20210113
485;20241205;20250101
419;20190329;20190425
65;20110424;20110616
235;20210311;20210407
508;20130312;20130405
1;20240201;20240229
437;20200116;20200226
411;20150313;20150409
849;20211021;20211117
24;20251201;20251231
647;20190516;20190613
997;20140828;20141028
251;20180712;20180812
407;20220421;20220518
189;20200511;20200611
837;20220908;20221005
24;20240201;20240229
251;20220714;20220810
306;20180507;20180611
134;20201008;20201108
683;20170420;20170520
937;20190329;20190425
488;20131122;20140115
456;20211216;20220112
405;20250828;20250924
86;20230112;20230208
529;20140322;20140422
894;20110224;20110409
19;20221211;20230111
306;20160307;20160331
751;20110828;20110923
198;20221211;20230111
130;20170110;20170306
86;20230327;20230419
485;20140116;20140321
425;20130312;20130405
529;20110924;20111124
967;20170714;20170814
947;20200626;20200723
751;20230615;20230712
502;20120613;20120816
647;20190819;20190905
425;20210311;20210407
485;20170110;20170306
552;20190715;20190815
407;20220324;20220420
508;20150113;20150312
437;20220908;20221005
292;20200306;20200323
38;20180507;20180611
748;20140423;20140612
235;20170905;20171004
222;20260317;20260406
69;20220908;20221005
56;20170714;20170814
490;20220421;20220518
394;20150113;20150312
901;20220224;20220323
554;20140423;20140612
554;20171005;20171105
664;20250703;20250730
71;20160401;20160430
901;20150901;20151008
388;20160401;20160430
28;20180611;20180711
263;20220714;20220810
36;20140116;20140321
998;20240229;20240326
671;20191007;20191107
744;20130312;20130405
40;20251023;20251116
831;20180108;20180306
495;20181112;20181212
223;20140613;20140713
434;20250424;20250521
232;20181213;20190110
280;20110924;20111124
100;20191007;20191107
29;20190715;20190815
223;20180712;20180812
920;20160714;20160815
192;20160901;20160930
31;20160610;20160710
862;20220224;20220323
47;20140828;20141028
117;20150901;20151008
862;20251023;20251116
305;20151009;20151117
100;20230112;20230208
614;20220616;20220713
671;20260217;20260316
685;20180305;20180405
495;20170521;20170612
100;20221103;20221130
135;20200612;20200625
744;20191007;20191107
249;20110112;20110223
413;20200910;20201007
515;20140828;20141028
47;20230314;20230326
117;20190516;20190613
62;20241107;20241204
901;20111125;20120111
554;20240523;20240619
126;20220113;20220223
388;20250925;20251022
171;20130312;20130405
249;20160401;20160430
31;20221006;20221102
192;20150113;20150312
208;20250828;20250924
972;20111125;20120111
501;20230112;20230208
388;20151118;20160110
554;20200626;20200723
263;20181008;20181108
469;20250828;20250924
501;20260317;20260406
28;20211216;20220112
156;20200511;20200611
677;20190614;20190714
40;20140116;20140321
229;20240523;20240619
554;20250703;20250730
614;20260317;20260406
755;20201008;20201108
96;20190426;20190515
836;20151009;20151117
9;20210408;20210505
200;20210506;20210606
755;20110104;20110111
829;20210901;20210922
836;20190715;20190815
705;20210506;20210606
201;20230112;20230208
455;20200113;20200305
744;20110104;20110111
901;20130614;20130816
48;20110224;20110409
671;20200825;20200909
200;20220224;20220323
388;20231130;20240101
966;20180712;20180812
708;20180712;20180812
664;20190426;20190515
671;20190329;20190425
117;20110828;20110923
21;20190516;20190613
359;20140828;20141028
128;20250703;20250730
885;20260317;20260406
4;20220908;20221005
594;20161007;20161117
345;20191108;20191208
185;20190715;20190815
617;20170714;20170814
68;20220714;20220810
2;20220113;20220223
659;20180611;20180711
67;20160714;20160815
855;20180108;20180306
973;20221006;20221102
904;20170905;20171004
919;20200511;20200611
142;20170316;20170416
26;20251201;20251231
401;20200626;20200723
960;20210901;20210922
855;20231102;20231129
345;20250828;20250924
562;20121122;20130111
810;20201008;20201108
272;20250828;20250924
191;20221103;20221130
953;20200306;20200323
187;20170110;20170306
995;20220714;20220810
431;20140423;20140612
811;20150113;20150312
2;20120826;20120926
361;20201008;20201108
153;20140828;20141028
618;20230713;20230813
973;20220908;20221005
104;20150113;20150312
811;20211216;20220112
640;20241107;20241204
202;20190906;20191006
102;20200910;20201007
640;20161007;20161117
568;20210408;20210505
289;20170521;20170612
202;20190426;20190515
459;20190819;20190905
93;20190426;20190515
42;20210614;20210714
919;20220421;20220518
638;20191007;20191107
2;20260317;20260406
92;20210816;20210831
995;20210923;20211020
132;20130112;20130311
92;20231005;20231101
815;20141029;20141121
26;20170420;20170520
782;20230420;20230517
638;20220224;20220323
701;20240718;20240813
359;20150410;20150611
14;20180108;20180303
596;20230907;20231004
175;20180906;20181007
6;20251201;20251231
107;20230420;20230517
170;20210114;20210307
10;20110112;20110223
762;20161007;20161117
266;20120927;20121121
161;20221006;20221102
964;20141029;20141121
606;20220324;20220420
337;20140714;20140813
942;20130312;20130405
184;20150818;20150831
816;20140613;20140713
266;20121122;20130111
544;20181008;20181108
606;20160112;20160306
337;20220113;20220223
266;20190614;20190714
266;20240718;20240813
27;20220421;20220518
506;20190329;20190425
593;20141029;20141121
290;20171207;20180107
929;20150313;20150409
34;20220113;20220223
476;20200626;20200723
324;20160401;20160430
418;20110104;20110111
324;20200612;20200625
616;20170613;20170713
10;20210506;20210606
34;20180712;20180812
801;20130312;20130405
302;20120613;20120816
876;20190906;20191006
107;20141029;20141121
6;20231130;20240101
876;20240620;20240717
584;20151009;20151117
34;20260317;20260406
175;20180611;20180711
337;20190308;20190328
390;20230112;20230208
252;20200113;20200305
216;20120314;20120409
616;20110424;20110616
467;20150313;20150409
175;20170420;20170520
430;20171106;20171206
6;20210816;20210831
964;20220421;20220518
290;20180108;20180303
34;20240620;20240717
107;20150410;20150611
557;20200511;20200611
629;20170110;20170306
64;20220113;20220223
290;20230327;20230419
387;20251201;20251231
212;20170905;20171004
774;20161007;20161117
486;20200724;20200824
336;20110224;20110409
557;20250828;20250924
661;20171106;20171206
34;20250102;20250129
387;20140613;20140713
506;20191007;20191107
34;20240912;20241009
387;20220324;20220420
324;20180305;20180405
476;20130819;20130919
34;20220908;20221005
257;20190725;20190828
467;20151118;20160110
302;20120314;20120409
838;20221103;20221130
72;20220113;20220223
206;20211118;20211215
483;20190308;20190328
377;20230420;20230517
666;20170714;20170814
441;20251201;20251231
540;20210408;20210505
419;20230615;20230712
653;20180108;20180306
306;20250925;20251022
867;20160307;20160331
1;20251201;20251231
214;20130819;20130919
423;20220519;20220615
967;20130112;20130311
696;20210901;20210922
316;20241010;20241106
867;20110104;20110111
508;20220811;20220907
751;20140322;20140422
425;20201210;20210113
867;20181213;20190110
529;20151009;20151117
193;20170420;20170520
149;20180906;20181007
863;20191108;20191208
508;20250424;20250521
130;20210715;20210815
343;20220421;20220518
46;20151009;20151117
138;20170521;20170612
502;20151118;20160110
193;20161007;20161117
653;20170714;20170814
364;20130312;20130405
980;20140613;20140713
86;20210901;20210922
242;20181112;20181212
732;20241107;20241204
899;20200324;20200414
696;20160610;20160710
411;20251023;20251116
696;20230420;20230517
306;20211118;20211215
653;20230615;20230712
125;20250605;20250702
19;20220811;20220907
19;20160112;20160306
571;20251201;20251231
485;20201112;20201209
138;20120927;20121121
539;20180108;20180306
79;20200324;20200414
414;20220908;20221005
524;20120112;20120313
751;20160112;20160306
696;20160112;20160306
235;20181008;20181108
867;20200724;20200824
49;20221103;20221130
406;20150818;20150831
134;20231005;20231101
245;20180108;20180303
65;20170110;20170306
867;20140322;20140422
571;20240327;20240424
770;20240425;20240522
539;20211021;20211117
539;20240327;20240424
997;20170420;20170520
38;20220908;20221005
57;20240718;20240813
1;20140828;20141028
748;20130614;20130816
315;20130312;20130405
37;20140613;20140713
683;20190426;20190515
125;20211118;20211215
125;20170110;20170306
425;20150612;20150716
751;20170110;20170306
433;20161007;20161117
529;20190308;20190328
454;20240620;20240717
39;20211216;20220112
193;20180906;20181007
741;20140613;20140713
325;20260317;20260406
539;20220519;20220615
899;20210311;20210407
134;20221103;20221130
38;20211216;20220112
189;20170714;20170814
571;20260217;20260316
936;20121122;20130111
395;20190329;20190425
249;20180108;20180303
388;20200511;20200611
578;20151118;20160110
686;20211216;20220112
63;20250227;20250323
570;20220421;20220518
664;20200306;20200323
434;20190906;20191006
375;20240201;20240229
263;20191007;20191107
388;20191108;20191208
63;20230314;20230326
511;20250102;20250129
117;20240327;20240424
639;20160112;20160306
31;20220714;20220810
140;20110112;20110223
672;20110224;20110409
672;20191007;20191107
891;20250703;20250730
966;20140828;20141028
229;20200825;20200909
96;20220616;20220713
200;20210311;20210407
17;20180906;20181007
94;20170110;20170306
23;20160901;20160930
901;20200825;20200909
305;20180712;20180812
685;20210715;20210815
395;20130312;20130405
685;20191007;20191107
62;20190906;20191006
63;20241107;20241204
69;20220421;20220518
280;20160714;20160815
208;20151009;20151117
239;20150113;20150312
280;20141122;20150112
755;20130614;20130816
208;20260317;20260406
232;20191007;20191107
62;20200626;20200723
386;20190530;20190626
208;20160901;20160930
126;20200825;20200909
554;20110112;20110223
29;20181008;20181108
469;20180906;20181007
723;20221211;20230111
394;20240523;20240619
331;20210729;20210825
395;20141029;20141121
723;20211021;20211117
156;20180611;20180711
575;20180406;20180506
686;20240718;20240813
735;20140818;20140827
173;20190111;20190307
179;20170817;20170904
903;20170316;20170416
677;20220616;20220713
917;20220616;20220713
200;20190906;20191006
734;20170714;20170814
598;20190715;20190815
347;20160307;20160331
47;20170613;20170713
71;20240327;20240424
734;20200825;20200909
229;20230615;20230712
97;20210816;20210831
31;20181112;20181212
232;20130819;20130919
598;20200612;20200625
71;20110112;20110223
40;20120927;20121121
614;20230314;20230326
589;20150901;20151008
29;20151118;20160110
434;20180108;20180306
589;20220224;20220323
36;20160112;20160306
63;20170613;20170713
660;20171005;20171105
962;20230420;20230517
22;20180712;20180812
253;20160307;20160331
716;20190103;20190131
572;20151118;20160110
919;20210901;20210922
634;20180906;20181007
243;20110112;20110223
568;20181213;20190110
563;20171106;20171206
680;20220113;20220223
243;20210506;20210606
775;20190715;20190815
132;20150717;20150817
185;20160112;20160306
962;20170521;20170612
815;20150612;20150716
320;20220714;20220810
895;20180601;20180701
646;20180816;20180905
680;20200724;20200824
153;20230713;20230813
359;20180906;20181007
104;20180906;20181007
618;20160112;20160306
243;20111125;20120111
659;20220616;20220713
634;20250227;20250323
562;20191007;20191107
871;20240102;20240131
202;20180108;20180303
857;20251023;20251116
20;20181008;20181108
213;20190906;20191006
93;20170110;20170306
393;20220421;20220518
618;20240620;20240717
284;20110617;20110817
482;20220908;20221005
401;20161007;20161117
622;20170316;20170416
953;20160112;20160306
345;20110828;20110923
562;20150612;20150716
50;20210816;20210831
284;20160307;20160331
564;20200113;20200305
272;20211021;20211117
871;20170420;20170520
159;20210901;20210922
153;20180906;20181007
960;20190516;20190613
128;20181213;20190110
939;20210715;20210815
564;20160714;20160815
617;20200511;20200611
618;20180611;20180711
775;20240912;20241009
772;20140828;20141028
289;20190426;20190515
782;20181112;20181212
634;20240425;20240522
646;20190906;20191006
67;20181112;20181212
960;20220421;20220518
714;20211216;20220112
810;20200324;20200414
102;20180108;20180306
303;20190906;20191006
617;20201210;20210113
625;20201008;20201108
338;20190906;20191006
742;20220421;20220518
108;20220714;20220810
21;20220519;20220615
72;20260317;20260406
212;20150313;20150409
595;20260317;20260406
584;20140828;20141028
486;20190715;20190815
72;20151009;20151117
557;20210901;20210922
906;20130614;20130816
629;20140828;20141028
216;20220519;20220615
784;20180507;20180611
712;20250327;20250423
27;20211216;20220112
72;20210923;20211020
593;20180507;20180611
107;20170110;20170306
486;20260317;20260406
449;20190614;20190714
553;20210715;20210815
584;20180108;20180303
266;20151118;20160110
216;20200511;20200611
553;20180611;20180711
988;20190426;20190515
387;20220421;20220518
10;20140116;20140321
711;20250102;20250129
336;20171106;20171206
553;20200113;20200305
906;20240814;20240911
170;20250703;20250730
784;20201210;20210113
175;20180406;20180506
186;20230314;20230326
467;20140116;20140321
337;20200910;20201007
955;20240718;20240813
271;20200612;20200625
784;20220714;20220810
784;20150113;20150312
377;20110104;20110111
3;20170613;20170713
476;20180108;20180306
212;20200724;20200824
302;20150901;20151008
34;20130614;20130816
551;20190426;20190515
34;20180611;20180711
286;20260217;20260316
170;20190614;20190714
271;20161117;20170109
715;20250828;20250924
712;20170817;20170904
483;20190614;20190714
184;20190614;20190714
296;20240425;20240522
296;20180611;20180711
378;20111125;20120111
494;20120613;20120816
595;20251201;20251231
453;20190906;20191006
336;20140322;20140422
175;20230615;20230715
915;20220224;20220323
557;20221006;20221102
494;20220224;20220323
266;20201112;20201209
302;20110104;20110111
441;20250925;20251022
302;20170316;20170416
906;20161007;20161117
170;20170613;20170713
649;20200626;20200715
326;20250828;20250924
83;20200626;20200723
24;20150313;20150409
19;20180906;20181007
134;20231130;20240101
748;20190308;20190328
771;20220224;20220323
83;20121122;20130111
997;20251023;20251116
867;20260107;20260216
508;20260317;20260406
251;20181008;20181108
149;20240201;20240229
43;20171207;20180107
979;20231005;20231101
219;20210311;20210407
130;20181213;20190110
149;20190906;20191006
149;20120112;20120313
61;20190627;20190724
125;20231005;20231101
540;20140828;20141028
380;20220519;20220615
138;20200511;20200611
46;20230112;20230208
406;20200324;20200414
332;20160401;20160430
407;20220908;20221005
539;20190819;20190905
760;20201008;20201108
250;20190715;20190815
539;20220811;20220907
997;20170110;20170306
134;20121122;20130111
967;20160610;20160710
414;20260217;20260316
325;20230713;20230813
326;20140828;20141028
485;20221211;20230111
748;20131122;20140115
60;20120826;20120926
967;20181008;20181108
947;20250327;20250423
79;20141029;20141121
947;20180108;20180306
39;20171005;20171105
524;20190111;20190307
38;20160817;20160831
19;20160610;20160710
653;20251023;20251116
425;20191210;20200110
591;20240425;20240522
1;20110424;20110616
425;20160509;20160609
125;20231130;20240101
30;20200626;20200715
325;20201210;20210113
57;20250703;20250730
879;20210901;20210922
1;20120826;20120926
130;20200825;20200909
529;20250703;20250730
149;20141029;20141121
332;20220714;20220810
405;20240201;20240229
529;20220224;20220323
802;20150113;20150312
959;20240718;20240813
948;20210614;20210714
947;20240201;20240229
198;20200113;20200305
649;20190530;20190626
696;20170714;20170814
947;20211118;20211215
683;20210901;20210922
39;20170110;20170306
79;20180611;20180711
796;20110924;20111124
245;20161007;20161117
667;20200324;20200414
947;20121122;20130111
508;20190329;20190425
760;20200612;20200625
316;20210816;20210831
189;20181112;20181212
326;20260217;20260316
407;20190614;20190714
37;20200324;20200414
653;20190426;20190515
529;20240523;20240619
980;20110224;20110409
540;20200306;20200323
456;20180305;20180405
535;20190111;20190307
146;20150901;20151008
667;20150113;20150312
713;20141029;20141121
149;20230615;20230712
508;20181213;20190110
533;20220324;20220420
959;20240425;20240522
837;20200113;20200305
280;20190614;20190714
554;20230214;20230314
347;20220324;20220420
208;20201112;20201209
208;20241010;20241106
208;20160714;20160815
347;20250828;20250924
469;20130819;20130919
305;20190329;20190425
126;20250605;20250702
40;20161007;20161117
734;20151009;20151117
29;20190111;20190307
702;20140613;20140713
901;20180305;20180405
399;20171106;20171206
492;20191212;20200115
239;20161007;20161117
671;20170316;20170416
972;20220714;20220810
232;20180406;20180506
452;20131122;20140115
48;20200324;20200414
763;20160714;20160815
156;20190906;20191006
763;20200910;20201007
208;20191210;20200110
920;20211216;20220112
434;20230112;20230208
578;20220421;20220518
515;20110828;20110923
490;20140423;20140612
375;20250703;20250730
223;20181008;20181108
395;20150612;20150716
133;20200825;20200909
201;20120410;20120612
685;20150313;20150409
705;20181112;20181212
140;20241107;20241204
936;20111125;20120111
179;20140116;20140321
434;20230327;20230419
490;20230214;20230314
744;20220421;20220518
121;20180611;20180711
534;20220519;20220615
575;20251023;20251116
263;20200324;20200414
901;20160509;20160609
29;20180108;20180306
920;20251023;20251116
305;20210506;20210606
110;20151118;20160110
455;20250102;20250129
62;20200511;20200611
56;20190329;20190425
56;20170420;20170520
677;20160112;20160306
452;20130406;20130613
705;20230214;20230314
763;20211118;20211215
554;20130819;20130919
117;20120927;20121121
135;20180712;20180812
829;20221211;20230111
249;20241107;20241204
570;20150612;20150716
490;20200511;20200611
69;20211021;20211117
388;20240425;20240522
891;20200306;20200323
36;20201112;20201209
511;20190426;20190515
47;20210816;20210831
71;20141029;20141121
373;20231005;20231101
917;20201112;20201209
759;20200113;20200305
434;20200324;20200414
347;20250703;20250730
862;20151118;20160110
229;20211216;20220112
179;20170714;20170814
140;20191210;20200110
719;20181112;20181212
388;20240718;20240813
40;20170110;20170306
173;20220224;20220323
179;20131122;20140115
966;20160509;20160609
944;20220224;20220323
999;20210901;20210922
104;20160307;20160331
262;20180305;20180405
939;20161117;20170109
20;20200612;20200625
885;20190329;20190425
940;20190906;20191006
995;20191108;20191208
953;20181112;20181212
253;20191007;20191107
743;20210614;20210714
4;20191210;20200110
26;20170613;20170713
191;20120826;20120926
953;20230615;20230712
289;20240425;20240522
42;20190614;20190714
93;20230420;20230517
78;20170316;20170416
459;20181213;20190110
142;20160714;20160815
772;20130614;20130816
563;20160714;20160815
634;20151009;20151117
78;20220113;20220223
26;20191007;20191107
361;20210816;20210831
345;20210506;20210606
359;20151118;20160110
625;20170613;20170713
312;20221103;20221130
16;20180305;20180405
102;20220616;20220713
912;20251023;20251116
159;20160714;20160815
782;20201008;20201108
611;20220224;20220323
18;20170420;20170520
154;20180108;20180306
568;20211216;20220112
919;20191210;20200110
701;20140613;20140713
42;20200511;20200611
714;20220421;20220518
617;20190308;20190328
815;20151009;20151117
262;20130312;20130405
253;20110224;20110409
775;20190111;20190307
885;20241205;20250101
191;20150901;20151008
586;20220113;20220223
22;20210816;20210831
323;20200910;20201007
128;20171005;20171105
478;20190131;20190227
401;20230327;20230419
303;20241205;20250101
128;20221006;20221102
459;20190329;20190425
2;20151009;20151117
345;20180406;20180506
53;20200511;20200611
634;20180108;20180306
262;20200324;20200414
345;20210311;20210407
128;20240327;20240424
282;20180406;20180506
953;20191108;20191208
104;20210614;20210714
403;20191007;20191107
42;20170110;20170306
345;20200113;20200305
961;20170420;20170520
153;20200511;20200611
303;20190614;20190714
53;20180906;20181007
807;20130312;20130405
312;20151009;20151117
217;20191108;20191208
128;20210901;20210922
243;20191007;20191107
262;20140116;20140321
93;20151009;20151117
459;20200511;20200611
92;20191210;20200110
568;20230314;20230326
401;20171005;20171105
51;20161117;20170109
184;20210715;20210815
10;20161007;20161117
816;20160901;20160930
712;20210923;20211020
762;20211216;20220112
834;20190614;20190714
10;20240327;20240424
184;20200626;20200723
467;20171005;20171105
25;20220324;20220420
506;20200511;20200611
184;20140714;20140813
630;20110617;20110817
234;20220324;20220420
106;20240201;20240229
670;20141029;20141121
765;20201112;20201209
427;20190111;20190307
286;20190715;20190815
161;20200825;20200909
472;20190829;20190925
929;20160509;20160609
3;20190819;20190905
252;20190111;20190307
72;20180611;20180711
765;20230314;20230326
606;20150612;20150716
107;20151009;20151117
906;20120927;20121121
544;20190308;20190328
592;20211118;20211215
387;20220714;20220810
5;20200724;20200824
175;20201112;20201209
3;20190516;20190613
337;20180406;20180506
257;20201210;20210113
34;20210901;20210922
34;20251023;20251116
799;20180611;20180711
585;20160714;20160815
378;20171207;20180107
10;20220421;20220518
471;20150313;20150409
186;20210816;20210831
378;20120613;20120816
186;20220113;20220223
278;20170420;20170520
184;20120314;20120409
72;20250731;20250827
984;20131122;20140115
483;20250828;20250924
387;20121122;20130111
553;20230814;20230906
906;20170521;20170612
34;20250424;20250521
585;20230214;20230314
765;20140116;20140321
296;20190426;20190515
787;20200511;20200611
876;20190614;20190714
34;20121122;20130111
106;20180108;20180303
670;20110224;20110409
629;20160401;20160430
629;20191210;20200110
765;20151118;20160110
236;20190426;20190515
761;20170316;20170416
357;20200113;20200305
170;20121122;20130111
774;20250227;20250323
801;20200626;20200723
286;20180406;20180506
528;20220421;20220518
535;20190426;20190515
146;20171005;20171105
49;20111125;20120111
980;20141122;20150112
198;20200825;20200909
189;20190426;20190515
867;20190426;20190515
571;20200626;20200723
222;20200306;20200323
83;20241107;20241204
610;20191210;20200110
306;20201008;20201108
406;20210715;20210815
854;20180108;20180303
619;20170613;20170713
125;20250828;20250924
949;20200306;20200323
406;20190329;20190425
979;20200825;20200909
222;20170521;20170612
760;20190715;20190815
55;20200825;20200909
713;20120314;20120409
456;20190329;20190425
741;20190516;20190613
732;20200910;20201007
433;20211216;20220112
149;20221211;20230111
967;20210506;20210606
647;20181008;20181108
407;20171005;20171105
526;20180430;20180531
991;20141029;20141121
326;20180611;20180711
83;20221103;20221130
188;20191108;20191208
242;20210506;20210606
879;20161007;20161117
343;20160307;20160331
748;20141122;20150112
456;20211021;20211117
425;20200511;20200611
647;20220113;20220223
46;20181213;20190110
37;20200825;20200909
423;20210408;20210505
79;20240201;20240229
214;20190516;20190613
65;20150313;20150409
219;20190829;20190925
207;20200306;20200323
65;20210715;20210815
508;20170316;20170416
189;20230214;20230314
858;20200910;20201007
57;20170714;20170814
571;20220113;20220223
529;20170420;20170520
55;20160401;20160430
653;20210311;20210407
38;20200825;20200909
947;20221103;20221130
283;20110112;20110223
332;20220519;20220615
460;20180305;20180405
751;20130819;20130919
524;20160112;20160306
552;20161117;20170109
38;20120314;20120409
411;20181112;20181212
360;20191212;20200115
770;20200113;20200305
268;20230112;20230208
407;20211021;20211117
60;20221103;20221130
771;20180108;20180303
425;20200626;20200723
343;20160112;20160306
125;20260317;20260406
771;20150410;20150611
591;20250703;20250730
485;20251023;20251116
138;20210901;20210922
974;20180611;20180711
867;20250102;20250129
242;20160112;20160306
24;20230314;20230326
571;20160401;20160430
867;20220324;20220420
524;20180611;20180711
211;20220113;20220223
949;20220616;20220713
571;20110924;20111124
223;20240718;20240813
998;20230615;20230712
783;20210923;20211020
671;20210506;20210606
999;20210715;20210815
156;20170714;20170814
662;20160714;20160815
373;20230309;20230419
395;20200324;20200414
935;20181008;20181108
116;20230420;20230517
280;20210506;20210606
305;20160714;20160815
495;20240102;20240131
395;20150901;20151008
200;20160112;20160306
664;20210614;20210714
685;20120314;20120409
117;20150410;20150611
17;20120410;20120612
891;20150410;20150611
972;20160307;20160331
29;20170420;20170520
734;20180108;20180306
965;20240912;20241009
36;20171005;20171105
168;20191007;20191107
469;20190308;20190328
208;20211118;20211215
62;20191108;20191208
686;20160714;20160815
685;20200626;20200723
63;20110112;20110223
719;20211216;20220112
173;20210901;20210922
17;20120826;20120926
40;20190906;20191006
708;20210506;20210606
936;20200324;20200414
554;20191108;20191208
763;20231005;20231101
575;20250703;20250730
285;20200227;20200325
944;20201112;20201209
388;20260217;20260316
723;20200113;20200305
28;20230112;20230208
69;20161007;20161117
63;20160112;20160306
836;20160714;20160815
140;20160112;20160306
382;20130312;20130405
677;20240425;20240522
47;20200724;20200824
96;20141029;20141121
434;20171207;20180107
831;20200324;20200414
94;20220811;20220907
554;20231130;20240101
208;20250102;20250129
495;20150410;20150611
9;20201008;20201108
755;20140714;20140813
966;20150113;20150312
744;20220224;20220323
734;20181213;20190110
97;20160901;20160930
783;20191212;20200115
94;20181008;20181108
31;20231005;20231101
631;20181112;20181212
920;20190906;20191006
388;20220324;20220420
574;20170110;20170306
966;20150612;20150716
965;20200716;20200812
829;20180406;20180506
104;20200626;20200723
594;20130312;20130405
8;20190614;20190714
401;20170521;20170612
213;20260317;20260406
919;20211021;20211117
912;20180406;20180506
855;20220908;20221005
953;20231102;20231129
8;20230327;20230419
191;20150313;20150409
85;20220113;20220223
4;20260317;20260406
159;20250227;20250323
185;20170613;20170713
646;20130920;20131121
191;20160817;20160831
562;20200825;20200909
622;20200825;20200909
85;20181008;20181108
459;20180406;20180506
960;20210715;20210815
303;20140828;20141028
782;20201210;20210113
431;20181008;20181108
841;20210816;20210831
213;20211118;20211215
262;20130112;20130311
323;20250925;20251022
716;20180402;20180429
962;20190614;20190714
995;20240912;20241009
361;20210311;20210407
634;20171005;20171105
18;20220224;20220323
618;20220224;20220323
323;20180507;20180611
586;20201008;20201108
586;20201112;20201209
617;20150113;20150312
42;20200324;20200414
284;20260217;20260316
197;20220421;20220518
308;20220224;20220323
756;20170714;20170814
26;20110424;20110616
680;20150901;20151008
78;20211118;20211215
887;20180108;20180303
33;20181213;20190110
132;20181008;20181108
132;20150113;20150312
973;20251023;20251116
564;20140828;20141028
2;20190516;20190613
312;20210901;20210922
262;20110617;20110817
22;20241010;20241106
272;20160714;20160815
197;20201008;20201108
345;20211216;20220112
871;20200306;20200323
153;20231005;20231101
772;20150410;20150611
625;20190819;20190905
855;20181112;20181212
213;20200511;20200611
811;20140116;20140321
659;20170521;20170612
563;20200324;20200414
213;20240201;20240229
441;20130112;20130311
266;20190819;20190905
816;20130112;20130311
630;20150313;20150409
585;20181213;20190110
27;20170817;20170904
302;20130614;20130816
186;20201210;20210113
390;20150313;20150409
377;20230615;20230715
558;20181112;20181212
98;20190715;20190815
558;20241107;20241204
387;20210715;20210815
543;20130614;20130816
418;20251023;20251116
25;20200910;20201007
390;20120410;20120612
390;20250227;20250323
799;20170420;20170520
787;20181213;20190110
834;20150901;20151008
206;20220519;20220615
483;20200324;20200414
441;20241107;20241204
834;20170316;20170416
670;20210715;20210815
70;20190819;20190905
558;20191108;20191208
337;20170714;20170814
286;20250424;20250521
557;20200113;20200305
834;20210506;20210606
595;20220113;20220223
390;20160401;20160430
486;20201008;20201108
430;20111125;20120111
390;20220113;20220223
483;20150410;20150611
593;20140828;20141028
471;20160509;20160609
472;20180402;20180429
595;20181213;20190110
266;20181112;20181212
418;20110224;20110409
266;20170110;20170306
762;20230112;20230208
170;20180712;20180812
822;20160817;20160831
585;20210506;20210606
596;20160901;20160930
787;20110617;20110817
681;20150113;20150312
25;20220616;20220713
158;20210603;20210630
876;20231005;20231101
453;20251201;20251231
630;20220421;20220518
629;20110112;20110223
266;20160610;20160710
184;20190516;20190613
822;20220908;20221005
486;20240201;20240229
170;20130112;20130311
851;20130312;20130405
472;20190228;20190327
876;20230214;20230314
711;20181213;20190110
799;20180406;20180506
630;20140828;20141028
72;20241010;20241106
248;20220908;20221005
573;20141029;20141121
929;20210311;20210407
777;20230112;20230208
486;20140828;20141028
184;20200511;20200611
453;20220908;20221005
630;20141029;20141121
98;20170714;20170814
184;20201008;20201108
557;20170110;20170306
762;20200113;20200305
430;20140828;20141028
337;20181008;20181108
348;20180906;20181007
729;20250828;20250924
979;20220421;20220518
149;20250828;20250924
46;20210311;20210407
24;20181213;20190110
54;20180406;20180506
647;20250703;20250730
417;20241010;20241106
947;20200612;20200625
571;20220714;20220810
143;20180712;20180812
571;20210923;20211020
326;20160610;20160710
485;20170420;20170520
242;20250102;20250129
974;20210901;20210922
43;20150113;20150312
518;20131122;20140115
84;20220714;20220810
292;20190819;20190905
665;20190426;20190515
134;20220908;20221005
250;20210311;20210407
959;20161007;20161117
214;20240912;20241009
947;20240102;20240131
959;20200511;20200611
647;20220908;20221005
38;20150901;20151008
79;20190906;20191006
86;20250424;20250521
103;20201112;20201209
653;20190906;20191006
959;20220519;20220615
899;20220421;20220518
245;20170521;20170612
143;20210506;20210606
583;20171106;20171206
49;20121122;20130111
306;20240718;20240813
508;20190614;20190714
245;20191108;20191208
967;20220908;20221005
189;20201210;20210113
79;20110828;20110923
57;20200825;20200909
242;20210311;20210407
30;20220113;20220223
535;20190906;20191006
130;20251023;20251116
751;20201008;20201108
591;20190103;20190131
539;20220224;20220323
693;20200306;20200323
43;20240523;20240619
326;20240814;20240911
433;20210311;20210407
251;20210408;20210505
15;20230314;20230326
751;20160817;20160831
771;20221211;20230111
306;20160610;20160710
268;20140322;20140422
863;20140322;20140422
864;20110224;20110409
683;20190329;20190425
571;20191108;20191208
274;20220519;20220615
198;20210311;20210407
37;20230615;20230712
405;20190111;20190307
19;20230420;20230517
134;20170110;20170306
979;20210506;20210606
997;20180406;20180506
55;20150313;20150409
83;20160817;20160831
437;20190829;20190925
79;20241107;20241204
125;20210923;20211020
967;20140423;20140612
433;20180305;20180405
125;20210408;20210505
407;20180712;20180812
189;20141029;20141121
306;20191108;20191208
947;20150113;20150312
947;20220811;20220907
440;20160509;20160609
485;20180108;20180306
540;20180906;20181007
683;20200113;20200305
539;20240425;20240522
732;20190329;20190425
406;20160714;20160815
19;20200511;20200611
316;20201008;20201108
686;20250227;20250323
56;20210114;20210307
554;20190516;20190613
97;20210715;20210815
63;20191007;20191107
173;20241107;20241204
734;20140714;20140813
672;20251023;20251116
495;20220224;20220323
999;20200324;20200414
415;20220224;20220323
232;20150901;20151008
174;20240912;20241009
631;20120314;20120409
891;20210408;20210505
484;20180305;20180405
445;20131122;20140115
920;20211021;20211117
511;20171005;20171105
575;20140828;20141028
972;20120314;20120409
239;20190906;20191006
208;20141122;20150112
972;20181213;20190110
395;20201008;20201108
685;20220714;20220810
232;20201008;20201108
413;20190111;20190307
891;20220421;20220518
656;20181213;20190110
656;20200511;20200611
100;20240201;20240229
223;20140818;20140827
69;20140116;20140321
685;20260217;20260316
862;20181213;20190110
347;20240425;20240522
831;20181213;20190110
388;20210901;20210922
744;20210506;20210606
862;20111125;20120111
110;20121122;20130111
671;20150901;20151008
100;20151009;20151117
656;20250424;20250521
944;20241010;20241106
744;20180712;20180812
373;20170714;20170814
192;20170316;20170416
29;20161007;20161117
935;20230518;20230614
891;20170420;20170520
96;20241107;20241204
280;20240425;20240522
733;20210729;20210825
829;20230615;20230712
664;20240102;20240131
96;20201210;20210113
662;20180406;20180506
724;20110224;20110409
388;20181008;20181108
763;20160307;20160331
677;20230420;20230517
347;20230518;20230614
671;20211021;20211117
831;20210311;20210407
705;20250424;20250521
671;20140714;20140813
836;20240912;20241009
28;20170817;20170904
94;20200612;20200625
40;20220616;20220713
263;20200511;20200611
429;20160714;20160815
645;20200825;20200909
179;20140423;20140612
719;20140116;20140321
413;20180611;20180711
829;20181213;20190110
490;20180108;20180306
285;20191212;20200115
490;20201008;20201108
395;20181213;20190110
140;20201210;20210113
394;20230214;20230314
944;20190329;20190425
263;20260217;20260316
484;20250828;20250924
373;20241107;20241204
515;20180507;20180611
782;20171005;20171105
459;20231130;20240101
308;20201112;20201209
995;20190426;20190515
253;20211021;20211117
973;20210816;20210831
608;20190103;20190131
279;20180402;20180429
345;20140613;20140713
995;20120613;20120816
42;20240201;20240229
4;20220421;20220518
660;20200306;20200323
775;20240201;20240229
586;20171106;20171206
92;20181112;20181212
459;20200724;20200824
155;20210715;20210815
303;20191007;20191107
756;20171106;20171206
431;20111125;20120111
973;20171207;20180107
312;20140828;20141028
16;20130406;20130613
855;20150410;20150611
185;20201210;20210113
262;20120613;20120816
875;20250731;20250827
187;20210901;20210922
323;20231102;20231129
93;20240201;20240229
617;20221006;20221102
714;20230314;20230326
973;20260217;20260316
638;20120613;20120816
22;20190308;20190328
132;20140116;20140321
625;20210408;20210505
680;20220908;20221005
961;20170110;20170306
660;20190614;20190714
459;20130312;20130405
912;20150410;20150611
20;20220113;20220223
401;20190426;20190515
811;20150612;20150716
18;20170817;20170904
772;20140322;20140422
8;20220224;20220323
887;20171005;20171105
18;20171207;20180107
93;20240912;20241009
312;20211216;20220112
262;20130614;20130816
159;20230615;20230712
961;20210715;20210815
617;20140714;20140813
857;20181112;20181212
303;20141029;20141121
253;20110617;20110817
14;20200324;20200414
617;20190516;20190613
33;20240229;20240326
132;20240718;20240813
132;20220324;20220420
132;20190906;20191006
289;20220224;20220323
875;20231102;20231129
42;20161007;20161117
50;20201008;20201108
811;20171005;20171105
108;20160509;20160609
811;20220421;20220518
953;20180611;20180711
303;20110224;20110409
714;20180406;20180506
272;20210901;20210922
42;20170521;20170612
178;20220519;20220615
185;20170420;20170520
102;20211216;20220112
213;20220113;20220223
213;20211021;20211117
345;20161007;20161117
338;20250703;20250730
563;20120314;20120409
403;20201210;20210113
801;20210901;20210922
476;20230814;20230906
906;20171207;20180107
616;20191007;20191107
106;20260317;20260406
324;20210311;20210407
10;20190715;20190815
107;20190308;20190328
267;20151118;20160110
616;20220421;20220518
266;20171106;20171206
467;20191210;20200110
27;20171207;20180107
184;20150901;20151008
286;20110828;20110923
387;20190906;20191006
25;20210729;20210825
630;20171207;20180107
184;20151118;20160110
160;20260217;20260316
170;20240718;20240813
630;20160610;20160710
483;20240523;20240619
387;20140714;20140813
472;20240425;20240522
838;20190906;20191006
175;20250424;20250521
34;20130312;20130405
216;20230420;20230517
457;20200612;20200625
6;20181112;20181212
486;20180906;20181007
834;20160714;20160815
381;20121122;20130111
290;20220224;20220323
506;20181213;20190110
476;20171005;20171105
418;20181213;20190110
441;20140828;20141028
801;20121122;20130111
595;20110112;20110223
266;20160401;20160430
630;20190516;20190613
494;20221006;20221102
72;20241205;20250101
616;20191210;20200110
234;20190819;20190905
777;20260317;20260406
27;20170714;20170814
906;20120613;20120816
553;20190715;20190815
387;20240620;20240717
595;20220421;20220518
593;20140423;20140612
357;20190426;20190515
585;20160610;20160710
457;20220113;20220223
765;20260317;20260406
915;20200324;20200414
476;20190308;20190328
712;20210816;20210831
988;20231130;20240101
123;20220113;20220223
324;20160901;20160930
236;20190906;20191006
170;20140828;20141028
557;20240201;20240229
557;20211021;20211117
753;20210901;20210922
476;20200324;20200414
606;20160817;20160831
822;20110112;20110223
616;20150313;20150409
425;20141029;20141121
15;20200724;20200824
460;20170613;20170713
149;20170110;20170306
146;20161007;20161117
488;20180108;20180303
7;20130312;20130405
83;20170613;20170713
414;20210715;20210815
214;20220224;20220323
407;20140714;20140813
405;20170714;20170814
24;20180611;20180711
125;20251201;20251231
189;20150410;20150611
83;20140828;20141028
849;20160610;20160710
858;20220113;20220223
46;20141029;20141121
683;20190906;20191006
539;20190426;20190515
138;20240425;20240522
83;20180507;20180611
134;20130819;20130919
858;20170521;20170612
867;20170420;20170520
524;20240912;20241009
149;20251023;20251116
49;20141029;20141121
967;20200825;20200909
37;20200511;20200611
24;20110828;20110923
24;20130819;20130919
508;20140714;20140813
54;20210901;20210922
610;20211021;20211117
770;20170110;20170306
283;20210715;20210815
1;20210816;20210831
540;20140116;20140321
138;20161007;20161117
242;20230314;20230326
57;20210506;20210606
552;20210715;20210815
540;20201112;20201209
125;20200612;20200625
125;20231102;20231129
268;20220421;20220518
86;20210114;20210307
802;20130614;20130816
24;20170905;20171004
802;20220224;20220323
423;20190111;20190307
83;20110224;20110409
326;20181008;20181108
539;20120613;20120816
405;20200626;20200723
748;20150410;20150611
54;20220908;20221005
696;20220616;20220713
407;20190819;20190905
86;20230214;20230314
283;20251023;20251116
696;20201210;20210113
529;20180507;20180611
325;20220908;20221005
867;20210901;20210922
854;20220421;20220518
189;20180906;20181007
760;20260317;20260406
770;20140116;20140321
980;20170714;20170814
571;20241205;20250101
315;20210901;20210922
518;20151009;20151117
306;20181008;20181108
802;20210506;20210606
130;20231005;20231101
997;20210408;20210505
502;20110617;20110817
242;20181213;20190110
60;20200724;20200824
23;20220519;20220615
208;20201008;20201108
168;20201210;20210113
126;20240201;20240229
829;20181112;20181212
783;20191010;20191113
394;20110112;20110223
972;20140423;20140612
936;20201210;20210113
836;20200511;20200611
944;20211216;20220112
574;20221103;20221130
56;20201112;20201209
386;20211216;20220112
334;20221006;20221102
589;20160112;20160306
395;20251023;20251116
47;20120112;20120313
192;20210614;20210714
734;20180611;20180711
936;20210715;20210815
229;20190426;20190515
192;20181008;20181108
379;20181030;20181129
719;20221211;20230111
677;20191108;20191208
445;20110224;20110409
126;20180406;20180506
755;20120314;20120409
922;20191007;20191107
747;20260317;20260406
117;20161007;20161117
47;20110112;20110223
305;20210311;20210407
201;20211118;20211215
48;20110104;20110111
920;20170110;20170306
671;20110224;20110409
516;20210311;20210407
28;20180406;20180506
305;20110224;20110409
394;20211216;20220112
755;20211216;20220112
935;20240201;20240229
47;20230112;20230208
97;20211118;20211215
702;20120613;20120816
936;20160401;20160430
229;20190715;20190815
63;20181213;20190110
47;20191007;20191107
672;20170316;20170416
891;20180611;20180711
47;20120410;20120612
96;20250102;20250129
662;20160610;20160710
429;20230615;20230712
94;20210816;20210831
47;20201008;20201108
966;20110617;20110817
479;20141029;20141121
133;20231130;20240101
511;20190715;20190815
744;20151118;20160110
173;20170110;20170306
36;20140828;20141028
719;20220908;20221005
972;20181112;20181212
71;20201210;20210113
662;20110112;20110223
469;20191108;20191208
459;20250424;20250521
893;20200626;20200723
562;20201008;20201108
855;20180406;20180506
617;20240201;20240229
961;20161007;20161117
92;20210923;20211020
67;20190308;20190328
14;20230327;20230419
514;20191212;20200115
961;20201210;20210113
345;20170110;20170306
690;20181008;20181108
403;20220908;20221005
68;20180305;20180405
20;20180507;20180611
940;20170905;20171004
875;20180430;20180531
961;20171207;20180107
191;20210816;20210831
2;20150612;20150716
33;20220519;20220615
102;20170420;20170520
775;20250828;20250924
772;20150113;20150312
4;20120826;20120926
68;20201008;20201108
586;20210311;20210407
312;20190426;20190515
303;20230814;20230906
213;20250828;20250924
2;20121122;20130111
961;20250731;20250827
21;20191007;20191107
640;20200825;20200909
202;20220421;20220518
617;20110112;20110223
640;20141029;20141121
53;20171005;20171105
459;20240425;20240522
431;20200324;20200414
253;20190516;20190613
92;20180108;20180303
756;20160901;20160930
611;20201008;20201108
586;20140613;20140713
282;20220113;20220223
393;20211216;20220112
18;20241107;20241204
284;20150901;20151008
213;20170420;20170520
284;20181213;20190110
102;20140116;20140321
973;20240620;20240717
617;20191108;20191208
102;20210114;20210307
108;20171005;20171105
756;20210901;20210922
961;20200724;20200824
33;20160307;20160331
308;20150410;20150611
701;20170714;20170814
282;20170613;20170713
16;20140714;20140813
622;20170714;20170814
995;20130614;20130816
782;20180108;20180303
618;20210614;20210714
961;20210506;20210606
660;20200113;20200305
973;20150113;20150312
680;20241107;20241204
67;20250828;20250924
906;20141122;20150112
666;20250703;20250730
441;20220113;20220223
441;20260217;20260316
681;20160307;20160331
822;20241107;20241204
390;20180108;20180306
630;20170714;20170814
127;20220714;20220810
186;20190516;20190613
336;20150717;20150817
72;20160610;20160710
545;20241205;20250101
955;20250102;20250129
762;20180406;20180506
271;20190516;20190613
266;20260107;20260216
761;20170613;20170713
929;20220908;20221005
34;20180108;20180306
378;20210311;20210407
472;20210408;20210505
5;20130819;20130919
816;20190614;20190714
629;20210506;20210606
236;20230112;20230208
838;20151009;20151117
387;20240229;20240326
629;20260217;20260316
706;20190425;20190529
286;20230420;20230517
876;20170420;20170520
271;20190715;20190815
483;20141122;20150112
670;20130614;20130816
964;20120410;20120612
834;20201008;20201108
616;20251201;20251231
266;20180108;20180306
761;20210311;20210407
585;20140116;20140321
3;20200724;20200824
551;20250227;20250323
558;20230420;20230517
557;20250424;20250521
661;20250828;20250924
430;20181008;20181108
378;20170714;20170814
286;20151009;20151117
816;20170714;20170814
711;20251023;20251116
441;20190111;20190307
286;20171005;20171105
929;20150113;20150312
467;20141029;20141121
266;20260217;20260316
430;20160307;20160331
984;20160509;20160609
290;20230112;20230208
712;20250731;20250827
5;20210923;20211020
762;20150901;20151008
324;20200724;20200824
107;20240201;20240229
290;20160112;20160306
630;20180507;20180611
216;20190308;20190328
543;20191210;20200110
585;20141029;20141121
472;20260317;20260406
430;20110224;20110409
441;20210506;20210606
337;20130614;20130816
483;20230420;20230517
876;20180108;20180303
10;20160112;20160306
988;20161007;20161117
711;20210506;20210606
236;20150113;20150312
937;20220616;20220713
37;20200626;20200723
539;20140828;20141028
974;20200113;20200305
79;20230214;20230314
894;20160901;20160930
189;20171005;20171105
325;20181030;20181129
38;20201008;20201108
854;20230327;20230419
802;20160401;20160430
214;20250703;20250730
136;20130312;20130405
405;20201008;20201108
667;20170714;20170814
647;20240102;20240131
326;20141122;20150112
947;20171005;20171105
46;20210715;20210815
894;20171106;20171206
407;20150113;20150312
837;20250703;20250730
571;20180712;20180812
529;20200910;20201007
653;20190715;20190815
529;20160714;20160815
43;20240718;20240813
947;20130920;20131121
86;20171207;20180107
485;20190426;20190515
619;20210506;20210606
250;20210816;20210831
959;20250828;20250924
52;20160307;20160331
425;20170714;20170814
79;20230615;20230712
343;20140116;20140321
979;20190715;20190815
214;20231130;20240101
947;20170714;20170814
12;20201112;20201209
214;20190308;20190328
454;20250828;20250924
741;20160401;20160430
539;20161007;20161117
610;20210506;20210606
52;20190906;20191006
65;20181213;20190110
130;20140116;20140321
315;20140828;20141028
46;20180906;20181007
15;20130312;20130405
43;20220714;20220810
235;20170316;20170416
768;20251023;20251116
407;20251201;20251231
647;20170521;20170612
867;20241107;20241204
732;20230327;20230419
760;20180108;20180303
433;20120613;20120816
12;20181130;20181231
947;20111125;20120111
326;20231130;20240101
326;20170613;20170713
214;20110112;20110223
619;20191007;20191107
411;20181008;20181108
771;20180108;20180306
802;20181112;20181212
650;20190829;20190925
843;20200306;20200323
571;20200910;20201007
283;20200511;20200611
980;20171005;20171105
947;20140322;20140422
130;20150410;20150611
30;20191114;20191211
326;20110924;20111124
143;20220714;20220810
306;20180108;20180306
539;20130112;20130311
1;20210715;20210815
214;20120112;20120313
59;20121122;20130111
411;20110224;20110409
768;20180108;20180306
30;20190627;20190724
741;20180305;20180405
55;20201008;20201108
647;20240201;20240229
24;20171106;20171206
937;20220224;20220323
647;20240523;20240619
242;20210715;20210815
315;20170714;20170814
235;20210408;20210505
214;20220421;20220518
49;20150612;20150716
899;20220224;20220323
771;20171005;20171105
683;20250424;20250521
326;20191007;20191107
43;20200324;20200414
565;20250828;20250924
174;20200326;20200422
305;20150313;20150409
100;20160714;20160815
395;20130112;20130311
168;20260217;20260316
263;20150612;20150716
575;20220421;20220518
100;20160401;20160430
96;20251023;20251116
375;20241010;20241106
862;20221006;20221102
492;20220519;20220615
56;20200113;20200305
399;20260217;20260316
373;20180611;20180711
71;20211021;20211117
836;20200324;20200414
574;20250703;20250730
40;20180406;20180506
94;20110224;20110409
920;20200626;20200723
17;20110828;20110923
62;20130819;20130919
490;20240718;20240813
656;20200626;20200723
755;20150113;20150312
434;20170521;20170612
511;20230615;20230712
836;20120112;20120313
62;20190308;20190328
932;20220908;20221005
415;20140116;20140321
36;20190426;20190515
719;20180108;20180306
174;20210729;20210825
686;20210715;20210815
966;20201008;20201108
36;20171207;20180107
455;20190329;20190425
672;20180305;20180405
192;20150410;20150611
734;20180108;20180303
598;20190308;20190328
201;20150313;20150409
36;20150901;20151008
399;20211216;20220112
232;20241107;20241204
249;20210816;20210831
901;20130112;20130311
280;20240718;20240813
685;20211021;20211117
36;20230214;20230314
379;20250703;20250730
570;20120826;20120926
208;20160307;20160331
763;20250424;20250521
71;20180108;20180303
671;20210311;20210407
31;20120927;20121121
305;20150113;20150312
31;20250828;20250924
29;20110924;20111124
117;20201210;20210113
836;20190426;20190515
516;20170110;20170306
836;20250102;20250129
901;20130312;20130405
379;20201008;20201111
62;20200324;20200414
394;20180108;20180306
492;20220113;20220223
574;20170521;20170612
41;20241010;20241106
515;20170613;20170713
140;20150901;20151008
120;20190426;20190515
578;20170316;20170416
705;20170714;20170814
48;20210715;20210815
966;20160401;20160430
598;20180507;20180611
239;20171005;20171105
862;20160401;20160430
40;20210311;20210407
932;20250828;20250924
511;20240718;20240813
388;20190715;20190815
990;20141029;20141121
492;20230713;20230813
645;20201210;20210113
31;20160817;20160831
895;20190627;20190724
18;20140116;20140321
841;20180305;20180405
893;20221006;20221102
187;20180611;20180711
323;20241205;20250101
887;20220421;20220518
8;20220421;20220518
564;20201112;20201209
586;20260317;20260406
2;20170905;20171004
782;20161007;20161117
690;20210506;20210606
42;20180611;20180711
338;20110224;20110409
403;20260217;20260316
22;20191007;20191107
282;20210923;20211020
810;20251023;20251116
33;20260317;20260406
887;20220811;20220907
617;20230615;20230712
594;20170905;20171004
53;20170521;20170612
459;20180507;20180611
743;20180108;20180306
67;20200113;20200305
562;20180305;20180405
962;20180108;20180303
53;20240620;20240717
459;20170613;20170713
811;20170714;20170814
78;20180305;20180405
187;20140828;20141028
217;20160714;20160815
67;20190906;20191006
262;20110104;20110111
919;20210506;20210606
243;20201210;20210113
871;20230420;20230517
887;20240718;20240813
185;20251201;20251231
622;20210715;20210815
640;20140613;20140713
961;20220421;20220518
108;20240718;20240813
272;20221006;20221102
345;20220224;20220323
692;20220519;20220615
482;20220714;20220810
108;20230713;20230813
4;20171106;20171206
104;20200324;20200414
50;20211118;20211215
93;20230214;20230314
359;20220908;20221005
995;20130920;20131121
217;20180108;20180306
811;20210506;20210606
586;20250731;20250827
810;20260217;20260316
51;20200724;20200824
807;20191007;20191107
155;20210311;20210407
102;20230309;20230419
701;20190308;20190328
563;20190516;20190613
973;20140828;20141028
961;20190308;20190328
743;20250703;20250730
191;20180406;20180506
217;20240523;20240619
782;20210715;20210815
187;20171005;20171105
995;20210408;20210505
159;20251023;20251116
962;20211216;20220112
345;20200324;20200414
33;20210715;20210815
303;20140613;20140713
482;20200511;20200611
772;20141029;20141121
33;20260217;20260316
338;20250828;20250924
585;20170110;20170306
545;20190329;20190425
377;20160307;20160331
834;20160401;20160430
784;20130614;20130816
418;20200511;20200611
906;20180305;20180405
5;20220421;20220518
336;20211021;20211117
553;20230214;20230314
753;20230814;20230906
453;20250327;20250423
596;20170817;20170904
72;20180108;20180306
387;20180611;20180711
107;20190111;20190307
536;20201210;20210113
160;20200324;20200414
10;20221006;20221102
816;20240102;20240131
290;20170714;20170814
964;20220616;20220713
27;20150901;20151008
774;20240425;20240522
543;20151118;20160110
161;20211216;20220112
630;20120314;20120409
10;20250424;20250521
64;20201008;20201108
712;20171207;20180107
924;20180903;20181003
585;20230814;20230906
10;20170110;20170306
666;20190111;20190307
337;20160509;20160609
784;20211021;20211117
472;20221103;20221130
296;20220616;20220713
427;20241010;20241106
816;20160401;20160430
762;20190614;20190714
457;20210715;20210815
266;20210901;20210922
27;20200324;20200414
107;20200825;20200909
765;20180611;20180711
762;20240620;20240717
787;20171207;20180107
3;20220908;20221005
661;20170420;20170520
216;20190111;20190307
430;20190329;20190425
27;20190614;20190714
337;20181112;20181212
816;20180611;20180711
377;20110224;20110409
107;20160401;20160430
543;20170316;20170416
337;20110104;20110111
467;20130112;20130311
6;20191210;20200110
27;20241107;20241204
170;20220714;20220810
10;20231005;20231101
801;20150818;20150831
592;20210408;20210505
595;20241107;20241204
441;20250227;20250323
494;20181213;20190110
787;20160714;20160815
123;20160401;20160430
296;20210614;20210714
212;20260317;20260406
453;20170316;20170416
629;20140322;20140422
387;20111125;20120111
906;20240523;20240619
441;20251023;20251116
816;20220113;20220223
453;20220224;20220323
558;20240718;20240813
593;20160610;20160710
494;20110104;20110111
906;20230907;20231004
271;20190819;20190905
666;20230518;20230614
5;20170110;20170306
441;20140714;20140813
816;20140714;20140813
553;20230420;20230517
27;20190329;20190425
440;20131122;20140115
571;20221006;20221102
250;20210408;20210505
198;20211021;20211117
540;20190329;20190425
460;20200724;20200824
423;20201008;20201108
15;20250227;20250323
405;20230615;20230712
306;20130312;20130405
125;20200724;20200824
1;20181213;20190110
52;20241107;20241204
419;20140116;20140321
348;20200612;20200625
529;20240814;20240911
540;20220224;20220323
948;20231102;20231129
894;20150113;20150312
306;20260317;20260406
214;20200511;20200611
245;20201112;20201209
24;20120112;20120313
937;20140613;20140713
619;20160401;20160430
980;20170316;20170416
837;20210408;20210505
306;20260107;20260216
315;20150818;20150831
326;20220113;20220223
306;20170817;20170904
343;20201112;20201209
937;20170316;20170416
306;20170420;20170520
245;20200324;20200414
245;20211216;20220112
360;20210701;20210728
760;20200825;20200909
313;20260317;20260406
552;20180305;20180405
802;20150313;20150409
524;20160610;20160710
854;20150113;20150312
667;20240523;20240619
1;20180108;20180306
650;20250828;20250924
959;20130112;20130311
979;20221006;20221102
485;20240102;20240131
57;20181213;20190110
407;20250828;20250924
343;20171005;20171105
406;20150313;20150409
198;20250424;20250521
696;20190308;20190328
61;20190131;20190227
83;20190426;20190515
849;20191108;20191208
751;20120826;20120926
423;20160901;20160930
621;20141029;20141121
647;20231005;20231101
894;20170420;20170520
802;20210715;20210815
37;20210506;20210606
103;20181130;20181231
937;20170420;20170520
667;20170316;20170416
949;20260317;20260406
242;20191007;20191107
214;20190715;20190815
456;20220421;20220518
46;20150612;20150716
125;20170714;20170814
83;20251023;20251116
1;20231005;20231101
417;20220714;20220810
315;20150113;20150312
407;20181008;20181108
83;20241205;20250101
653;20220421;20220518
990;20131122;20140115
452;20220714;20220810
966;20190614;20190714
672;20120314;20120409
31;20140828;20141028
990;20140322;20140422
429;20140828;20141028
723;20240102;20240131
511;20221006;20221102
200;20140714;20140813
922;20201210;20210113
135;20160901;20160930
229;20221211;20230111
280;20220908;20221005
702;20190614;20190714
734;20190111;20190307
179;20220519;20220615
263;20210506;20210606
200;20140423;20140612
347;20230713;20230813
570;20160714;20160815
285;20220714;20220810
936;20110224;20110409
399;20120613;20120816
763;20220616;20220713
829;20200306;20200323
829;20151009;20151117
763;20240229;20240326
200;20150410;20150611
116;20210614;20210714
575;20231102;20231129
94;20240229;20240326
29;20201112;20201209
998;20250731;20250827
708;20160714;20160815
677;20251023;20251116
239;20170817;20170904
263;20140116;20140321
116;20161007;20161117
399;20221006;20221102
280;20240912;20241009
229;20171005;20171105
755;20140423;20140612
174;20190530;20190626
639;20220324;20220420
31;20200612;20200625
831;20200511;20200611
94;20170613;20170713
334;20190103;20190131
598;20210506;20210606
249;20141029;20141121
100;20230615;20230712
639;20190516;20190613
126;20150901;20151008
671;20201008;20201108
263;20130614;20130816
223;20150717;20150817
208;20240912;20241009
263;20251023;20251116
31;20180108;20180306
17;20200612;20200625
140;20160610;20160710
823;20200724;20200824
862;20191210;20200110
373;20240620;20240717
375;20250605;20250702
415;20170521;20170612
183;20110224;20110409
829;20211216;20220112
614;20151118;20160110
334;20220113;20220223
935;20180305;20180405
455;20200910;20201007
334;20201210;20210113
9;20210311;20210407
922;20220421;20220518
662;20180108;20180303
168;20221006;20221102
42;20160307;20160331
22;20170316;20170416
807;20171106;20171206
303;20211118;20211215
701;20200511;20200611
961;20230814;20230906
8;20190329;20190425
42;20250102;20250129
92;20170420;20170520
690;20170905;20171004
253;20160401;20160430
640;20170714;20170814
78;20180712;20180812
815;20120314;20120409
8;20210901;20210922
871;20210614;20210714
680;20160112;20160306
871;20180108;20180306
646;20200511;20200611
279;20201008;20201111
178;20190725;20190828
142;20191007;20191107
35;20220714;20220810
701;20110104;20110111
912;20210614;20210714
102;20230713;20230813
871;20260317;20260406
262;20171005;20171105
85;20200612;20200625
67;20221211;20230111
104;20250424;20250521
153;20170521;20170612
217;20200324;20200414
646;20230314;20230326
401;20190906;20191006
962;20180406;20180506
282;20110112;20110223
690;20170613;20170713
743;20251023;20251116
16;20250828;20250924
92;20160817;20160831
154;20250102;20250129
154;20200910;20201007
514;20190425;20190529
478;20200910;20201007
262;20180712;20180812
841;20170905;20171004
756;20151118;20160110
159;20180108;20180306
204;20210603;20210630
960;20170714;20170814
303;20190715;20190815
217;20150410;20150611
775;20181112;20181212
568;20220224;20220323
185;20110828;20110923
338;20150113;20150312
857;20171005;20171105
243;20200612;20200625
961;20210923;20211020
67;20191108;20191208
18;20161007;20161117
701;20110617;20110817
563;20181008;20181108
262;20221006;20221102
67;20220224;20220323
22;20210923;20211020
303;20210408;20210505
857;20140828;20141028
427;20220324;20220420
430;20200324;20200414
593;20220908;20221005
964;20210311;20210407
252;20221211;20230111
449;20130614;20130816
252;20180406;20180506
3;20180108;20180306
441;20190614;20190714
946;20180906;20181007
630;20181112;20181212
337;20160610;20160710
816;20251023;20251116
988;20190111;20190307
536;20240814;20240911
964;20230112;20230208
3;20150901;20151008
216;20150717;20150817
453;20220714;20220810
377;20240523;20240619
252;20180906;20181007
387;20151118;20160110
123;20210715;20210815
216;20170817;20170904
107;20190906;20191006
302;20140714;20140813
486;20260217;20260316
536;20190829;20190925
302;20210506;20210606
427;20180712;20180812
762;20241107;20241204
449;20160307;20160331
266;20240425;20240522
390;20231005;20231101
390;20181213;20190110
175;20240620;20240717
6;20180906;20181007
630;20160509;20160609
557;20190426;20190515
418;20121122;20130111
543;20150612;20150716
630;20110104;20110111
290;20190906;20191006
774;20211216;20220112
506;20200324;20200414
816;20210506;20210606
157;20190103;20190131
387;20250925;20251022
302;20171106;20171206
629;20250605;20250702
816;20190516;20190613
476;20251023;20251116
711;20200626;20200723
387;20160509;20160609
387;20220908;20221005
234;20150717;20150817
441;20180611;20180711
924;20240912;20241009
296;20210901;20210922
761;20191007;20191107
712;20180712;20180812
761;20241010;20241106
186;20160714;20160815
161;20191210;20200110
784;20251023;20251116
337;20191210;20200110
629;20191007;20191107
787;20150901;20151008
799;20240425;20240522
441;20150313;20150409
286;20200626;20200723
711;20190516;20190613
5;20170613;20170713
816;20141029;20141121
441;20140322;20140422
816;20190111;20190307
390;20220908;20221005
616;20200724;20200824
784;20150313;20150409
955;20230420;20230517
3;20210923;20211020
591;20251201;20251231
83;20240523;20240619
37;20160714;20160815
867;20240718;20240813
879;20150410;20150611
149;20200324;20200414
242;20251201;20251231
760;20160401;20160430
343;20210901;20210922
837;20190329;20190425
768;20201008;20201108
316;20190308;20190328
524;20250828;20250924
959;20170714;20170814
343;20150113;20150312
508;20201008;20201108
485;20230615;20230712
348;20190906;20191006
49;20250102;20250129
959;20230713;20230813
540;20240102;20240131
979;20220224;20220323
518;20110224;20110409
103;20190131;20190227
949;20250703;20250730
306;20190111;20190307
979;20200113;20200305
899;20250227;20250323
419;20190906;20191006
38;20221006;20221102
407;20180611;20180711
19;20260217;20260316
414;20251023;20251116
947;20170316;20170416
407;20200724;20200824
425;20171106;20171206
456;20220224;20220323
696;20120613;20120816
425;20121122;20130111
959;20131122;20140115
52;20231005;20231101
86;20200511;20200611
61;20200716;20200812
125;20140613;20140713
947;20250731;20250827
37;20120927;20121121
407;20240814;20240911
407;20241205;20250101
125;20120927;20121121
460;20180712;20180812
768;20190111;20190307
411;20130614;20130816
46;20260317;20260406
134;20200612;20200625
529;20160401;20160430
24;20200724;20200824
619;20170316;20170416
143;20170316;20170416
380;20210923;20211020
529;20171106;20171206
610;20220421;20220518
849;20220421;20220518
49;20180406;20180506
899;20190906;20191006
425;20130614;20130816
54;20180108;20180306
138;20120613;20120816
760;20111125;20120111
667;20190308;20190328
488;20160112;20160306
849;20221006;20221102
423;20190715;20190815
268;20210923;20211020
751;20180108;20180306
57;20191108;20191208
947;20220616;20220713
610;20191007;20191107
863;20190614;20190714
529;20160610;20160710
146;20200511;20200611
348;20210114;20210307
768;20200324;20200414
306;20210715;20210815
440;20130312;20130405
130;20120927;20121121
201;20180906;20181007
990;20120826;20120926
96;20110828;20110923
395;20170714;20170814
249;20150612;20150716
966;20180507;20180611
394;20141029;20141121
677;20241205;20250101
445;20110924;20111124
121;20250703;20250730
388;20210408;20210505
63;20160610;20160710
570;20110424;20110616
100;20110112;20110223
195;20260217;20260316
469;20241107;20241204
662;20190308;20190328
48;20160817;20160831
578;20130614;20130816
469;20110828;20110923
636;20220324;20220420
249;20210506;20210606
977;20190426;20190515
71;20190308;20190328
734;20220616;20220713
94;20250424;20250521
263;20191210;20200110
836;20190111;20190307
47;20250605;20250702
394;20250828;20250924
121;20230420;20230517
589;20200324;20200414
48;20140116;20140321
117;20220421;20220518
920;20180406;20180506
920;20170714;20170814
347;20140423;20140612
515;20140322;20140422
117;20171005;20171105
208;20171207;20180107
232;20121122;20130111
94;20260107;20260216
662;20250828;20250924
972;20120613;20120816
379;20220811;20220907
97;20190715;20190815
733;20220714;20220810
249;20250102;20250129
121;20240425;20240522
755;20141029;20141121
31;20220908;20221005
966;20200511;20200611
434;20191108;20191208
179;20200324;20200414
490;20240327;20240424
192;20160307;20160331
763;20210311;20210407
570;20180108;20180306
94;20111125;20120111
200;20250828;20250924
664;20230615;20230712
734;20230615;20230712
140;20181112;20181212
490;20191108;20191208
554;20230615;20230712
47;20151009;20151117
56;20231005;20231101
574;20240102;20240131
192;20250828;20250924
47;20160401;20160430
932;20210211;20210310
56;20161007;20161117
671;20220714;20220810
192;20151118;20160110
495;20180611;20180711
490;20240523;20240619
48;20211216;20220112
685;20171106;20171206
575;20180906;20181007
686;20230420;20230517
31;20130920;20131121
69;20171207;20180107
48;20140714;20140813
40;20160112;20160306
990;20150313;20150409
17;20220616;20220713
734;20190906;20191006
578;20251023;20251116
40;20130819;20130919
331;20210506;20210602
469;20221006;20221102
17;20230112;20230208
719;20170110;20170306
484;20140423;20140612
763;20191108;20191208
229;20180406;20180506
179;20120613;20120816
484;20150113;20150312
734;20170110;20170306
445;20120826;20120926
719;20170521;20170612
140;20230615;20230712
499;20230112;20230208
631;20111125;20120111
96;20160401;20160430
763;20250703;20250730
28;20230713;20230813
133;20190906;20191006
96;20190308;20190328
756;20111125;20120111
807;20110828;20110923
253;20140714;20140813
562;20170316;20170416
202;20230309;20230419
912;20260317;20260406
20;20210923;20211020
895;20220616;20220713
638;20211021;20211117
638;20180305;20180405
594;20210311;20210407
262;20170316;20170416
939;20200612;20200625
625;20160401;20160430
680;20120112;20120313
857;20231102;20231129
93;20250102;20250129
159;20211021;20211117
51;20201008;20201108
359;20230314;20230326
431;20190516;20190613
690;20210816;20210831
618;20160307;20160331
217;20250102;20250129
142;20200626;20200723
960;20150612;20150716
16;20151118;20160110
995;20160901;20160930
159;20221006;20221102
289;20230314;20230326
253;20111125;20120111
904;20210614;20210714
912;20241205;20250101
701;20140714;20140813
961;20250227;20250323
187;20230615;20230715
772;20190516;20190613
393;20211021;20211117
204;20190530;20190626
659;20190329;20190425
564;20240102;20240131
18;20180611;20180711
93;20141029;20141121
185;20141029;20141121
262;20220908;20221005
482;20210715;20210815
197;20140714;20140813
213;20241205;20250101
204;20200525;20200625
217;20240201;20240229
634;20200306;20200323
213;20220714;20220810
563;20151009;20151117
482;20200626;20200723
401;20210114;20210307
811;20191210;20200110
403;20220224;20220323
401;20150901;20151008
14;20250424;20250521
594;20190906;20191006
811;20170316;20170416
393;20220224;20220323
217;20120112;20120313
187;20220421;20220518
638;20160714;20160815
782;20210311;20210407
995;20200511;20200611
885;20220908;20221005
988;20210311;20210407
476;20190906;20191006
584;20121122;20130111
72;20201112;20201209
761;20220714;20220810
290;20210114;20210307
486;20120112;20120313
816;20211118;20211215
467;20150818;20150831
712;20190329;20190425
486;20180611;20180711
711;20180108;20180303
801;20130614;20130816
596;20141122;20150112
712;20210408;20210505
271;20210816;20210831
72;20141122;20150112
784;20130312;20130405
906;20120314;20120409
106;20160817;20160831
106;20180108;20180306
543;20191007;20191107
715;20200626;20200723
6;20191007;20191107
186;20121122;20130111
876;20140828;20141028
296;20170521;20170612
816;20190426;20190515
476;20170110;20170306
616;20141029;20141121
816;20260217;20260316
387;20190614;20190714
387;20130920;20131121
629;20220113;20220223
441;20160401;20160430
157;20190425;20190529
595;20231130;20240101
252;20240912;20241009
506;20220714;20220810
441;20120613;20120816
64;20180507;20180611
3;20241107;20241204
595;20230615;20230712
453;20250828;20250924
543;20140116;20140321
64;20170316;20170416
681;20171207;20180107
557;20240912;20241009
70;20170316;20170416
822;20230112;20230208
296;20241205;20250101
378;20210715;20210815
418;20171207;20180107
476;20260217;20260316
70;20180507;20180611
486;20250227;20250323
988;20240327;20240424
801;20190516;20190613
387;20190111;20190307
107;20120112;20120313
681;20200113;20200305
3;20180406;20180506
585;20171005;20171105
317;20151118;20160110
10;20160714;20160815
942;20151118;20160110
64;20200825;20200909
916;20230112;20230208
418;20170316;20170416
712;20240620;20240717
186;20191210;20200110
593;20210901;20210922
34;20201112;20201209
595;20170110;20170306
186;20181112;20181212
357;20221103;20221130
955;20220811;20220907
984;20130312;20130405
761;20210715;20210815
494;20180712;20180812
5;20170420;20170520
406;20140828;20141028
524;20230814;20230906
947;20190516;20190613
65;20260217;20260316
149;20201210;20210113
406;20200511;20200611
683;20180906;20181007
526;20190425;20190529
143;20200612;20200625
732;20231005;20231101
867;20240201;20240229
245;20200626;20200723
343;20200626;20200723
43;20150717;20150817
997;20180108;20180306
647;20160901;20160930
380;20201210;20210113
326;20151118;20160110
37;20160401;20160430
130;20200113;20200305
242;20231130;20240101
502;20120314;20120409
86;20180108;20180303
55;20160307;20160331
535;20180108;20180306
37;20151009;20151117
937;20160610;20160710
125;20200910;20201007
57;20231130;20240101
529;20180108;20180306
83;20160901;20160930
485;20221103;20221130
949;20150410;20150611
146;20190329;20190425
899;20240201;20240229
696;20140613;20140713
879;20240425;20240522
235;20160401;20160430
405;20220421;20220518
894;20160610;20160710
937;20160112;20160306
552;20200724;20200824
54;20230615;20230715
980;20180305;20180405
768;20231005;20231101
454;20110224;20110409
306;20211216;20220112
751;20211118;20211215
899;20171005;20171105
103;20190530;20190626
748;20161007;20161117
867;20190906;20191006
60;20191210;20200110
552;20160401;20160430
134;20180906;20181007
406;20181008;20181108
647;20141029;20141121
867;20171207;20180107
38;20140116;20140321
713;20151009;20151117
433;20200825;20200909
529;20181213;20190110
222;20220908;20221005
619;20220324;20220420
751;20111125;20120111
39;20150901;20151008
343;20250424;20250521
242;20231005;20231101
760;20210923;20211020
650;20180903;20181003
38;20211021;20211117
667;20110617;20110817
189;20191108;20191208
748;20110924;20111124
306;20171005;20171105
38;20191007;20191107
979;20211021;20211117
46;20221103;20221130
405;20211216;20220112
529;20210114;20210307
143;20170613;20170713
245;20230615;20230715
188;20201112;20201209
748;20200626;20200723
696;20221211;20230111
411;20210311;20210407
417;20190111;20190307
83;20190614;20190714
306;20250102;20250129
980;20130406;20130613
533;20180305;20180405
508;20250227;20250323
947;20181008;20181108
388;20240102;20240131
917;20190906;20191006
516;20231130;20240101
305;20170316;20170416
29;20140714;20140813
94;20220113;20220223
705;20180108;20180306
140;20160714;20160815
208;20210311;20210407
229;20220421;20220518
972;20201008;20201108
388;20130614;20130816
516;20250424;20250521
662;20180906;20181007
117;20180406;20180506
29;20171005;20171105
708;20160610;20160710
797;20200306;20200323
126;20130312;20130405
140;20170420;20170520
484;20120927;20121121
17;20121122;20130111
511;20181112;20181212
94;20130112;20130311
29;20220519;20220615
578;20210901;20210922
429;20200113;20200305
334;20201008;20201111
735;20160401;20160430
516;20191108;20191208
116;20140828;20141028
31;20190516;20190613
347;20200324;20200414
208;20240718;20240813
672;20150901;20151008
575;20170420;20170520
671;20200511;20200611
232;20110828;20110923
388;20160307;20160331
844;20121122;20130111
94;20190819;20190905
763;20250828;20250924
511;20231130;20240101
631;20220714;20220810
117;20230214;20230314
69;20110617;20110817
36;20180406;20180506
63;20121122;20130111
48;20171207;20180107
574;20220908;20221005
96;20151009;20151117
17;20240201;20240229
386;20190829;20190925
201;20111125;20120111
935;20190516;20190613
63;20160714;20160815
388;20170714;20170814
755;20210506;20210606
208;20220714;20220810
723;20230314;20230326
331;20230814;20230906
672;20171005;20171105
36;20240201;20240229
347;20140818;20140827
173;20181112;20181212
515;20171106;20171206
677;20181112;20181212
285;20190725;20190828
662;20181112;20181212
263;20160901;20160930
645;20201008;20201108
9;20220714;20220810
413;20180108;20180303
31;20190426;20190515
173;20210715;20210815
672;20200324;20200414
574;20210901;20210922
754;20210311;20210407
935;20210816;20210831
862;20141029;20141121
126;20141029;20141121
23;20220113;20220223
686;20240523;20240619
394;20241107;20241204
936;20130614;20130816
578;20171207;20180107
708;20110617;20110817
755;20130112;20130311
195;20191210;20200110
201;20170613;20170713
763;20190906;20191006
140;20201008;20201108
23;20241010;20241106
763;20210114;20210307
120;20171207;20180107
972;20210506;20210606
811;20130614;20130816
622;20151118;20160110
403;20220714;20220810
638;20171106;20171206
562;20151118;20160110
102;20250424;20250521
272;20170714;20170814
359;20251023;20251116
262;20110224;20110409
272;20190516;20190613
185;20220113;20220223
262;20160307;20160331
102;20231005;20231101
887;20210311;20210407
93;20110828;20110923
885;20181213;20190110
742;20220616;20220713
8;20250424;20250521
611;20220908;20221005
459;20250731;20250827
284;20191210;20200110
995;20250327;20250423
638;20121122;20130111
810;20191007;20191107
617;20110828;20110923
640;20120613;20120816
53;20160307;20160331
197;20250424;20250521
973;20171106;20171206
85;20190111;20190307
622;20210506;20210606
22;20220324;20220420
2;20160610;20160710
303;20170714;20170814
618;20230214;20230314
132;20230420;20230517
338;20200324;20200414
289;20180108;20180306
217;20130819;20130919
961;20151009;20151117
202;20200511;20200611
338;20180712;20180812
634;20210408;20210505
562;20130312;20130405
345;20240523;20240619
401;20220224;20220323
108;20141122;20150112
191;20220616;20220713
482;20220421;20220518
284;20221006;20221102
775;20240718;20240813
638;20161007;20161117
803;20200626;20200715
875;20250605;20250702
272;20160610;20160710
871;20250227;20250323
961;20120613;20120816
128;20170110;20170306
345;20201008;20201108
320;20200724;20200824
197;20140423;20140612
323;20250102;20250129
803;20190530;20190626
197;20201210;20210113
262;20210901;20210922
303;20240102;20240131
431;20171005;20171105
154;20190614;20190714
284;20210311;20210407
973;20251201;20251231
108;20210614;20210714
961;20260317;20260406
8;20170817;20170904
33;20190819;20190905
303;20221103;20221130
563;20181213;20190110
213;20260217;20260316
716;20201008;20201111
960;20201210;20210113
562;20120314;20120409
272;20180108;20180303
912;20211216;20220112
18;20180108;20180303
431;20171106;20171206
586;20231130;20240101
92;20130312;20130405
282;20191210;20200110
962;20210614;20210714
303;20170420;20170520
108;20220519;20220615
345;20151009;20151117
191;20201008;20201108
320;20190308;20190328
857;20180406;20180506
14;20160112;20160306
33;20130112;20130311
16;20250703;20250730
303;20120613;20120816
940;20260317;20260406
638;20140116;20140321
93;20171005;20171105
449;20150313;20150409
170;20231005;20231101
387;20160307;20160331
799;20140828;20141028
816;20260317;20260406
252;20240327;20240424
593;20171207;20180107
3;20220113;20220223
584;20230615;20230712
506;20171005;20171105
390;20191007;20191107
106;20160401;20160430
915;20210901;20210922
545;20201112;20201209
248;20220421;20220518
387;20141029;20141121
266;20160817;20160831
5;20180611;20180711
929;20220224;20220323
10;20201008;20201108
449;20110104;20110111
670;20140714;20140813
418;20130614;20130816
784;20171005;20171105
27;20180406;20180506
955;20171005;20171105
753;20211216;20220112
553;20190308;20190328
248;20200511;20200611
585;20210715;20210815
838;20230615;20230712
252;20181112;20181212
486;20111125;20120111
544;20180507;20180611
3;20221103;20221130
387;20171005;20171105
106;20250102;20250129
955;20210506;20210606
206;20190425;20190529
765;20220908;20221005
290;20200324;20200414
543;20161007;20161117
252;20211021;20211117
175;20171207;20180107
924;20211021;20211117
271;20180507;20180611
544;20241010;20241106
476;20120613;20120816
584;20210816;20210831
127;20190819;20190905
558;20231005;20231101
170;20180108;20180306
70;20210408;20210505
593;20200626;20200723
107;20130819;20130919
430;20201210;20210113
964;20130312;20130405
834;20221006;20221102
387;20171207;20180107
543;20150313;20150409
822;20260317;20260406
336;20181008;20181108
606;20191108;20191208
545;20181213;20190110
212;20150612;20150716
616;20240201;20240229
378;20161007;20161117
506;20210506;20210606
170;20171005;20171105
801;20141029;20141121
585;20151009;20151117
545;20180108;20180303
34;20221103;20221130
616;20160714;20160815
387;20240912;20241009
425;20210901;20210922
454;20200626;20200723
130;20220811;20220907
937;20211021;20211117
460;20180507;20180611
683;20230309;20230419
198;20231130;20240101
414;20221006;20221102
130;20211216;20220112
130;20190516;20190613
15;20160610;20160710
732;20200113;20200305
43;20180712;20180812
947;20220113;20220223
508;20250605;20250702
245;20170817;20170904
696;20200113;20200305
380;20190425;20190529
235;20190715;20190815
849;20230214;20230314
306;20231102;20231129
407;20221103;20221130
552;20170316;20170416
571;20151009;20151117
647;20220224;20220323
959;20230907;20231004
189;20180611;20180711
151;20171106;20171206
306;20181213;20190110
591;20180702;20180801
214;20221006;20221102
460;20170316;20170416
55;20140828;20141028
729;20170316;20170416
325;20190228;20190327
193;20170110;20170306
134;20181213;20190110
79;20170714;20170814
411;20210506;20210606
61;20200910;20201007
54;20140116;20140321
647;20180108;20180306
306;20220519;20220615
768;20220421;20220518
193;20200324;20200414
937;20230814;20230906
529;20190906;20191006
219;20200910;20201007
79;20150113;20150312
380;20230713;20230813
854;20150901;20151008
653;20191108;20191208
134;20180108;20180306
947;20240327;20240424
949;20190614;20190714
879;20190614;20190714
454;20180305;20180405
149;20211216;20220112
43;20170521;20170612
867;20201008;20201108
653;20190308;20190328
485;20250227;20250323
653;20221211;20230111
571;20250731;20250827
867;20140714;20140813
899;20210506;20210606
667;20240718;20240813
685;20220224;20220323
388;20190308;20190328
69;20210901;20210922
305;20170714;20170814
763;20191007;20191107
94;20190516;20190613
249;20231005;20231101
399;20190614;20190714
434;20190426;20190515
578;20181112;20181212
17;20150901;20151008
754;20200825;20200909
223;20200324;20200414
755;20191210;20200110
223;20150410;20150611
334;20191212;20200115
733;20210701;20210728
662;20230420;20230517
763;20110224;20110409
9;20210506;20210606
763;20170110;20170306
399;20210506;20210606
719;20210901;20210922
434;20150113;20150312
126;20181112;20181212
201;20160401;20160430
972;20151009;20151117
744;20201210;20210113
56;20241107;20241204
9;20210715;20210815
763;20231130;20240101
133;20250828;20250924
490;20211021;20211117
29;20160307;20160331
156;20240620;20240717
36;20200324;20200414
574;20221211;20230111
672;20140714;20140813
382;20120314;20120409
935;20200324;20200414
455;20160307;20160331
201;20191007;20191107
379;20180402;20180429
763;20241107;20241204
495;20221211;20230111
705;20190426;20190515
62;20180108;20180306
395;20211216;20220112
100;20200825;20200909
379;20180702;20180801
763;20190819;20190905
686;20180108;20180306
200;20200825;20200909
48;20190614;20190714
9;20160401;20160430
140;20191007;20191107
574;20180108;20180306
763;20191210;20200110
565;20160817;20160831
399;20161007;20161117
96;20110112;20110223
29;20120613;20120816
534;20201210;20210113
395;20120613;20120816
723;20201112;20201209
570;20130312;20130405
677;20150410;20150611
29;20250828;20250924
672;20140828;20141028
29;20211216;20220112
862;20150612;20150716
208;20240229;20240326
836;20140613;20140713
229;20210506;20210606
69;20170714;20170814
280;20200612;20200625
702;20140818;20140827
156;20150901;20151008
116;20191108;20191208
831;20210506;20210606
662;20220421;20220518
656;20180906;20181007
96;20210715;20210815
469;20180406;20180506
375;20120410;20120612
386;20180601;20180701
388;20250731;20250827
174;20180601;20180701
2;20221103;20221130
973;20151118;20160110
282;20190819;20190905
128;20180906;20181007
961;20231102;20231129
714;20170521;20170612
756;20191210;20200110
197;20171005;20171105
213;20220908;20221005
338;20140423;20140612
213;20240523;20240619
586;20260217;20260316
857;20200113;20200305
33;20151009;20151117
568;20190426;20190515
893;20200825;20200909
586;20181112;20181212
128;20230814;20230906
18;20240201;20240229
128;20220811;20220907
26;20220616;20220713
939;20190308;20190328
680;20210311;20210407
563;20160610;20160710
78;20200612;20200625
67;20240327;20240424
361;20181008;20181108
191;20120410;20120612
701;20130920;20131121
572;20130312;20130405
284;20160401;20160430
393;20220714;20220810
742;20181112;20181212
586;20220519;20220615
962;20170110;20170306
93;20231005;20231101
185;20241107;20241204
153;20241107;20241204
919;20251023;20251116
359;20170110;20170306
564;20251023;20251116
92;20210506;20210606
691;20250828;20250924
4;20130819;20130919
855;20200306;20200323
153;20180108;20180306
756;20180305;20180405
16;20240814;20240911
8;20180108;20180306
289;20160112;20160306
622;20120314;20120409
716;20190627;20190724
359;20230420;20230517
4;20210816;20210831
26;20220908;20221005
646;20230518;20230614
197;20240201;20240229
563;20130614;20130816
213;20201008;20201108
756;20211216;20220112
716;20190425;20190529
32;20220421;20220518
680;20221103;20221130
8;20160112;20160306
640;20250227;20250323
16;20230615;20230715
359;20180108;20180306
543;20221006;20221102
441;20171106;20171206
666;20240620;20240717
544;20220324;20220420
175;20150901;20151008
390;20160817;20160831
467;20171207;20180107
336;20191007;20191107
70;20180712;20180812
25;20180601;20180701
585;20160401;20160430
988;20180406;20180506
336;20160401;20160430
964;20230314;20230326
384;20260317;20260406
629;20220908;20221005
453;20220519;20220615
711;20240912;20241009
964;20260217;20260316
3;20231130;20240101
335;20200724;20200824
441;20190308;20190328
453;20260217;20260316
964;20150313;20150409
266;20160509;20160609
543;20130312;20130405
106;20220908;20221005
27;20200113;20200305
107;20251023;20251116
595;20120112;20120313
483;20220324;20220420
212;20190516;20190613
34;20250227;20250323
946;20190111;20190307
483;20120314;20120409
387;20180712;20180812
170;20171106;20171206
266;20130920;20131121
545;20200113;20200305
596;20120314;20120409
988;20230420;20230517
876;20241107;20241204
72;20221006;20221102
822;20110828;20110923
551;20210614;20210714
543;20211216;20220112
123;20220324;20220420
536;20210211;20210310
296;20230314;20230326
337;20240814;20240911
184;20220908;20221005
506;20120613;20120816
170;20151118;20160110
335;20210715;20210815
506;20120314;20120409
476;20210506;20210606
236;20210114;20210307
175;20220224;20220323
5;20250227;20250323
506;20160401;20160430
378;20200324;20200414
290;20140116;20140321
286;20250703;20250730
666;20110104;20110111
266;20190111;20190307
765;20221211;20230111
290;20190329;20190425
838;20240102;20240131
629;20231005;20231101
441;20231102;20231129
25;20200116;20200226
822;20260217;20260316
184;20111125;20120111
427;20190516;20190613
337;20230814;20230906
266;20240102;20240131
988;20180108;20180306
441;20151009;20151117
774;20220421;20220518
184;20191210;20200110
186;20210715;20210815
286;20251023;20251116
378;20190329;20190425
816;20140828;20141028
964;20160714;20160815
616;20121122;20130111
430;20200511;20200611
711;20181112;20181212
457;20210816;20210831
170;20250102;20250129
377;20200511;20200611
753;20210715;20210815
712;20230907;20231004
6;20241107;20241204
508;20220324;20220420
57;20200626;20200723
43;20150410;20150611
207;20200724;20200824
591;20210408;20210505
326;20211216;20220112
189;20190308;20190328
198;20201008;20201108
947;20220519;20220615
696;20110112;20110223
242;20201210;20210113
667;20131122;20140115
407;20180507;20180611
189;20240718;20240813
55;20150612;20150716
54;20190614;20190714
343;20250102;20250129
46;20121122;20130111
134;20160401;20160430
571;20190715;20190815
948;20170420;20170520
125;20251023;20251116
57;20190715;20190815
937;20200910;20201007
894;20210614;20210714
274;20190819;20190905
760;20221103;20221130
751;20260317;20260406
83;20151118;20160110
57;20151009;20151117
24;20170110;20170306
528;20231005;20231101
647;20200612;20200625
529;20201008;20201108
214;20170110;20170306
37;20191108;20191208
84;20170905;20171004
407;20210901;20210922
529;20240229;20240326
899;20180611;20180711
539;20170714;20170814
15;20220113;20220223
138;20250703;20250730
84;20220519;20220615
193;20220421;20220518
83;20240229;20240326
315;20190614;20190714
647;20140828;20141028
540;20220908;20221005
947;20191108;20191208
751;20241107;20241204
947;20190111;20190307
222;20140828;20141028
57;20150901;20151008
326;20151009;20151117
214;20201008;20201108
306;20201112;20201209
770;20250227;20250323
508;20160610;20160710
488;20190614;20190714
683;20180108;20180303
38;20161007;20161117
863;20200612;20200625
771;20180611;20180711
460;20241010;20241106
83;20180611;20180711
683;20171207;20180107
315;20201008;20201108
947;20200511;20200611
974;20251023;20251116
326;20250731;20250827
539;20210311;20210407
654;20171106;20171206
508;20221006;20221102
326;20170316;20170416
1;20180406;20180506
250;20180712;20180812
937;20140714;20140813
979;20200511;20200611
732;20241205;20250101
268;20110828;20110923
528;20140828;20141028
526;20260317;20260406
407;20200612;20200625
979;20190516;20190613
343;20180406;20180506
937;20211118;20211215
867;20190614;20190714
268;20130819;20130919
15;20180611;20180711
650;20190425;20190529
39;20161007;20161117
15;20130819;20130919
508;20160509;20160609
997;20190906;20191006
937;20180712;20180812
83;20111125;20120111
433;20211021;20211117
79;20221211;20230111
379;20190425;20190529
598;20190111;20190307
29;20181213;20190110
783;20220714;20220810
373;20170110;20170306
656;20250227;20250323
580;20170420;20170520
140;20181213;20190110
829;20230420;20230517
639;20150113;20150312
200;20231005;20231101
201;20150901;20151008
490;20120927;20121121
386;20190131;20190227
71;20240523;20240619
671;20111125;20120111
554;20200511;20200611
94;20211021;20211117
656;20230420;20230517
614;20181112;20181212
413;20210923;20211020
29;20231102;20231129
672;20181112;20181212
452;20151118;20160110
554;20221211;20230111
917;20260317;20260406
434;20180906;20181007
744;20200511;20200611
331;20190530;20190626
120;20170714;20170814
171;20151118;20160110
415;20211216;20220112
94;20150113;20150312
29;20240102;20240131
29;20250102;20250129
100;20201210;20210113
373;20230112;20230208
263;20210715;20210815
40;20180906;20181007
685;20190329;20190425
598;20181008;20181108
40;20201008;20201108
29;20210715;20210815
917;20250703;20250730
31;20220421;20220518
388;20170817;20170904
69;20120314;20120409
495;20240425;20240522
932;20210603;20210630
575;20250227;20250323
201;20241107;20241204
94;20230814;20230906
614;20180906;20181007
69;20151009;20151117
201;20170110;20170306
201;20120826;20120926
94;20141029;20141121
490;20190516;20190613
395;20151118;20160110
31;20251201;20251231
192;20130406;20130613
708;20180305;20180405
734;20110828;20110923
97;20190111;20190307
117;20140714;20140813
744;20161007;20161117
917;20181213;20190110
920;20230214;20230314
922;20211021;20211117
394;20170110;20170306
469;20220421;20220518
672;20200825;20200909
120;20220421;20220518
192;20220714;20220810
831;20190308;20190328
280;20170613;20170713
94;20251201;20251231
490;20140613;20140713
56;20170817;20170904
263;20190516;20190613
574;20260317;20260406
96;20190906;20191006
40;20180611;20180711
62;20220616;20220713
135;20241010;20241106
677;20220224;20220323
31;20190819;20190905
97;20160401;20160430
345;20210715;20210815
680;20230314;20230326
756;20160610;20160710
191;20180906;20181007
272;20221211;20230111
821;20250605;20250702
42;20171005;20171105
22;20210715;20210815
262;20150313;20150409
308;20180108;20180303
756;20150612;20150716
213;20171106;20171206
401;20200511;20200611
568;20161007;20161117
308;20190426;20190515
742;20190329;20190425
191;20140828;20141028
640;20240718;20240813
633;20130312;20130405
132;20190111;20190307
18;20190329;20190425
692;20181030;20181129
185;20220908;20221005
807;20160610;20160710
303;20250731;20250827
756;20190329;20190425
431;20190329;20190425
756;20150113;20150312
782;20240912;20241009
108;20120314;20120409
213;20250102;20250129
243;20180108;20180306
35;20200612;20200625
154;20220421;20220518
18;20170110;20170306
659;20230112;20230208
154;20180611;20180711
213;20231005;20231101
611;20220714;20220810
617;20170110;20170306
53;20180108;20180306
617;20190111;20190307
153;20240620;20240717
431;20150113;20150312
617;20240718;20240813
659;20250102;20250129
659;20200113;20200305
20;20210408;20210505
701;20131122;20140115
586;20190308;20190328
272;20220811;20220907
459;20250227;20250323
21;20200724;20200824
586;20140322;20140422
312;20241205;20250101
714;20221211;20230111
568;20221103;20221130
132;20170316;20170416
128;20190426;20190515
33;20250731;20250827
33;20231102;20231129
272;20210311;20210407
323;20231005;20231101
282;20171106;20171206
18;20160112;20160306
478;20210603;20210630
995;20190308;20190328
953;20170420;20170520
243;20130312;20130405
646;20130819;20130919
622;20210311;20210407
191;20170613;20170713
153;20220908;20221005
782;20190906;20191006
272;20210506;20210606
4;20160714;20160815
191;20180611;20180711
562;20210311;20210407
282;20120112;20120313
904;20210923;20211020
801;20150113;20150312
712;20200910;20201007
787;20200825;20200909
216;20200626;20200723
467;20121122;20130111
929;20190329;20190425
106;20230314;20230326
964;20200724;20200824
838;20230314;20230326
266;20170521;20170612
387;20110104;20110111
286;20230214;20230314
64;20190516;20190613
988;20221006;20221102
551;20190906;20191006
585;20160112;20160306
477;20151118;20160110
175;20171005;20171105
453;20170420;20170520
762;20230214;20230314
34;20241010;20241106
670;20150901;20151008
915;20201210;20210113
449;20170714;20170814
816;20190308;20190328
107;20230615;20230712
476;20110112;20110223
557;20180906;20181007
418;20161007;20161117
955;20210715;20210815
595;20160401;20160430
822;20190819;20190905
248;20200626;20200723
175;20220421;20220518
784;20260217;20260316
266;20181213;20190110
387;20190715;20190815
184;20181112;20181212
988;20160610;20160710
3;20250605;20250702
467;20180507;20180611
595;20180906;20181007
337;20220811;20220907
584;20170905;20171004
753;20200113;20200305
286;20210506;20210606
753;20250828;20250924
337;20250227;20250323
483;20171005;20171105
536;20250828;20250924
472;20240814;20240911
557;20220421;20220518
711;20250227;20250323
955;20210311;20210407
494;20140828;20141028
592;20220324;20220420
670;20150612;20150716
6;20200825;20200909
266;20110104;20110111
557;20201008;20201108
543;20210901;20210922
593;20120314;20120409
616;20181112;20181212
467;20220714;20220810
387;20180406;20180506
34;20241205;20250101
467;20170714;20170814
585;20231130;20240101
666;20110617;20110817
666;20140423;20140612
543;20151009;20151117
761;20211118;20211215
595;20140322;20140422
544;20190516;20190613
964;20180108;20180306
337;20180611;20180711
666;20130920;20131121
955;20250828;20250924
212;20181112;20181212
467;20111125;20120111
595;20190715;20190815
296;20220908;20221005
377;20150717;20150817
296;20250703;20250730
545;20151009;20151117
681;20230214;20230314
326;20190715;20190815
39;20170817;20170904
997;20200113;20200305
502;20200324;20200414
899;20230814;20230906
1;20221103;20221130
508;20191210;20200110
454;20161007;20161117
405;20230814;20230906
485;20230314;20230326
407;20140828;20141028
524;20211021;20211117
571;20140613;20140713
760;20110112;20110223
411;20150612;20150716
143;20210715;20210815
653;20200626;20200723
125;20210614;20210714
24;20160817;20160831
49;20160817;20160831
967;20171005;20171105
55;20200511;20200611
411;20210715;20210815
748;20150113;20150312
849;20200511;20200611
770;20260317;20260406
219;20191114;20191211
454;20190111;20190307
406;20160307;20160331
332;20210816;20210831
528;20180406;20180506
193;20230112;20230208
242;20110828;20110923
937;20180611;20180711
39;20210114;20210307
849;20201210;20210113
423;20220714;20220810
760;20110424;20110616
343;20220908;20221005
189;20240523;20240619
879;20190329;20190425
283;20250828;20250924
37;20110112;20110223
151;20170316;20170416
245;20250102;20250129
488;20170613;20170713
980;20160901;20160930
60;20111125;20120111
571;20170316;20170416
343;20180108;20180303
867;20180611;20180711
419;20211021;20211117
15;20240201;20240229
502;20130112;20130311
268;20160817;20160831
130;20221211;20230111
423;20200825;20200909
150;20130312;20130405
949;20221103;20221130
43;20140714;20140813
879;20230420;20230517
849;20200825;20200909
19;20240523;20240619
146;20240201;20240229
283;20171005;20171105
683;20211216;20220112
647;20130920;20131121
768;20180611;20180711
488;20140714;20140813
849;20210311;20210407
647;20171005;20171105
419;20151118;20160110
146;20230713;20230813
508;20130614;20130816
540;20181112;20181212
79;20240327;20240424
524;20190308;20190328
524;20140613;20140713
508;20181112;20181212
235;20190308;20190328
15;20160817;20160831
65;20121122;20130111
539;20240718;20240813
518;20120826;20120926
38;20181008;20181108
130;20180906;20181007
326;20260317;20260406
134;20251201;20251231
796;20151009;20151117
242;20190516;20190613
83;20240102;20240131
760;20121122;20130111
373;20210114;20210307
373;20161007;20161117
469;20181213;20190110
672;20190614;20190714
977;20210114;20210307
117;20221006;20221102
31;20191210;20200110
631;20181008;20181108
575;20180611;20180711
126;20190516;20190613
200;20200113;20200305
672;20170714;20170814
492;20211118;20211215
56;20210901;20210922
100;20260217;20260316
40;20150410;20150611
685;20160307;20160331
47;20140322;20140422
917;20221103;20221130
570;20221103;20221130
62;20250828;20250924
831;20250102;20250129
31;20220324;20220420
135;20191007;20191107
534;20210701;20210728
249;20200825;20200909
829;20240425;20240522
936;20160817;20160831
36;20230615;20230715
862;20120613;20120816
388;20260317;20260406
133;20180108;20180303
394;20180406;20180506
677;20151118;20160110
705;20180611;20180711
40;20150901;20151008
31;20170316;20170416
663;20260317;20260406
434;20140116;20140321
31;20190715;20190815
998;20161007;20161117
639;20130614;20130816
671;20180507;20180611
280;20250605;20250702
516;20190715;20190815
62;20220224;20220323
28;20171005;20171105
575;20220616;20220713
173;20250102;20250129
920;20200113;20200305
249;20110424;20110616
229;20140613;20140713
63;20220421;20220518
639;20210614;20210714
201;20220421;20220518
285;20201008;20201111
966;20201210;20210113
399;20140714;20140813
589;20140116;20140321
116;20190614;20190714
763;20130112;20130311
413;20260317;20260406
966;20130312;20130405
936;20150313;20150409
156;20190614;20190714
829;20240102;20240131
574;20230314;20230326
305;20120314;20120409
394;20181213;20190110
69;20130614;20130816
131;20121122;20130111
120;20240620;20240717
920;20210311;20210407
201;20200724;20200824
631;20200511;20200611
208;20181008;20181108
614;20240425;20240522
734;20240718;20240813
680;20250605;20250702
811;20200511;20200611
20;20180712;20180812
202;20200626;20200723
953;20211021;20211117
618;20210114;20210307
594;20250227;20250323
104;20220224;20220323
562;20200626;20200723
26;20171106;20171206
563;20161007;20161117
995;20231102;20231129
85;20210816;20210831
973;20210408;20210505
132;20140818;20140827
995;20250925;20251022
618;20190614;20190714
680;20180406;20180506
617;20190906;20191006
622;20210901;20210922
690;20220714;20220810
284;20160610;20160710
284;20120314;20120409
21;20170905;20171004
586;20160401;20160430
159;20161007;20161117
871;20181112;20181212
2;20201210;20210113
32;20191210;20200110
50;20190715;20190815
638;20221006;20221102
359;20211216;20220112
21;20170316;20170416
42;20160112;20160306
618;20190906;20191006
16;20180712;20180812
995;20160610;20160710
961;20110924;20111124
586;20210715;20210815
618;20230615;20230715
18;20190906;20191006
617;20160401;20160430
714;20231102;20231129
345;20171005;20171105
18;20230112;20230208
622;20201210;20210113
8;20200511;20200611
312;20251023;20251116
564;20160112;20160306
961;20170316;20170416
26;20250102;20250129
67;20251023;20251116
995;20210506;20210606
716;20200116;20200226
625;20210715;20210815
132;20130614;20130816
563;20210311;20210407
26;20110112;20110223
243;20220113;20220223
962;20240102;20240131
811;20181008;20181108
33;20231130;20240101
961;20220519;20220615
690;20200825;20200909
197;20240523;20240619
345;20221211;20230111
875;20190228;20190327
961;20240718;20240813
403;20220421;20220518
8;20180406;20180506
714;20180108;20180306
92;20151009;20151117
312;20190906;20191006
660;20191108;20191208
202;20170420;20170520
640;20150113;20150312
102;20180906;20181007
153;20171005;20171105
618;20180906;20181007
92;20110424;20110616
361;20220324;20220420
564;20180108;20180303
893;20201008;20201108
774;20191108;20191208
127;20210715;20210815
266;20200724;20200824
494;20220714;20220810
551;20230420;20230517
266;20221006;20221102
236;20250102;20250129
876;20200626;20200723
453;20130312;20130405
630;20181213;20190110
983;20190906;20191006
816;20240327;20240424
390;20230314;20230326
595;20211118;20211215
72;20250227;20250323
567;20151118;20160110
834;20111125;20120111
472;20180702;20180801
216;20240718;20240813
710;20230112;20230208
630;20110224;20110409
286;20110112;20110223
670;20200825;20200909
106;20200825;20200909
266;20130614;20130816
822;20250102;20250129
299;20250731;20250827
10;20120112;20120313
558;20240523;20240619
801;20160714;20160815
595;20110828;20110923
127;20220519;20220615
876;20170714;20170814
175;20230214;20230314
681;20170521;20170612
606;20140714;20140813
106;20140322;20140422
476;20190426;20190515
212;20140828;20141028
799;20231102;20231129
762;20210901;20210922
430;20220714;20220810
551;20170110;20170306
64;20211118;20211215
906;20220324;20220420
430;20150901;20151008
670;20191007;20191107
486;20251201;20251231
387;20221006;20221102
816;20240425;20240522
3;20110424;20110616
616;20190516;20190613
127;20210923;20211020
494;20181008;20181108
123;20181008;20181108
467;20130614;20130816
906;20140116;20140321
441;20240425;20240522
762;20171207;20180107
486;20220421;20220518
834;20220421;20220518
336;20160112;20160306
467;20140714;20140813
357;20250227;20250323
964;20160817;20160831
106;20180406;20180506
107;20240327;20240424
286;20181112;20181212
175;20220908;20221005
252;20190516;20190613
390;20180406;20180506
706;20221006;20221102
266;20250925;20251022
34;20200511;20200611
558;20231130;20240101
324;20180712;20180812
787;20220224;20220323
106;20181213;20190110
170;20241107;20241204
753;20191108;20191208
593;20150313;20150409
286;20230814;20230906
765;20200306;20200323
629;20230615;20230712
585;20240327;20240424
449;20140714;20140813
453;20130614;20130816
348;20170905;20171004
149;20200626;20200723
647;20241107;20241204
937;20181112;20181212
650;20190627;20190724
30;20260317;20260406
433;20110224;20110409
967;20151118;20160110
43;20110617;20110817
802;20201008;20201108
867;20111125;20120111
250;20160901;20160930
138;20170316;20170416
959;20190614;20190714
84;20180712;20180812
37;20240327;20240424
947;20220324;20220420
571;20170420;20170520
997;20190426;20190515
456;20120314;20120409
867;20160509;20160609
83;20221006;20221102
235;20220324;20220420
894;20140322;20140422
83;20130920;20131121
591;20190425;20190529
529;20170110;20170306
454;20200511;20200611
188;20150612;20150716
837;20170110;20170306
751;20180108;20180303
79;20130819;20130919
83;20211216;20220112
57;20120927;20121121
134;20230314;20230326
189;20180108;20180306
125;20180712;20180812
39;20220616;20220713
84;20170613;20170713
407;20240523;20240619
980;20200324;20200414
760;20170905;20171004
507;20230112;20230208
696;20190715;20190815
84;20210408;20210505
967;20150113;20150312
65;20210816;20210831
43;20250828;20250924
651;20230112;20230208
65;20160714;20160815
529;20191108;20191208
242;20111125;20120111
959;20150410;20150611
683;20220224;20220323
539;20170817;20170904
854;20201112;20201209
65;20220616;20220713
732;20240102;20240131
360;20211118;20211215
315;20130614;20130816
315;20181213;20190110
55;20120613;20120816
405;20161007;20161117
125;20240718;20240813
488;20140818;20140827
83;20220908;20221005
222;20231102;20231129
980;20240718;20240813
49;20160610;20160710
571;20260317;20260406
125;20140714;20140813
138;20220519;20220615
947;20160901;20160930
24;20191210;20200110
741;20220324;20220420
214;20141029;20141121
667;20220714;20220810
529;20231130;20240101
741;20130614;20130816
245;20140828;20141028
283;20110828;20110923
508;20211216;20220112
454;20220324;20220420
454;20220714;20220810
647;20190426;20190515
125;20201008;20201108
189;20230615;20230712
539;20220714;20220810
306;20170316;20170416
456;20160610;20160710
143;20160901;20160930
879;20140828;20141028
454;20230518;20230614
667;20170817;20170904
484;20120613;20120816
574;20180406;20180506
966;20120314;20120409
686;20230214;20230314
229;20110112;20110223
41;20200612;20200625
744;20111125;20120111
31;20240327;20240424
429;20150410;20150611
719;20180406;20180506
121;20240102;20240131
574;20181213;20190110
208;20250605;20250702
516;20230615;20230712
836;20180906;20181007
626;20230713;20230813
708;20130312;20130405
484;20140116;20140321
598;20210923;20211020
29;20240425;20240522
936;20171005;20171105
862;20150113;20150312
672;20171207;20180107
455;20180108;20180303
922;20211216;20220112
179;20180507;20180611
31;20210506;20210606
965;20180301;20180401
763;20170817;20170904
935;20161117;20170109
48;20141029;20141121
452;20160901;20160930
232;20170110;20170306
626;20240425;20240522
490;20180611;20180711
936;20220908;20221005
763;20160401;20160430
96;20230420;20230517
394;20140116;20140321
626;20240229;20240326
208;20170613;20170713
394;20110828;20110923
656;20240912;20241009
373;20230713;20230813
394;20140423;20140612
530;20130312;20130405
168;20210506;20210606
394;20161007;20161117
174;20211216;20220112
200;20160610;20160710
116;20180906;20181007
469;20201008;20201108
685;20140116;20140321
100;20231005;20231101
434;20200511;20200611
56;20180406;20180506
570;20250227;20250323
965;20181130;20181231
62;20230420;20230517
783;20201210;20210113
490;20210506;20210606
891;20151118;20160110
901;20140116;20140321
901;20260217;20260316
117;20221211;20230111
735;20140322;20140422
734;20161007;20161117
705;20200511;20200611
63;20170420;20170520
763;20240327;20240424
229;20170714;20170814
263;20130112;20130311
511;20180108;20180303
201;20181213;20190110
69;20201210;20210113
452;20240523;20240619
97;20220519;20220615
511;20230420;20230517
69;20110104;20110111
578;20140828;20141028
229;20220616;20220713
862;20181008;20181108
554;20140116;20140321
373;20250424;20250521
334;20200227;20200325
434;20140828;20141028
972;20190329;20190425
562;20181008;20181108
4;20111125;20120111
586;20170316;20170416
772;20160610;20160710
213;20150113;20150312
622;20130312;20130405
995;20250424;20250521
312;20160714;20160815
92;20160610;20160710
568;20150410;20150611
995;20130312;20130405
961;20220811;20220907
213;20151118;20160110
622;20160307;20160331
68;20190308;20190328
660;20220421;20220518
67;20210715;20210815
586;20180712;20180812
564;20140116;20140321
93;20180108;20180306
26;20260217;20260316
345;20231005;20231101
659;20190906;20191006
660;20140828;20141028
78;20190516;20190613
875;20250327;20250423
716;20191114;20191211
303;20260317;20260406
459;20211118;20211215
272;20251023;20251116
431;20120613;20120816
562;20170714;20170814
162;20151118;20160110
912;20201112;20201209
42;20210901;20210922
154;20150113;20150312
803;20220616;20220713
431;20211021;20211117
775;20210901;20210922
634;20220616;20220713
756;20130112;20130311
919;20201210;20210113
871;20190614;20190714
594;20170420;20170520
939;20210506;20210606
885;20210901;20210922
563;20210715;20210815
586;20140714;20140813
701;20110224;20110409
262;20200825;20200909
92;20250605;20250702
973;20190516;20190613
564;20180406;20180506
564;20250703;20250730
871;20140828;20141028
803;20240912;20241009
323;20210408;20210505
102;20190906;20191006
8;20170420;20170520
187;20180906;20181007
272;20240718;20240813
320;20190819;20190905
680;20170420;20170520
775;20200113;20200305
14;20180611;20180711
594;20160901;20160930
871;20180906;20181007
940;20220113;20220223
401;20170420;20170520
308;20250703;20250730
359;20161007;20161117
197;20200113;20200305
564;20210901;20210922
92;20241107;20241204
262;20191007;20191107
2;20250227;20250323
586;20190715;20190815
323;20240425;20240522
815;20160714;20160815
586;20240102;20240131
563;20210506;20210606
962;20140116;20140321
638;20150612;20150716
595;20230314;20230326
418;20171005;20171105
286;20210901;20210922
681;20200910;20201007
377;20250703;20250730
144;20151118;20160110
170;20160901;20160930
216;20240425;20240522
784;20150901;20151008
606;20130614;20130816
553;20240912;20241009
876;20230713;20230813
486;20201210;20210113
377;20210901;20210922
774;20180611;20180711
595;20220908;20221005
441;20190426;20190515
107;20220811;20220907
449;20150901;20151008
486;20160714;20160815
467;20151009;20151117
27;20200910;20201007
476;20210901;20210922
801;20201008;20201108
337;20171005;20171105
216;20180305;20180405
536;20181030;20181129
6;20180406;20180506
822;20120826;20120926
494;20130312;20130405
753;20181112;20181212
545;20251023;20251116
266;20160307;20160331
387;20191108;20191208
476;20180906;20181007
801;20180712;20180812
816;20180712;20180812
715;20240425;20240522
378;20110224;20110409
822;20220616;20220713
72;20130312;20130405
616;20180906;20181007
216;20181008;20181108
753;20250227;20250323
377;20180305;20180405
212;20210816;20210831
801;20220714;20220810
551;20181112;20181212
34;20201210;20210113
558;20180611;20180711
553;20240523;20240619
876;20190426;20190515
127;20180305;20180405
266;20240201;20240229
551;20171005;20171105
6;20150313;20150409
545;20140116;20140321
72;20170110;20170306
596;20130614;20130816
357;20230615;20230712
378;20140116;20140321
72;20250605;20250702
34;20201008;20201108
337;20130312;20130405
186;20150901;20151008
378;20221006;20221102
946;20191108;20191208
964;20201210;20210113
390;20120112;20120313
27;20230713;20230813
25;20200626;20200715
983;20210114;20210307
774;20160714;20160815
784;20190614;20190714
236;20200626;20200723
558;20220224;20220323
906;20110617;20110817
467;20210506;20210606
822;20250605;20250702
863;20150612;20150716
343;20170110;20170306
134;20220113;20220223
949;20231102;20231129
529;20250828;20250924
529;20191007;20191107
405;20241107;20241204
949;20180108;20180303
899;20190111;20190307
867;20190111;20190307
539;20200910;20201007
15;20260217;20260316
623;20180802;20180902
653;20201210;20210113
37;20250828;20250924
30;20180903;20181003
980;20200511;20200611
417;20190715;20190815
37;20170110;20170306
571;20160901;20160930
529;20211216;20220112
189;20140116;20140321
406;20200626;20200723
251;20200612;20200625
343;20191108;20191208
407;20170817;20170904
83;20250925;20251022
837;20210614;20210714
46;20160817;20160831
667;20250828;20250924
146;20150113;20150312
37;20160112;20160306
188;20151009;20151117
979;20220811;20220907
433;20110104;20110111
683;20200324;20200414
979;20240523;20240619
134;20120410;20120612
502;20140116;20140321
653;20200511;20200611
83;20200724;20200824
219;20200626;20200715
188;20140322;20140422
771;20140116;20140321
528;20170110;20170306
348;20201112;20201209
456;20251023;20251116
696;20181112;20181212
863;20140714;20140813
863;20220324;20220420
198;20250227;20250323
508;20221103;20221130
49;20190819;20190905
849;20160714;20160815
937;20190111;20190307
456;20110617;20110817
15;20160112;20160306
440;20141029;20141121
654;20160817;20160831
997;20221103;20221130
524;20221211;20230111
419;20211216;20220112
55;20141029;20141121
316;20210311;20210407
130;20240523;20240619
414;20211216;20220112
647;20240425;20240522
326;20160901;20160930
83;20120613;20120816
974;20250227;20250323
683;20220616;20220713
251;20200724;20200824
189;20120112;20120313
623;20180430;20180531
768;20220811;20220907
974;20220224;20220323
125;20170613;20170713
533;20161117;20170109
83;20171005;20171105
770;20150410;20150611
899;20180108;20180306
315;20201210;20210113
741;20130312;20130405
83;20180108;20180306
19;20230214;20230314
1;20141029;20141121
867;20250327;20250423
347;20151118;20160110
179;20130920;20131121
232;20200612;20200625
29;20160401;20160430
31;20210408;20210505
201;20180108;20180303
94;20250828;20250924
47;20160817;20160831
708;20150313;20150409
917;20251023;20251116
759;20180406;20180506
373;20171005;20171105
229;20190516;20190613
589;20170420;20170520
734;20180906;20181007
829;20160112;20160306
922;20251023;20251116
862;20181112;20181212
223;20240620;20240717
415;20210901;20210922
452;20120927;20121121
662;20140613;20140713
249;20200612;20200625
69;20150313;20150409
415;20201112;20201209
29;20210901;20210922
719;20250703;20250730
173;20230214;20230314
490;20180406;20180506
469;20190715;20190815
685;20150612;20150716
891;20230420;20230517
62;20201210;20210113
429;20191108;20191208
639;20211021;20211117
935;20180712;20180812
388;20191007;20191107
763;20130312;20130405
998;20210506;20210606
823;20220324;20220420
452;20240718;20240813
280;20140828;20141028
208;20250327;20250423
179;20120927;20121121
662;20230615;20230712
135;20210715;20210815
399;20171005;20171105
133;20231005;20231101
570;20150313;20150409
734;20140423;20140612
36;20191108;20191208
917;20180406;20180506
645;20211021;20211117
631;20171106;20171206
763;20161007;20161117
763;20160509;20160609
31;20210901;20210922
511;20181213;20190110
28;20160307;20160331
891;20211021;20211117
662;20201210;20210113
598;20191007;20191107
763;20220908;20221005
133;20180108;20180306
120;20250424;20250521
589;20180906;20181007
232;20210506;20210606
394;20230420;20230517
17;20200825;20200909
173;20240523;20240619
570;20180406;20180506
754;20210901;20210922
388;20141029;20141121
570;20201008;20201108
40;20240718;20240813
917;20180108;20180306
836;20250703;20250730
373;20190614;20190714
388;20230814;20230906
723;20220908;20221005
586;20201210;20210113
586;20250605;20250702
714;20220224;20220323
153;20160307;20160331
638;20210311;20210407
660;20230615;20230712
53;20250424;20250521
622;20130614;20130816
995;20150313;20150409
912;20190426;20190515
284;20180305;20180405
618;20210901;20210922
33;20210923;20211020
187;20190614;20190714
159;20190906;20191006
16;20190614;20190714
960;20160714;20160815
159;20211216;20220112
622;20201008;20201108
262;20150901;20151008
586;20110924;20111124
132;20110104;20110111
303;20231102;20231129
202;20191108;20191208
973;20170316;20170416
26;20191210;20200110
714;20171005;20171105
108;20140116;20140321
401;20200324;20200414
625;20191007;20191107
42;20140116;20140321
904;20220113;20220223
108;20240425;20240522
26;20190819;20190905
973;20211216;20220112
680;20250227;20250323
14;20190426;20190515
815;20200626;20200723
640;20181112;20181212
811;20200626;20200723
887;20180611;20180711
253;20201008;20201108
692;20201112;20201209
68;20210506;20210606
187;20190426;20190515
939;20160401;20160430
562;20130614;20130816
634;20180611;20180711
640;20140714;20140813
16;20210901;20210922
622;20221006;20221102
142;20150113;20150312
33;20130920;20131121
960;20171106;20171206
93;20130819;20130919
962;20260317;20260406
312;20161007;20161117
855;20220421;20220518
625;20161117;20170109
345;20190426;20190515
185;20110112;20110223
895;20211021;20211117
361;20220113;20220223
361;20210408;20210505
272;20240201;20240229
961;20190715;20190815
640;20200324;20200414
16;20170316;20170416
742;20240102;20240131
213;20241107;20241204
907;20201210;20210113
308;20181213;20190110
995;20170613;20170713
42;20180906;20181007
197;20160401;20160430
85;20220519;20220615
431;20220714;20220810
568;20180906;20181007
104;20200511;20200611
33;20240718;20240813
213;20201210;20210113
563;20110617;20110817
919;20260217;20260316
284;20130614;20130816
213;20200626;20200723
175;20161007;20161117
681;20170817;20170904
5;20220908;20221005
34;20210614;20210714
106;20150612;20150716
234;20251201;20251231
983;20200910;20201007
335;20161117;20170109
467;20150901;20151008
430;20210901;20210922
34;20170110;20170306
483;20230615;20230715
449;20120314;20120409
787;20160401;20160430
799;20210901;20210922
774;20190426;20190515
418;20150612;20150716
585;20170714;20170814
988;20230214;20230314
257;20201008;20201111
418;20210506;20210606
838;20180108;20180303
816;20241107;20241204
257;20190103;20190131
27;20210614;20210714
486;20141029;20141121
158;20190530;20190626
544;20220714;20220810
494;20130614;20130816
929;20221006;20221102
186;20120112;20120313
175;20170817;20170904
712;20230518;20230614
387;20160112;20160306
161;20220421;20220518
681;20161007;20161117
711;20241107;20241204
72;20210816;20210831
630;20191007;20191107
822;20120410;20120612
946;20260317;20260406
553;20190426;20190515
545;20220224;20220323
822;20230314;20230326
816;20220714;20220810
186;20130819;20130919
595;20210816;20210831
670;20130112;20130311
430;20190516;20190613
216;20160509;20160609
834;20141029;20141121
3;20171106;20171206
988;20210506;20210606
72;20170714;20170814
271;20220519;20220615
3;20170110;20170306
72;20250703;20250730
453;20211118;20211215
184;20150612;20150716
299;20180802;20180902
472;20230713;20230813
387;20170817;20170904
387;20210311;20210407
106;20221103;20221130
27;20230214;20230314
784;20191210;20200110
206;20201210;20210113
216;20140613;20140713
816;20201210;20210113
127;20180507;20180611
502;20190329;20190425
189;20120927;20121121
316;20190111;20190307
513;20200116;20200226
405;20210715;20210815
57;20240327;20240424
854;20200910;20201007
867;20170714;20170814
843;20220519;20220615
683;20180611;20180711
974;20220616;20220713
268;20170420;20170520
143;20201008;20201108
768;20250227;20250323
485;20210614;20210714
456;20210715;20210815
508;20230814;20230906
454;20130406;20130613
502;20210506;20210606
867;20171005;20171105
83;20171207;20180107
37;20251023;20251116
268;20211118;20211215
188;20131122;20140115
83;20250828;20250924
411;20140116;20140321
84;20180507;20180611
138;20160509;20160609
283;20250102;20250129
667;20140818;20140827
343;20170420;20170520
448;20190725;20190828
65;20200825;20200909
867;20210614;20210714
539;20210816;20210831
802;20180305;20180405
138;20110104;20110111
222;20180108;20180306
83;20210923;20211020
980;20120927;20121121
411;20120613;20120816
802;20200511;20200611
60;20200612;20200625
540;20150410;20150611
524;20140714;20140813
151;20160817;20160831
529;20190819;20190905
528;20170817;20170904
43;20130920;20131121
802;20201210;20210113
937;20241010;20241106
189;20220224;20220323
406;20111125;20120111
802;20211021;20211117
539;20241205;20250101
849;20181112;20181212
407;20130312;20130405
867;20160817;20160831
748;20230907;20231004
348;20180108;20180306
54;20211216;20220112
947;20160817;20160831
24;20180906;20181007
997;20220616;20220713
235;20180305;20180405
683;20210114;20210307
54;20150113;20150312
138;20130920;20131121
52;20190426;20190515
524;20171005;20171105
343;20231005;20231101
949;20230420;20230517
86;20150113;20150312
198;20180108;20180303
760;20250605;20250702
647;20220421;20220518
937;20160401;20160430
315;20140423;20140612
343;20190329;20190425
245;20240201;20240229
65;20251201;20251231
796;20131122;20140115
227;20121122;20130111
858;20180906;20181007
380;20200227;20200325
456;20181213;20190110
967;20191210;20200110
539;20110924;20111124
57;20120112;20120313
150;20121122;20130111
146;20140116;20140321
399;20201210;20210113
263;20130312;20130405
614;20210408;20210505
133;20241107;20241204
763;20171106;20171206
484;20130406;20130613
554;20180611;20180711
664;20180611;20180711
121;20151009;20151117
331;20180301;20180401
685;20141029;20141121
671;20221006;20221102
192;20120613;20120816
229;20160714;20160815
9;20190308;20190328
140;20180406;20180506
708;20211021;20211117
554;20201210;20210113
972;20200511;20200611
379;20190103;20190131
516;20190111;20190307
744;20150612;20150716
229;20250102;20250129
511;20180406;20180506
570;20170420;20170520
495;20230615;20230712
662;20170714;20170814
375;20140116;20140321
723;20230420;20230517
966;20121122;20130111
501;20141029;20141121
671;20150113;20150312
723;20210901;20210922
36;20170817;20170904
100;20180611;20180711
116;20150410;20150611
452;20130112;20130311
48;20201210;20210113
23;20210816;20210831
744;20200825;20200909
664;20140116;20140321
121;20140828;20141028
891;20240425;20240522
455;20170714;20170814
48;20161007;20161117
63;20201210;20210113
388;20160610;20160710
920;20190715;20190815
932;20201210;20210113
891;20221211;20230111
373;20210614;20210714
468;20151118;20160110
656;20210311;20210407
413;20190426;20190515
97;20190308;20190328
28;20230327;20230419
672;20181213;20190110
763;20160817;20160831
891;20190329;20190425
347;20120927;20121121
664;20191108;20191208
94;20231005;20231101
133;20181213;20190110
232;20200724;20200824
920;20161007;20161117
179;20180712;20180812
100;20251201;20251231
452;20240620;20240717
645;20200324;20200414
763;20110104;20110111
434;20230309;20230419
174;20191114;20191211
686;20180611;20180711
763;20130614;20130816
490;20190111;20190307
208;20210923;20211020
589;20180406;20180506
375;20221103;20221130
133;20221211;20230111
671;20210715;20210815
936;20180507;20180611
570;20210816;20210831
100;20231130;20240101
41;20190111;20190307
280;20110104;20110111
116;20260317;20260406
395;20180507;20180611
331;20180802;20180902
373;20140116;20140321
375;20230518;20230614
48;20160610;20160710
395;20160901;20160930
554;20240912;20241009
452;20150717;20150817
96;20200626;20200723
388;20201210;20210113
200;20180906;20181007
807;20190516;20190613
142;20150612;20150716
217;20231005;20231101
563;20140423;20140612
961;20170714;20170814
638;20151009;20151117
912;20180108;20180306
26;20130819;20130919
202;20240201;20240229
815;20181008;20181108
85;20191007;20191107
995;20240102;20240131
33;20210614;20210714
155;20190111;20190307
756;20251023;20251116
154;20240201;20240229
345;20200511;20200611
33;20191007;20191107
855;20191108;20191208
714;20160112;20160306
4;20170613;20170713
104;20190426;20190515
67;20231130;20240101
338;20240620;20240717
92;20210311;20210407
887;20221211;20230111
262;20120314;20120409
18;20220908;20221005
995;20181213;20190110
646;20220224;20220323
660;20150410;20150611
308;20160714;20160815
887;20241107;20241204
361;20211118;20211215
782;20230615;20230712
887;20181213;20190110
431;20150612;20150716
640;20231005;20231101
93;20240523;20240619
594;20180611;20180711
154;20200626;20200723
563;20150612;20150716
940;20190426;20190515
154;20230309;20230419
459;20240620;20240717
857;20170110;20170306
617;20180108;20180306
401;20210614;20210714
887;20230214;20230314
960;20191210;20200110
634;20140828;20141028
142;20151118;20160110
431;20110617;20110817
16;20220714;20220810
646;20120826;20120926
904;20260317;20260406
857;20241205;20250101
995;20190819;20190905
969;20230112;20230208
743;20221211;20230111
92;20250102;20250129
21;20211118;20211215
33;20200910;20201007
323;20231130;20240101
815;20220714;20220810
961;20210901;20210922
108;20170521;20170612
253;20150612;20150716
303;20210901;20210922
102;20200113;20200305
33;20160610;20160710
299;20180301;20180401
418;20191210;20200110
595;20210923;20211020
212;20191007;20191107
248;20200324;20200414
946;20220113;20220223
822;20180406;20180506
595;20150313;20150409
107;20211021;20211117
946;20210923;20211020
337;20160817;20160831
711;20180406;20180506
834;20220224;20220323
585;20190308;20190328
252;20211216;20220112
964;20230615;20230712
543;20120613;20120816
558;20210715;20210815
585;20250102;20250129
453;20130112;20130311
670;20120613;20120816
551;20210408;20210505
964;20221103;20221130
441;20170817;20170904
252;20210901;20210922
449;20210715;20210815
557;20160610;20160710
787;20221006;20221102
170;20240620;20240717
543;20220421;20220518
799;20210408;20210505
34;20170714;20170814
286;20161007;20161117
593;20211216;20220112
441;20160112;20160306
506;20110104;20110111
206;20191212;20200115
286;20221006;20221102
753;20200511;20200611
107;20190715;20190815
266;20140613;20140713
762;20170817;20170904
123;20190819;20190905
170;20191210;20200110
72;20201008;20201108
715;20171005;20171105
681;20180108;20180303
706;20191212;20200115
449;20181213;20190110
302;20260217;20260316
72;20250925;20251022
630;20181008;20181108
486;20130819;20130919
212;20260217;20260316
711;20230615;20230712
184;20220421;20220518
585;20211216;20220112
449;20110224;20110409
596;20240523;20240619
787;20210311;20210407
170;20250828;20250924
453;20241010;20241106
27;20180611;20180711
551;20221211;20230111
123;20180507;20180611
418;20151118;20160110
593;20220714;20220810
670;20151009;20151117
70;20220113;20220223
584;20190516;20190613
715;20230518;20230614
216;20160307;20160331
72;20160901;20160930
107;20220421;20220518
551;20210901;20210922
302;20121122;20130111
765;20211216;20220112
596;20130920;20131121
494;20150818;20150831
584;20251201;20251231
867;20190715;20190815
696;20210715;20210815
306;20260217;20260316
138;20130614;20130816
49;20110424;20110616
997;20161007;20161117
539;20210901;20210922
949;20151009;20151117
502;20211216;20220112
46;20241107;20241204
867;20190308;20190328
947;20250102;20250129
529;20200724;20200824
454;20240814;20240911
974;20151009;20151117
433;20150313;20150409
38;20130112;20130311
849;20240201;20240229
751;20151009;20151117
949;20170521;20170612
149;20170714;20170814
894;20191007;20191107
539;20250925;20251022
771;20210901;20210922
407;20160610;20160710
528;20200113;20200305
37;20120613;20120816
863;20140613;20140713
417;20200825;20200909
39;20250424;20250521
83;20180712;20180812
79;20231005;20231101
959;20230615;20230715
146;20220616;20220713
979;20180611;20180711
411;20171106;20171206
146;20200910;20201007
146;20220224;20220323
242;20150901;20151008
348;20200910;20201007
407;20140613;20140713
49;20120826;20120926
667;20170521;20170612
83;20140714;20140813
540;20250703;20250730
15;20220908;20221005
540;20220616;20220713
529;20180712;20180812
837;20140116;20140321
448;20240327;20240424
79;20160714;20160815
879;20181213;20190110
899;20221211;20230111
529;20140714;20140813
524;20180108;20180306
867;20160714;20160815
947;20251201;20251231
837;20161007;20161117
57;20200511;20200611
552;20190308;20190328
57;20201008;20201108
283;20190308;20190328
437;20181130;20181231
103;20240912;20241009
508;20210715;20210815
30;20240425;20240522
526;20260217;20260316
245;20190426;20190515
79;20220224;20220323
1;20150612;20150716
411;20220224;20220323
591;20240814;20240911
125;20160714;20160815
529;20220519;20220615
488;20240523;20240619
524;20110828;20110923
143;20220113;20220223
83;20220113;20220223
748;20250828;20250924
52;20180906;20181007
84;20190715;20190815
917;20231102;20231129
589;20220908;20221005
208;20190426;20190515
783;20190425;20190529
388;20150113;20150312
200;20180611;20180711
31;20240912;20241009
133;20160610;20160710
232;20220113;20220223
936;20120613;20120816
285;20220113;20220223
140;20140828;20141028
173;20201210;20210113
965;20190725;20190828
972;20181008;20181108
126;20201008;20201108
829;20241205;20250101
71;20180906;20181007
495;20190329;20190425
280;20190516;20190613
977;20200113;20200305
744;20130112;20130311
399;20201008;20201108
708;20150901;20151008
208;20110104;20110111
29;20191210;20200110
733;20240912;20241009
831;20180406;20180506
31;20170110;20170306
574;20161007;20161117
631;20210715;20210815
671;20190614;20190714
944;20221006;20221102
733;20190530;20190626
173;20190308;20190328
677;20180108;20180303
515;20190516;20190613
179;20250828;20250924
40;20230615;20230712
917;20140828;20141028
935;20250925;20251022
156;20230713;20230813
285;20201210;20210113
117;20250828;20250924
133;20180406;20180506
223;20120613;20120816
200;20230814;20230906
631;20170714;20170814
29;20240523;20240619
966;20190516;20190613
966;20200324;20200414
413;20201112;20201209
734;20211021;20211117
708;20201008;20201108
452;20180712;20180812
116;20220616;20220713
671;20181008;20181108
836;20110828;20110923
735;20201112;20201209
598;20220714;20220810
63;20111125;20120111
36;20161007;20161117
71;20230814;20230906
229;20250424;20250521
469;20151009;20151117
570;20260317;20260406
936;20120314;20120409
9;20160901;20160930
156;20200626;20200723
484;20230907;20231004
263;20200825;20200909
47;20220113;20220223
179;20220714;20220810
511;20201008;20201108
677;20171005;20171105
901;20171106;20171206
280;20210923;20211020
719;20220616;20220713
744;20181112;20181212
922;20220908;20221005
935;20201008;20201108
708;20160901;20160930
195;20220421;20220518
671;20140828;20141028
62;20120112;20120313
96;20180611;20180711
763;20250605;20250702
179;20110617;20110817
614;20150410;20150611
120;20180611;20180711
394;20140714;20140813
9;20190715;20190815
192;20141122;20150112
312;20171005;20171105
701;20180712;20180812
841;20220113;20220223
953;20190426;20190515
617;20181112;20181212
16;20170817;20170904
638;20180507;20180611
646;20180611;20180711
16;20110617;20110817
78;20200825;20200909
775;20170110;20170306
973;20240327;20240424
272;20181112;20181212
197;20140116;20140321
618;20180406;20180506
459;20180108;20180306
272;20161007;20161117
289;20190906;20191006
617;20140423;20140612
191;20181213;20190110
690;20190516;20190613
187;20150901;20151008
563;20171005;20171105
775;20230814;20230906
907;20190425;20190529
962;20171005;20171105
213;20180712;20180812
701;20190906;20191006
4;20120112;20120313
338;20160307;20160331
841;20220714;20220810
742;20140116;20140321
638;20201008;20201108
803;20211216;20220112
26;20200612;20200625
308;20211216;20220112
563;20111125;20120111
108;20160901;20160930
594;20230518;20230614
197;20250227;20250323
634;20160112;20160306
617;20250703;20250730
912;20170521;20170612
4;20241107;20241204
961;20220908;20221005
132;20210901;20210922
243;20231005;20231101
841;20210923;20211020
85;20210506;20210606
262;20160401;20160430
303;20201210;20210113
202;20140828;20141028
742;20241205;20250101
815;20180712;20180812
995;20251023;20251116
961;20251201;20251231
871;20181213;20190110
960;20211216;20220112
132;20141122;20150112
253;20210506;20210606
213;20181112;20181212
459;20200910;20201007
680;20140828;20141028
142;20220224;20220323
68;20190111;20190307
680;20121122;20130111
345;20181112;20181212
646;20170905;20171004
857;20210901;20210922
973;20201008;20201108
622;20171106;20171206
142;20140714;20140813
816;20170817;20170904
449;20220908;20221005
286;20201210;20210113
98;20180406;20180506
784;20221006;20221102
762;20180611;20180711
266;20241010;20241106
34;20211021;20211117
711;20190111;20190307
70;20211118;20211215
266;20170316;20170416
876;20180906;20181007
761;20210923;20211020
616;20231005;20231101
543;20190329;20190425
34;20210816;20210831
816;20241205;20250101
160;20201210;20210113
357;20170420;20170520
5;20201008;20201108
3;20121122;20130111
595;20201210;20210113
34;20130112;20130311
876;20250424;20250521
216;20180712;20180812
545;20250227;20250323
236;20230615;20230715
558;20220616;20220713
441;20210816;20210831
983;20180108;20180306
715;20230713;20230813
955;20160714;20160815
765;20180906;20181007
544;20191007;20191107
666;20240718;20240813
186;20230615;20230712
170;20190516;20190613
296;20211021;20211117
3;20201008;20201108
457;20190516;20190613
666;20210614;20210714
711;20221006;20221102
170;20241010;20241106
6;20140828;20141028
711;20231005;20231101
64;20210311;20210407
449;20171005;20171105
988;20181112;20181212
290;20200113;20200305
551;20230314;20230326
630;20220714;20220810
471;20131122;20140115
123;20190111;20190307
378;20190614;20190714
593;20160817;20160831
453;20141029;20141121
593;20180305;20180405
838;20210614;20210714
127;20190111;20190307
890;20230112;20230208
441;20201210;20210113
430;20120613;20120816
441;20200724;20200824
816;20200724;20200824
302;20190516;20190613
506;20210901;20210922
34;20140613;20140713
706;20190103;20190131
252;20210311;20210407
476;20201210;20210113
544;20190111;20190307
838;20260317;20260406
70;20190111;20190307
876;20190329;20190425
787;20140714;20140813
506;20181112;20181212
5;20210311;20210407
299;20181130;20181231
324;20210715;20210815
551;20180406;20180506
784;20211216;20220112
418;20140116;20140321
486;20181112;20181212
816;20181213;20190110
711;20210311;20210407
242;20211118;20211215
456;20130112;20130311
188;20180108;20180303
959;20200324;20200414
15;20150313;20150409
980;20240620;20240717
647;20170316;20170416
529;20190614;20190714
819;20110224;20110409
348;20180406;20180506
49;20200612;20200625
899;20180406;20180506
539;20150313;20150409
867;20240912;20241009
57;20140714;20140813
417;20201008;20201108
49;20241107;20241204
751;20231130;20240101
86;20140116;20140321
397;20180108;20180303
306;20210923;20211020
57;20230420;20230517
268;20231005;20231101
60;20190516;20190613
198;20190308;20190328
729;20170420;20170520
397;20260317;20260406
83;20240201;20240229
405;20231130;20240101
948;20250227;20250323
198;20170110;20170306
947;20160307;20160331
947;20230814;20230906
647;20251201;20251231
899;20230214;20230314
198;20151009;20151117
407;20220811;20220907
405;20170110;20170306
325;20240425;20240522
667;20120613;20120816
571;20171106;20171206
52;20190614;20190714
407;20210311;20210407
12;20200525;20200625
407;20130112;20130311
854;20171207;20180107
49;20151009;20151117
325;20221103;20221130
448;20180601;20180701
437;20180903;20181003
83;20110104;20110111
771;20201112;20201209
591;20210211;20210310
60;20141029;20141121
411;20160307;20160331
52;20150901;20151008
24;20141029;20141121
65;20230615;20230712
849;20170714;20170814
411;20211216;20220112
423;20160401;20160430
414;20210506;20210606
571;20130312;20130405
991;20131122;20140115
57;20240912;20241009
207;20251201;20251231
696;20180108;20180303
539;20130920;20131121
209;20130312;20130405
696;20120927;20121121
571;20190308;20190328
222;20221211;20230111
863;20240718;20240813
748;20180712;20180812
306;20250731;20250827
647;20191210;20200110
405;20190906;20191006
1;20120410;20120612
683;20200910;20201007
251;20190516;20190613
672;20200511;20200611
829;20140116;20140321
173;20180406;20180506
331;20181130;20181231
121;20181213;20190110
935;20231005;20231101
920;20240327;20240424
719;20151009;20151117
71;20250424;20250521
719;20200306;20200323
135;20190308;20190328
249;20240201;20240229
156;20200113;20200305
208;20220519;20220615
589;20171005;20171105
47;20130312;20130405
133;20170110;20170306
965;20210506;20210602
829;20170110;20170306
836;20240201;20240229
239;20190426;20190515
972;20150818;20150831
917;20230420;20230517
614;20241205;20250101
511;20231005;20231101
836;20150901;20151008
415;20220616;20220713
936;20110104;20110111
836;20220616;20220713
388;20190426;20190515
63;20211118;20211215
168;20201008;20201108
662;20140423;20140612
29;20200511;20200611
469;20260217;20260316
373;20170521;20170612
135;20190715;20190815
705;20220811;20220907
192;20160509;20160609
71;20260217;20260316
944;20230327;20230419
452;20230615;20230715
966;20220224;20220323
126;20160610;20160710
117;20211216;20220112
133;20201210;20210113
763;20200626;20200723
744;20190614;20190714
891;20231102;20231129
232;20130312;20130405
17;20210923;20211020
755;20200511;20200611
201;20230314;20230326
452;20200511;20200611
936;20150113;20150312
47;20260317;20260406
17;20190819;20190905
469;20190516;20190613
229;20181213;20190110
116;20250703;20250730
192;20190308;20190328
96;20260217;20260316
574;20200113;20200305
40;20200626;20200723
208;20210901;20210922
734;20250703;20250730
755;20150901;20151008
469;20250227;20250323
413;20170905;20171004
69;20180305;20180405
999;20220908;20221005
200;20151009;20151117
249;20231130;20240101
998;20180611;20180711
484;20200626;20200723
201;20250102;20250129
56;20220616;20220713
71;20230214;20230314
672;20210506;20210606
71;20181112;20181212
31;20250102;20250129
280;20171207;20180107
223;20190906;20191006
598;20220324;20220420
100;20200612;20200625
42;20150113;20150312
361;20200825;20200909
973;20220616;20220713
960;20160307;20160331
811;20160401;20160430
940;20180906;20181007
459;20160817;20160831
92;20220908;20221005
393;20210506;20210606
303;20200910;20201007
262;20210715;20210815
53;20241107;20241204
53;20211216;20220112
243;20210715;20210815
742;20260317;20260406
961;20151118;20160110
680;20220616;20220713
431;20171207;20180107
625;20170905;20171004
320;20191007;20191107
640;20250703;20250730
743;20201112;20201209
594;20240425;20240522
855;20230420;20230517
142;20201008;20201108
67;20201008;20201108
714;20161007;20161117
640;20181213;20190110
361;20180305;20180405
742;20190614;20190714
638;20160901;20160930
104;20190614;20190714
303;20251201;20251231
284;20151009;20151117
895;20201112;20201209
459;20170714;20170814
50;20210311;20210407
197;20260217;20260316
885;20230420;20230517
634;20251023;20251116
568;20250227;20250323
217;20181112;20181212
153;20230112;20230208
213;20180507;20180611
308;20230615;20230712
586;20200511;20200611
361;20220714;20220810
345;20230814;20230906
308;20231102;20231129
478;20220616;20220713
272;20230420;20230517
995;20221103;20221130
155;20210506;20210606
617;20171005;20171105
563;20190329;20190425
128;20230615;20230712
33;20230814;20230906
973;20210114;20210307
586;20250102;20250129
775;20220811;20220907
904;20191108;20191208
213;20160401;20160430
8;20220908;20221005
807;20140714;20140813
16;20190111;20190307
359;20190329;20190425
680;20151009;20151117
774;20190906;20191006
170;20141029;20141121
5;20111125;20120111
6;20160112;20160306
596;20230518;20230614
378;20191007;20191107
494;20151009;20151117
427;20211118;20211215
206;20210923;20211020
761;20170905;20171004
774;20200113;20200305
430;20151009;20151117
337;20210408;20210505
441;20241205;20250101
70;20200825;20200909
27;20160307;20160331
506;20160817;20160831
106;20210715;20210815
427;20210408;20210505
72;20210114;20210307
955;20190111;20190307
212;20120112;20120313
494;20220421;20220518
761;20180712;20180812
266;20141122;20150112
212;20230615;20230712
175;20200626;20200723
72;20211021;20211117
553;20180906;20181007
271;20170613;20170713
681;20180906;20181007
784;20181008;20181108
290;20171005;20171105
915;20191210;20200110
929;20181008;20181108
161;20220908;20221005
712;20230713;20230813
661;20170316;20170416
324;20220714;20220810
964;20250227;20250323
266;20190329;20190425
106;20121122;20130111
955;20210901;20210922
483;20160307;20160331
302;20171207;20180107
585;20140714;20140813
387;20110924;20111124
774;20200306;20200323
753;20210506;20210606
666;20161007;20161117
584;20180906;20181007
630;20111125;20120111
774;20221103;20221130
337;20250327;20250423
553;20250227;20250323
801;20120613;20120816
593;20180712;20180812
543;20110617;20110817
387;20130112;20130311
457;20190715;20190815
6;20250605;20250702
337;20160714;20160815
834;20150612;20150716
161;20191007;20191107
441;20151118;20160110
799;20160112;20160306
6;20210715;20210815
107;20150113;20150312
357;20250703;20250730
268;20120410;20120612
30;20250703;20250730
529;20210311;20210407
49;20140322;20140422
149;20130819;20130919
306;20190308;20190328
86;20161007;20161117
283;20230214;20230314
193;20230309;20230419
748;20190906;20191006
103;20190829;20190925
423;20210715;20210815
937;20250828;20250924
268;20220113;20220223
837;20201112;20201209
802;20130112;20130311
535;20201112;20201209
667;20210614;20210714
406;20220714;20220810
15;20260317;20260406
837;20170521;20170612
647;20211021;20211117
837;20211216;20220112
57;20180906;20181007
55;20181008;20181108
405;20221006;20221102
524;20180406;20180506
61;20201112;20201209
647;20220324;20220420
937;20241107;20241204
134;20201210;20210113
79;20200825;20200909
974;20170420;20170520
315;20210311;20210407
325;20210603;20210630
647;20210408;20210505
539;20140613;20140713
696;20241107;20241204
250;20241010;20241106
57;20110112;20110223
456;20170316;20170416
771;20190426;20190515
411;20160901;20160930
433;20210715;20210815
326;20190308;20190328
138;20230713;20230813
211;20201210;20210113
591;20210603;20210630
667;20110104;20110111
149;20110112;20110223
54;20191108;20191208
283;20210901;20210922
867;20191108;20191208
899;20250703;20250730
84;20200724;20200824
316;20210923;20211020
959;20180507;20180611
937;20170110;20170306
867;20250605;20250702
125;20210816;20210831
283;20180906;20181007
899;20240327;20240424
348;20180108;20180303
653;20240201;20240229
268;20191007;20191107
24;20191007;20191107
748;20240523;20240619
425;20180305;20180405
37;20171005;20171105
650;20220908;20221005
529;20161007;20161117
306;20210901;20210922
529;20160509;20160609
693;20251201;20251231
38;20170316;20170416
879;20260317;20260406
52;20180611;20180711
407;20180108;20180306
539;20180507;20180611
529;20251023;20251116
619;20220714;20220810
979;20201210;20210113
200;20240912;20241009
249;20111125;20120111
685;20110617;20110817
36;20230713;20230813
723;20250227;20250323
429;20160112;20160306
836;20210506;20210606
944;20250327;20250423
495;20191108;20191208
133;20220811;20220907
705;20221211;20230111
920;20240718;20240813
229;20210901;20210922
999;20221006;20221102
375;20190906;20191006
495;20180108;20180306
126;20241107;20241204
135;20190819;20190905
797;20190308;20190328
192;20110104;20110111
40;20150113;20150312
100;20141029;20141121
575;20150410;20150611
71;20161007;20161117
31;20180406;20180506
936;20160307;20160331
554;20230814;20230906
394;20200511;20200611
783;20201008;20201111
156;20191108;20191208
516;20210901;20210922
201;20181112;20181212
672;20200626;20200723
48;20180305;20180405
69;20160307;20160331
763;20240523;20240619
126;20220616;20220713
574;20190906;20191006
280;20181112;20181212
589;20180108;20180306
735;20160817;20160831
469;20200113;20200305
677;20180906;20181007
511;20170110;20170306
724;20220324;20220420
179;20130112;20130311
574;20211021;20211117
280;20241010;20241106
156;20170817;20170904
117;20151009;20151117
719;20190329;20190425
94;20240523;20240619
394;20221211;20230111
574;20191108;20191208
223;20210614;20210714
972;20211216;20220112
656;20231130;20240101
705;20220421;20220518
763;20170420;20170520
570;20210506;20210606
280;20220519;20220615
844;20130312;20130405
598;20211118;20211215
763;20160901;20160930
429;20171005;20171105
672;20130112;20130311
280;20250731;20250827
305;20220421;20220518
375;20190329;20190425
966;20160901;20160930
965;20230814;20230906
117;20160112;20160306
920;20190308;20190328
735;20240523;20240619
379;20260217;20260316
71;20190516;20190613
29;20170521;20170612
280;20210408;20210505
490;20250424;20250521
280;20200910;20201007
223;20170817;20170904
56;20190906;20191006
554;20180906;20181007
263;20221006;20221102
280;20250102;20250129
388;20140828;20141028
375;20150901;20151008
232;20180108;20180306
126;20221103;20221130
208;20210408;20210505
490;20200825;20200909
169;20121122;20130111
208;20250925;20251022
978;20170420;20170520
208;20190308;20190328
208;20120613;20120816
901;20211021;20211117
16;20150717;20150817
213;20240912;20241009
197;20220616;20220713
185;20171106;20171206
772;20161117;20170109
2;20250605;20250702
359;20190906;20191006
289;20190329;20190425
701;20230713;20230813
26;20180611;20180711
742;20170110;20170306
93;20190516;20190613
153;20150113;20150312
568;20200113;20200305
8;20200324;20200414
563;20171207;20180107
320;20220324;20220420
756;20160401;20160430
855;20221211;20230111
26;20180906;20181007
8;20170714;20170814
961;20160817;20160831
743;20191108;20191208
93;20250703;20250730
320;20181008;20181108
142;20251023;20251116
303;20241010;20241106
78;20170905;20171004
815;20160307;20160331
187;20200324;20200414
345;20240201;20240229
815;20180507;20180611
756;20200825;20200909
8;20250102;20250129
912;20220616;20220713
568;20240425;20240522
262;20211216;20220112
78;20160901;20160930
875;20240102;20240131
213;20240620;20240717
646;20240425;20240522
962;20180906;20181007
243;20220421;20220518
159;20221211;20230111
35;20170316;20170416
8;20140828;20141028
811;20120613;20120816
51;20191007;20191107
142;20190614;20190714
586;20130112;20130311
459;20150113;20150312
303;20220908;20221005
185;20121122;20130111
568;20190614;20190714
646;20110424;20110616
159;20190308;20190328
586;20111125;20120111
21;20241010;20241106
995;20160112;20160306
2;20220616;20220713
756;20150901;20151008
961;20240912;20241009
459;20160901;20160930
660;20181213;20190110
995;20240229;20240326
185;20160401;20160430
701;20190614;20190714
912;20230615;20230712
185;20210506;20210606
701;20120927;20121121
85;20170905;20171004
716;20251201;20251231
660;20180406;20180506
33;20170420;20170520
155;20180712;20180812
26;20220113;20220223
617;20180406;20180506
887;20181112;20181212
815;20170316;20170416
625;20210923;20211020
303;20201008;20201108
855;20200113;20200305
14;20180906;20181007
22;20211118;20211215
159;20240523;20240619
132;20120314;20120409
634;20210614;20210714
625;20190308;20190328
128;20191108;20191208
142;20110224;20110409
640;20200511;20200611
811;20180507;20180611
875;20200813;20200909
108;20110104;20110111
197;20120927;20121121
680;20180108;20180303
26;20120410;20120612
940;20190111;20190307
78;20210816;20210831
973;20190111;20190307
185;20250227;20250323
170;20170817;20170904
453;20181112;20181212
127;20161117;20170109
761;20210408;20210505
6;20220908;20221005
336;20140714;20140813
585;20210901;20210922
838;20200306;20200323
787;20140828;20141028
186;20200825;20200909
453;20141122;20150112
964;20181112;20181212
553;20250828;20250924
816;20210923;20211020
557;20240327;20240424
670;20160610;20160710
506;20201008;20201108
387;20210506;20210606
212;20220616;20220713
670;20221006;20221102
670;20140828;20141028
593;20160307;20160331
494;20170714;20170814
184;20140828;20141028
816;20191108;20191208
453;20170817;20170904
418;20120613;20120816
6;20151009;20151117
816;20170110;20170306
13;20151118;20160110
715;20140613;20140713
252;20200511;20200611
661;20160817;20160831
596;20181008;20181108
387;20220811;20220907
449;20211216;20220112
988;20200511;20200611
681;20230309;20230419
10;20120613;20120816
175;20140116;20140321
441;20210923;20211020
27;20230112;20230208
72;20250424;20250521
34;20210506;20210606
558;20251023;20251116
427;20161117;20170109
184;20140116;20140321
387;20240718;20240813
170;20190111;20190307
106;20220616;20220713
616;20201210;20210113
799;20151118;20160110
106;20231005;20231101
390;20201210;20210113
453;20240327;20240424
897;20130312;20130405
390;20140322;20140422
988;20210715;20210815
784;20200626;20200723
302;20141029;20141121
13;20130312;20130405
161;20220714;20220810
988;20221211;20230111
296;20220224;20220323
553;20210901;20210922
266;20230814;20230906
286;20181213;20190110
449;20210506;20210606
337;20260317;20260406
357;20200306;20200323
252;20200825;20200909
34;20220421;20220518
801;20170714;20170814
486;20200825;20200909
337;20190329;20190425
834;20191007;20191107
929;20200626;20200723
585;20110828;20110923
357;20211216;20220112
558;20201008;20201108
557;20240718;20240813
929;20140828;20141028
27;20250102;20250129
670;20120314;20120409
544;20220113;20220223
170;20160401;20160430
5;20211118;20211215
483;20130112;20130311
212;20181213;20190110
335;20170905;20171004
453;20111125;20120111
34;20210114;20210307
471;20120826;20120926
494;20211216;20220112
834;20171106;20171206
585;20120613;20120816
929;20110104;20110111
98;20231005;20231101
72;20210506;20210606
632;20200306;20200323
360;20190103;20190131
529;20220908;20221005
214;20120927;20121121
867;20250227;20250323
748;20170817;20170904
79;20181112;20181212
879;20160714;20160815
149;20240718;20240813
46;20260217;20260316
198;20180108;20180306
507;20260317;20260406
326;20210114;20210307
407;20151009;20151117
741;20120314;20120409
380;20191010;20191113
760;20130312;20130405
454;20140714;20140813
214;20250102;20250129
867;20250424;20250521
1;20160714;20160815
571;20130112;20130311
43;20140423;20140612
38;20160401;20160430
83;20191108;20191208
38;20110104;20110111
86;20160112;20160306
86;20211216;20220112
397;20170905;20171004
899;20250424;20250521
533;20190819;20190905
748;20160307;20160331
768;20200113;20200305
419;20241205;20250101
571;20220324;20220420
425;20150113;20150312
125;20130312;20130405
529;20240327;20240424
405;20200511;20200611
326;20251201;20251231
524;20210715;20210815
947;20181112;20181212
79;20211216;20220112
653;20220616;20220713
768;20250424;20250521
43;20140116;20140321
83;20250605;20250702
867;20250703;20250730
647;20170714;20170814
937;20191210;20200110
283;20230420;20230517
693;20220324;20220420
315;20171106;20171206
326;20190426;20190515
454;20180507;20180611
529;20110104;20110111
79;20110112;20110223
647;20170110;20170306
12;20240912;20241009
937;20201210;20210113
508;20181008;20181108
974;20230615;20230712
423;20210816;20210831
242;20160714;20160815
30;20240814;20240911
242;20230615;20230712
326;20130112;20130311
552;20181008;20181108
997;20191108;20191208
125;20210114;20210307
83;20170817;20170904
332;20190516;20190613
46;20250227;20250323
974;20191108;20191208
12;20180601;20180701
760;20150612;20150716
306;20191210;20200110
55;20180305;20180405
867;20240327;20240424
130;20240912;20241009
899;20191108;20191208
768;20230615;20230712
647;20210816;20210831
667;20130614;20130816
683;20170714;20170814
198;20211216;20220112
667;20140613;20140713
60;20160401;20160430
508;20220616;20220713
768;20181112;20181212
15;20170110;20170306
283;20220811;20220907
60;20120410;20120612
437;20191114;20191211
176;20121122;20130111
967;20201008;20201108
84;20200825;20200909
554;20220811;20220907
516;20221211;20230111
754;20260217;20260316
208;20250731;20250827
511;20200626;20200723
656;20190715;20190815
23;20200825;20200909
972;20200626;20200723
31;20181008;20181108
570;20230615;20230712
135;20211118;20211215
734;20180406;20180506
395;20110104;20110111
399;20140116;20140321
575;20151009;20151117
452;20180507;20180611
705;20180906;20181007
69;20180712;20180812
484;20240718;20240813
100;20121122;20130111
41;20210816;20210831
999;20211216;20220112
399;20160610;20160710
133;20201008;20201108
515;20140613;20140713
831;20190426;20190515
223;20171005;20171105
575;20181112;20181212
48;20140423;20140612
797;20190819;20190905
672;20211216;20220112
671;20160901;20160930
40;20250703;20250730
97;20180507;20180611
469;20140116;20140321
121;20180108;20180306
755;20160714;20160815
29;20260107;20260216
511;20250703;20250730
932;20251201;20251231
735;20180108;20180306
445;20140322;20140422
783;20220519;20220615
399;20220908;20221005
263;20200626;20200723
347;20200626;20200723
126;20180108;20180303
239;20230615;20230715
797;20220519;20220615
744;20160714;20160815
117;20150113;20150312
490;20210901;20210922
94;20181213;20190110
208;20220113;20220223
249;20260217;20260316
280;20190906;20191006
41;20210408;20210505
920;20190516;20190613
179;20230518;20230614
434;20230615;20230715
484;20151118;20160110
120;20180108;20180303
511;20251023;20251116
249;20230112;20230208
672;20160401;20160430
36;20211216;20220112
920;20180108;20180303
28;20140116;20140321
469;20220616;20220713
17;20160610;20160710
574;20211216;20220112
200;20230214;20230314
29;20170817;20170904
903;20171106;20171206
631;20151009;20151117
17;20170110;20170306
554;20200113;20200305
126;20120826;20120926
469;20210506;20210606
515;20181008;20181108
192;20230713;20230813
120;20230309;20230419
126;20110424;20110616
452;20110617;20110817
862;20170714;20170814
578;20210715;20210815
208;20210506;20210606
388;20220113;20220223
574;20190426;20190515
280;20240102;20240131
961;20250102;20250129
815;20210901;20210922
660;20240102;20240131
563;20220421;20220518
93;20120927;20121121
742;20210408;20210505
431;20150313;20150409
26;20130312;20130405
564;20150410;20150611
8;20210114;20210307
742;20230615;20230712
154;20240620;20240717
20;20190111;20190307
345;20181213;20190110
361;20170613;20170713
640;20240327;20240424
562;20160509;20160609
960;20120613;20120816
782;20180611;20180711
586;20211118;20211215
312;20170110;20170306
4;20160610;20160710
153;20140116;20140321
995;20210311;20210407
312;20210614;20210714
660;20220224;20220323
85;20160401;20160430
701;20151118;20160110
262;20161007;20161117
289;20180906;20181007
92;20240201;20240229
93;20181112;20181212
973;20200626;20200723
617;20181213;20190110
431;20200511;20200611
243;20200724;20200824
995;20111125;20120111
618;20230309;20230419
142;20140828;20141028
33;20241107;20241204
912;20250227;20250323
345;20140714;20140813
33;20171005;20171105
128;20231005;20231101
646;20110112;20110223
20;20211118;20211215
308;20161007;20161117
191;20240201;20240229
312;20200306;20200323
608;20211118;20211215
459;20191007;20191107
53;20190906;20191006
202;20200910;20201007
875;20210408;20210505
14;20190329;20190425
568;20180108;20180306
622;20200324;20200414
18;20171005;20171105
640;20110112;20110223
594;20190426;20190515
885;20140828;20141028
807;20190111;20190307
338;20180507;20180611
202;20171207;20180107
459;20181008;20181108
155;20160401;20160430
51;20220324;20220420
810;20220908;20221005
815;20220908;20221005
640;20140423;20140612
459;20250605;20250702
32;20200825;20200909
815;20120613;20120816
803;20190328;20190424
253;20141029;20141121
20;20210816;20210831
14;20230309;20230419
459;20190516;20190613
108;20190308;20190328
2;20130819;20130919
895;20190829;20190925
885;20180906;20181007
822;20180108;20180303
774;20221211;20230111
983;20220113;20220223
774;20170521;20170612
765;20211021;20211117
551;20240102;20240131
430;20191210;20200110
390;20110424;20110616
123;20200724;20200824
441;20170521;20170612
924;20211216;20220112
184;20171207;20180107
834;20120314;20120409
418;20190614;20190714
72;20251201;20251231
10;20191108;20191208
252;20250703;20250730
906;20190906;20191006
558;20160714;20160815
457;20211118;20211215
981;20151118;20160110
715;20160901;20160930
801;20210506;20210606
336;20150113;20150312
175;20160112;20160306
70;20190715;20190815
106;20170905;20171004
170;20111125;20120111
184;20180712;20180812
377;20160509;20160609
337;20161007;20161117
123;20200612;20200625
266;20181008;20181108
616;20130312;20130405
212;20250605;20250702
545;20220616;20220713
816;20141122;20150112
453;20240718;20240813
127;20191007;20191107
72;20151118;20160110
357;20230314;20230326
337;20201210;20210113
387;20260107;20260216
98;20190426;20190515
27;20150113;20150312
816;20170521;20170612
107;20180108;20180303
494;20201008;20201108
472;20220113;20220223
486;20180108;20180306
753;20231005;20231101
595;20250102;20250129
266;20200612;20200625
543;20211021;20211117
337;20251201;20251231
290;20211216;20220112
670;20201008;20201108
670;20161007;20161117
816;20151009;20151117
801;20171005;20171105
449;20200825;20200909
557;20181213;20190110
761;20210506;20210606
427;20200825;20200909
629;20230314;20230326
715;20240718;20240813
453;20190715;20190815
10;20231130;20240101
430;20150818;20150831
929;20160307;20160331
629;20180108;20180306
286;20221211;20230111
715;20161007;20161117
315;20200324;20200414
433;20191210;20200110
134;20210816;20210831
529;20170714;20170814
83;20220811;20220907
417;20170613;20170713
188;20160714;20160815
974;20201112;20201209
751;20181213;20190110
38;20140423;20140612
771;20211021;20211117
454;20140818;20140827
405;20181112;20181212
189;20210715;20210815
591;20190829;20190925
867;20220714;20220810
751;20150901;20151008
268;20141029;20141121
125;20190426;20190515
571;20170714;20170814
528;20190329;20190425
57;20140116;20140321
540;20190426;20190515
535;20180406;20180506
79;20230420;20230517
125;20110924;20111124
979;20240912;20241009
60;20200825;20200909
448;20250327;20250423
770;20180108;20180303
508;20250102;20250129
571;20190426;20190515
980;20230907;20231004
948;20140116;20140321
770;20190614;20190714
406;20150901;20151008
149;20190715;20190815
198;20120927;20121121
539;20180712;20180812
222;20201112;20201209
508;20171005;20171105
406;20170316;20170416
751;20180406;20180506
485;20181112;20181212
37;20110828;20110923
419;20240425;20240522
423;20170613;20170713
508;20160817;20160831
15;20190516;20190613
949;20160112;20160306
539;20260317;20260406
19;20250227;20250323
283;20211021;20211117
528;20250424;20250521
949;20221211;20230111
19;20240718;20240813
125;20191210;20200110
198;20230214;20230314
425;20211021;20211117
837;20180906;20181007
760;20241107;20241204
52;20240620;20240717
696;20250703;20250730
83;20210715;20210815
867;20170817;20170904
502;20200511;20200611
528;20220908;20221005
19;20240327;20240424
149;20140714;20140813
245;20171005;20171105
343;20140828;20141028
540;20251023;20251116
760;20170613;20170713
268;20140828;20141028
130;20120112;20120313
979;20250424;20250521
306;20151118;20160110
899;20241107;20241204
696;20140423;20140612
251;20201008;20201108
86;20250102;20250129
24;20200825;20200909
768;20201210;20210113
19;20220421;20220518
251;20191007;20191107
343;20190614;20190714
571;20111125;20120111
858;20180108;20180306
38;20151118;20160110
552;20241010;20241106
632;20220324;20220420
407;20170714;20170814
305;20120613;20120816
17;20191210;20200110
71;20210506;20210606
200;20231130;20240101
490;20220811;20220907
901;20110104;20110111
763;20240912;20241009
707;20110224;20110409
347;20180305;20180405
836;20140116;20140321
836;20250227;20250323
140;20110424;20110616
891;20210614;20210714
56;20150113;20150312
966;20181008;20181108
395;20151009;20151117
232;20240201;20240229
719;20180906;20181007
702;20150612;20150716
201;20160817;20160831
484;20110104;20110111
614;20211216;20220112
117;20141029;20141121
763;20240814;20240911
708;20141029;20141121
677;20211216;20220112
47;20241107;20241204
932;20240425;20240522
733;20240327;20240424
40;20120613;20120816
901;20181008;20181108
56;20190614;20190714
829;20190426;20190515
686;20200324;20200414
932;20200116;20200226
944;20241107;20241204
192;20190906;20191006
484;20220714;20220810
62;20160401;20160430
917;20220224;20220323
394;20230615;20230712
836;20120927;20121121
133;20211021;20211117
116;20221103;20221130
744;20180507;20180611
280;20220113;20220223
69;20251023;20251116
831;20240523;20240619
977;20200910;20201007
664;20230314;20230326
735;20200626;20200723
373;20160112;20160306
126;20260217;20260316
639;20160401;20160430
677;20140116;20140321
156;20210114;20210307
17;20171106;20171206
537;20200724;20200824
445;20151009;20151117
685;20181008;20181108
232;20210715;20210815
686;20200626;20200723
723;20190329;20190425
490;20151009;20151117
763;20240620;20240717
239;20180108;20180303
662;20200511;20200611
62;20170714;20170814
69;20160610;20160710
744;20110224;20110409
413;20220113;20220223
935;20210715;20210815
373;20220421;20220518
229;20150901;20151008
126;20160817;20160831
578;20190329;20190425
17;20170905;20171004
570;20180611;20180711
239;20190329;20190425
755;20150818;20150831
429;20230420;20230517
452;20110924;20111124
192;20170817;20170904
239;20230112;20230208
71;20181213;20190110
96;20210311;20210407
208;20191007;20191107
671;20220908;20221005
272;20211216;20220112
312;20220616;20220713
204;20190328;20190424
714;20170110;20170306
855;20171005;20171105
159;20250703;20250730
742;20191108;20191208
640;20210715;20210815
919;20200626;20200723
478;20190530;20190626
272;20190308;20190328
857;20220421;20220518
8;20230214;20230314
887;20160610;20160710
743;20140116;20140321
953;20220421;20220518
973;20200910;20201007
782;20200113;20200305
78;20210408;20210505
660;20181112;20181212
33;20160112;20160306
690;20200724;20200824
33;20150313;20150409
617;20250828;20250924
815;20260217;20260316
953;20140828;20141028
312;20230420;20230517
586;20210901;20210922
568;20230615;20230712
142;20180712;20180812
4;20181112;20181212
680;20110828;20110923
690;20170316;20170416
803;20210603;20210630
104;20191108;20191208
8;20190426;20190515
108;20240523;20240619
810;20200626;20200723
815;20140828;20141028
359;20190614;20190714
459;20260107;20260216
185;20150612;20150716
885;20160112;20160306
564;20260317;20260406
191;20191007;20191107
646;20241010;20241106
646;20231102;20231129
907;20210211;20210310
279;20221103;20221130
35;20190308;20190328
634;20221103;20221130
871;20250703;20250730
743;20180611;20180711
217;20141029;20141121
16;20130112;20130311
154;20220908;20221005
973;20240102;20240131
857;20190906;20191006
887;20250703;20250730
33;20160817;20160831
4;20201008;20201108
323;20230518;20230614
213;20241010;20241106
312;20220908;20221005
939;20170905;20171004
104;20220421;20220518
973;20240718;20240813
153;20160112;20160306
93;20250227;20250323
202;20180906;20181007
811;20110224;20110409
857;20180108;20180303
33;20190329;20190425
128;20200626;20200723
72;20130614;20130816
158;20190131;20190227
34;20170613;20170713
557;20180406;20180506
457;20190308;20190328
266;20160901;20160930
266;20240327;20240424
6;20230314;20230326
486;20210506;20210606
10;20140613;20140713
296;20181112;20181212
906;20230615;20230715
337;20190516;20190613
290;20150901;20151008
834;20140714;20140813
906;20170714;20170814
124;20121122;20130111
236;20180108;20180303
670;20150313;20150409
762;20150113;20150312
302;20160509;20160609
337;20180507;20180611
6;20250227;20250323
430;20180712;20180812
799;20171005;20171105
784;20151118;20160110
816;20220908;20221005
170;20140714;20140813
236;20171207;20180107
6;20141029;20141121
711;20190308;20190328
453;20260317;20260406
234;20220519;20220615
27;20210114;20210307
184;20161007;20161117
453;20180611;20180711
964;20240201;20240229
98;20250102;20250129
924;20190627;20190724
595;20170613;20170713
453;20201008;20201108
545;20211021;20211117
335;20220714;20220810
10;20250703;20250730
64;20241010;20241106
98;20200113;20200305
629;20200825;20200909
34;20240425;20240522
924;20181130;20181231
472;20210211;20210310
544;20190715;20190815
70;20210923;20211020
801;20150313;20150409
107;20110112;20110223
801;20140714;20140813
441;20210614;20210714
98;20220421;20220518
453;20240814;20240911
390;20111125;20120111
544;20210923;20211020
34;20130920;20131121
629;20151009;20151117
467;20150612;20150716
595;20180611;20180711
72;20251023;20251116
506;20220908;20221005
876;20200511;20200611
955;20200626;20200723
822;20120112;20120313
453;20200910;20201007
486;20151009;20151117
545;20190426;20190515
357;20210901;20210922
378;20181008;20181108
98;20250703;20250730
377;20140613;20140713
876;20161007;20161117
427;20200724;20200824
629;20260317;20260406
34;20200910;20201007
929;20151009;20151117
6;20130312;20130405
506;20160307;20160331
214;20180906;20181007
315;20180712;20180812
125;20130614;20130816
529;20130312;20130405
54;20200626;20200723
188;20171106;20171206
12;20190328;20190424
1;20200612;20200625
315;20111125;20120111
1;20170613;20170713
854;20230112;20230208
529;20250605;20250702
332;20180712;20180812
980;20250703;20250730
61;20211021;20211117
849;20211216;20220112
863;20240229;20240326
406;20180305;20180405
306;20170613;20170713
683;20140828;20141028
732;20191108;20191208
854;20170817;20170904
407;20240912;20241009
619;20190516;20190613
535;20210923;20211020
380;20220113;20220223
526;20201008;20201111
979;20250227;20250323
949;20180108;20180306
417;20220519;20220615
571;20250828;20250924
647;20161007;20161117
419;20231102;20231129
751;20230112;20230208
57;20171005;20171105
19;20180108;20180306
539;20140322;20140422
214;20190906;20191006
508;20170714;20170814
189;20130819;20130919
222;20180906;20181007
332;20161117;20170109
979;20200324;20200414
143;20180507;20180611
380;20210701;20210728
539;20220421;20220518
38;20171207;20180107
83;20210311;20210407
539;20110104;20110111
46;20200724;20200824
1;20201008;20201108
326;20190516;20190613
485;20190329;20190425
46;20220616;20220713
407;20201008;20201108
189;20160401;20160430
134;20190819;20190905
854;20190906;20191006
665;20260317;20260406
937;20220113;20220223
980;20200626;20200723
899;20210715;20210815
52;20170420;20170520
959;20200626;20200723
460;20190111;20190307
552;20220324;20220420
49;20210715;20210815
540;20151009;20151117
52;20230214;20230314
138;20171005;20171105
867;20110924;20111124
193;20230713;20230813
242;20200825;20200909
283;20161007;20161117
867;20201112;20201209
55;20181112;20181212
748;20110104;20110111
653;20181112;20181212
529;20130614;20130816
770;20190906;20191006
683;20200511;20200611
229;20190308;20190328
735;20200612;20200625
452;20190614;20190714
28;20190614;20190714
36;20170521;20170612
285;20210923;20211020
754;20211216;20220112
705;20200626;20200723
570;20160610;20160710
239;20201112;20201209
23;20190111;20190307
229;20140423;20140612
208;20251023;20251116
490;20160610;20160710
29;20190614;20190714
662;20141029;20141121
490;20180906;20181007
735;20160714;20160815
452;20140714;20140813
174;20210603;20210630
116;20190906;20191006
208;20240102;20240131
783;20230713;20230813
386;20200626;20200715
891;20230314;20230326
589;20220421;20220518
71;20180406;20180506
836;20180108;20180303
734;20120927;20121121
763;20121122;20130111
570;20251201;20251231
901;20171207;20180107
239;20160307;20160331
31;20240814;20240911
570;20191007;20191107
135;20210816;20210831
575;20171005;20171105
121;20180906;20181007
671;20110104;20110111
100;20260317;20260406
589;20170110;20170306
208;20130112;20130311
999;20201210;20210113
917;20190329;20190425
631;20130614;20130816
94;20190111;20190307
763;20210408;20210505
41;20180507;20180611
280;20190329;20190425
484;20230615;20230715
200;20220811;20220907
631;20171005;20171105
388;20190614;20190714
62;20110828;20110923
455;20220616;20220713
920;20210715;20210815
71;20170110;20170306
280;20191007;20191107
23;20220714;20220810
305;20160307;20160331
685;20151009;20151117
249;20150313;20150409
201;20221103;20221130
280;20160610;20160710
495;20140828;20141028
631;20140828;20141028
575;20201112;20201209
999;20210506;20210606
120;20230327;20230419
195;20210506;20210606
40;20180108;20180303
413;20191108;20191208
280;20210114;20210307
31;20110104;20110111
708;20210901;20210922
759;20210114;20210307
168;20220714;20220810
192;20110924;20111124
36;20170420;20170520
232;20171106;20171206
173;20230615;20230712
40;20160714;20160815
759;20190906;20191006
685;20181213;20190110
614;20210901;20210922
126;20181213;20190110
116;20171005;20171105
71;20140714;20140813
656;20221211;20230111
940;20180108;20180303
995;20200612;20200625
690;20190819;20190905
815;20251023;20251116
646;20160307;20160331
92;20110828;20110923
431;20151118;20160110
108;20220324;20220420
939;20190516;20190613
217;20240912;20241009
8;20180906;20181007
742;20230314;20230326
568;20170110;20170306
960;20180507;20180611
187;20231005;20231101
213;20120927;20121121
640;20180108;20180303
93;20250828;20250924
345;20200626;20200723
282;20221103;20221130
680;20191210;20200110
634;20190614;20190714
564;20230314;20230326
32;20220714;20220810
253;20151118;20160110
459;20260217;20260316
953;20180906;20181007
191;20230314;20230326
841;20161117;20170109
303;20190516;20190613
617;20220811;20220907
282;20210506;20210606
701;20250828;20250924
611;20210715;20210815
22;20190715;20190815
659;20210114;20210307
401;20140116;20140321
35;20180507;20180611
153;20240201;20240229
912;20181213;20190110
4;20211118;20211215
756;20160714;20160815
4;20230112;20230208
345;20220616;20220713
625;20241010;20241106
22;20180305;20180405
320;20220519;20220615
940;20210923;20211020
323;20220908;20221005
21;20210408;20210505
308;20140116;20140321
338;20180305;20180405
393;20191210;20200110
815;20130112;20130311
53;20200324;20200414
459;20170420;20170520
701;20150113;20150312
478;20191114;20191211
153;20220616;20220713
815;20191210;20200110
459;20210923;20211020
995;20220324;20220420
253;20160901;20160930
638;20111125;20120111
995;20170316;20170416
680;20200612;20200625
2;20150313;20150409
345;20200825;20200909
102;20170714;20170814
253;20160714;20160815
638;20170714;20170814
14;20191108;20191208
617;20231130;20240101
617;20210506;20210606
42;20140828;20141028
337;20141029;20141121
271;20180305;20180405
483;20180305;20180405
753;20190426;20190515
10;20151009;20151117
630;20211021;20211117
453;20231005;20231101
453;20190614;20190714
557;20161007;20161117
838;20180906;20181007
483;20140714;20140813
584;20210506;20210606
390;20141029;20141121
430;20151118;20160110
595;20170420;20170520
761;20200825;20200909
290;20210614;20210714
212;20250102;20250129
266;20161007;20161117
175;20140828;20141028
924;20191114;20191211
593;20190329;20190425
449;20220224;20220323
551;20180906;20181007
816;20170420;20170520
441;20110224;20110409
212;20140322;20140422
236;20220224;20220323
357;20210614;20210714
784;20171106;20171206
483;20110224;20110409
390;20150901;20151008
357;20180406;20180506
799;20220908;20221005
64;20160401;20160430
593;20171005;20171105
494;20110224;20110409
216;20141122;20150112
630;20160401;20160430
629;20121122;20130111
3;20151009;20151117
236;20160307;20160331
160;20220421;20220518
799;20151009;20151117
335;20211118;20211215
107;20180108;20180306
212;20190715;20190815
34;20170316;20170416
816;20250925;20251022
543;20190516;20190613
955;20240327;20240424
584;20120410;20120612
557;20170714;20170814
558;20180108;20180306
946;20201112;20201209
296;20140828;20141028
34;20191210;20200110
186;20240201;20240229
236;20170714;20170814
924;20220324;20220420
449;20130312;20130405
670;20111125;20120111
585;20190426;20190515
430;20110104;20110111
186;20110112;20110223
585;20250227;20250323
290;20200626;20200723
252;20240523;20240619
506;20201210;20210113
170;20211118;20211215
467;20160307;20160331
107;20210715;20210815
593;20200825;20200909
801;20140423;20140612
486;20231130;20240101
799;20220421;20220518
787;20220908;20221005
57;20240523;20240619
15;20110828;20110923
980;20110104;20110111
222;20211216;20220112
39;20140828;20141028
867;20200626;20200723
198;20220421;20220518
316;20191007;20191107
937;20170521;20170612
268;20121122;20130111
86;20190329;20190425
245;20210901;20210922
526;20190103;20190131
55;20160714;20160815
460;20200825;20200909
407;20160817;20160831
948;20240425;20240522
332;20160901;20160930
149;20140613;20140713
947;20160401;20160430
980;20170817;20170904
959;20120927;20121121
86;20240201;20240229
134;20260317;20260406
125;20250227;20250323
751;20231005;20231101
419;20190614;20190714
959;20180712;20180812
39;20220908;20221005
138;20250828;20250924
854;20230713;20230813
456;20210506;20210606
130;20230420;20230517
417;20200612;20200625
148;20110224;20110409
647;20250424;20250521
433;20160610;20160710
591;20230713;20230813
37;20200113;20200305
55;20180712;20180812
84;20241010;20241106
315;20141029;20141121
189;20240201;20240229
760;20231130;20240101
854;20241107;20241204
19;20120927;20121121
771;20250703;20250730
528;20230214;20230314
407;20141029;20141121
189;20220616;20220713
7;20151118;20160110
411;20111125;20120111
894;20150410;20150611
315;20220224;20220323
130;20250828;20250924
52;20200113;20200305
55;20201210;20210113
899;20211216;20220112
771;20160714;20160815
79;20230814;20230906
316;20220324;20220420
407;20210114;20210307
61;20190530;20190626
316;20220519;20220615
79;20180108;20180303
425;20151009;20151117
456;20200324;20200414
242;20180611;20180711
52;20200910;20201007
222;20241205;20250101
326;20141029;20141121
529;20210715;20210815
771;20220616;20220713
967;20200626;20200723
37;20140423;20140612
433;20221006;20221102
433;20181008;20181108
867;20241205;20250101
46;20200825;20200909
397;20220113;20220223
967;20181213;20190110
583;20170420;20170520
146;20250102;20250129
920;20230814;20230906
179;20190308;20190328
117;20220224;20220323
249;20210715;20210815
69;20171005;20171105
28;20180108;20180306
126;20200612;20200625
31;20220113;20220223
249;20120826;20120926
41;20180305;20180405
223;20160901;20160930
69;20220224;20220323
395;20181112;20181212
922;20220714;20220810
656;20250102;20250129
672;20150612;20150716
263;20201008;20201108
69;20191210;20200110
831;20220421;20220518
156;20211216;20220112
69;20130112;20130311
94;20240912;20241009
9;20161117;20170109
395;20171207;20180107
672;20121122;20130111
469;20161007;20161117
645;20220421;20220518
901;20150313;20150409
677;20180406;20180506
656;20230214;20230314
901;20160610;20160710
570;20181112;20181212
671;20130112;20130311
223;20150113;20150312
917;20140116;20140321
373;20180108;20180303
126;20201210;20210113
200;20241107;20241204
69;20180507;20180611
708;20130614;20130816
574;20140828;20141028
94;20170521;20170612
614;20180406;20180506
126;20220908;20221005
121;20260317;20260406
672;20211021;20211117
347;20240718;20240813
140;20250605;20250702
174;20201112;20201209
63;20110828;20110923
429;20181112;20181212
263;20171207;20180107
201;20180611;20180711
836;20230420;20230517
201;20130819;20130919
490;20201210;20210113
373;20250102;20250129
656;20180406;20180506
705;20160714;20160815
229;20221006;20221102
493;20110224;20110409
966;20220421;20220518
40;20190111;20190307
554;20120927;20121121
48;20180712;20180812
69;20200825;20200909
40;20181213;20190110
200;20230615;20230712
31;20171106;20171206
516;20210506;20210606
388;20140714;20140813
636;20190308;20190328
29;20190329;20190425
723;20241205;20250101
399;20140828;20141028
484;20130614;20130816
36;20220224;20220323
614;20181213;20190110
614;20240102;20240131
31;20250703;20250730
249;20190819;20190905
415;20171005;20171105
744;20220908;20221005
208;20170817;20170904
701;20141122;20150112
303;20240718;20240813
459;20110924;20111124
742;20251023;20251116
953;20240102;20240131
459;20130112;20130311
128;20170714;20170814
202;20180611;20180711
701;20140116;20140321
617;20220224;20220323
16;20141122;20150112
961;20260217;20260316
659;20230309;20230419
142;20130112;20130311
960;20180305;20180405
303;20240425;20240522
185;20150901;20151008
973;20200612;20200625
18;20220421;20220518
995;20190715;20190815
154;20171207;20180107
303;20220519;20220615
563;20180305;20180405
961;20191108;20191208
320;20180712;20180812
128;20180108;20180306
514;20211118;20211215
303;20180611;20180711
320;20220113;20220223
32;20211216;20220112
104;20211216;20220112
361;20160401;20160430
67;20170110;20170306
217;20240327;20240424
887;20190308;20190328
262;20141029;20141121
403;20200511;20200611
197;20211021;20211117
85;20220324;20220420
815;20190329;20190425
680;20180906;20181007
973;20250424;20250521
459;20240201;20240229
973;20260107;20260216
811;20151009;20151117
102;20180406;20180506
973;20140322;20140422
562;20160401;20160430
756;20220421;20220518
742;20210614;20210714
640;20190111;20190307
962;20220908;20221005
272;20220616;20220713
912;20181112;20181212
701;20180305;20180405
67;20240523;20240619
401;20201112;20201209
701;20220324;20220420
284;20170714;20170814
53;20170420;20170520
142;20151009;20151117
191;20140322;20140422
939;20220714;20220810
459;20220519;20220615
253;20121122;20130111
212;20241107;20241204
72;20200910;20201007
430;20141029;20141121
324;20190516;20190613
302;20211021;20211117
457;20191007;20191107
801;20160610;20160710
712;20220113;20220223
584;20181112;20181212
715;20190308;20190328
595;20171106;20171206
170;20200724;20200824
377;20220324;20220420
457;20161117;20170109
34;20111125;20120111
184;20210311;20210407
378;20200825;20200909
34;20110104;20110111
822;20250227;20250323
72;20210901;20210922
551;20260317;20260406
34;20160509;20160609
816;20251201;20251231
72;20170316;20170416
712;20221103;20221130
476;20180611;20180711
787;20111125;20120111
441;20180507;20180611
72;20220324;20220420
453;20240912;20241009
467;20180305;20180405
711;20230214;20230314
955;20211216;20220112
170;20210715;20210815
6;20160610;20160710
252;20171005;20171105
553;20240718;20240813
107;20250828;20250924
477;20121122;20130111
302;20110224;20110409
170;20181008;20181108
72;20171005;20171105
160;20210715;20210815
441;20160901;20160930
929;20160714;20160815
799;20240102;20240131
585;20220616;20220713
774;20190614;20190714
585;20250828;20250924
787;20150313;20150409
816;20160307;20160331
441;20240229;20240326
712;20231130;20240101
606;20201112;20201209
175;20210901;20210922
248;20201210;20210113
467;20170316;20170416
762;20140116;20140321
585;20130819;20130919
816;20111125;20120111
472;20190425;20190529
337;20200724;20200824
98;20240201;20240229
606;20140613;20140713
170;20240425;20240522
753;20251023;20251116
616;20181213;20190110
98;20210901;20210922
290;20160307;20160331
616;20230314;20230326
955;20180108;20180306
184;20210506;20210606
216;20190906;20191006
539;20190715;20190815
405;20221211;20230111
571;20220224;20220323
60;20250102;20250129
189;20150901;20151008
529;20170521;20170612
149;20220421;20220518
899;20200626;20200723
454;20180712;20180812
46;20231005;20231101
879;20231102;20231129
125;20171207;20180107
245;20200910;20201007
488;20140613;20140713
518;20141029;20141121
134;20220616;20220713
456;20120613;20120816
771;20210408;20210505
571;20160610;20160710
60;20170905;20171004
103;20210603;20210630
425;20160610;20160710
529;20231005;20231101
529;20171005;20171105
146;20210901;20210922
751;20200724;20200824
43;20230713;20230813
867;20170613;20170713
306;20121122;20130111
419;20180906;20181007
796;20120826;20120926
863;20180108;20180306
802;20110104;20110111
24;20130312;20130405
748;20170714;20170814
653;20240327;20240424
343;20230112;20230208
974;20210614;20210714
149;20230420;20230517
65;20200612;20200625
837;20151009;20151117
683;20230214;20230314
19;20210901;20210922
245;20230327;20230419
650;20210408;20210505
1;20130312;20130405
30;20180702;20180801
283;20201210;20210113
83;20120927;20121121
937;20111125;20120111
540;20160112;20160306
38;20171005;20171105
222;20140116;20140321
696;20181213;20190110
433;20200626;20200723
283;20150113;20150312
949;20251023;20251116
650;20180430;20180531
619;20180712;20180812
540;20211216;20220112
974;20230314;20230326
24;20221103;20221130
193;20190426;20190515
425;20140116;20140321
748;20160509;20160609
52;20250424;20250521
502;20160714;20160815
647;20250327;20250423
24;20211118;20211215
130;20171005;20171105
948;20171005;20171105
867;20170110;20170306
125;20180507;20180611
508;20180406;20180506
343;20180906;20181007
437;20211021;20211117
125;20220616;20220713
268;20250227;20250323
125;20210506;20210606
748;20180507;20180611
79;20161007;20161117
57;20231005;20231101
245;20171207;20180107
894;20141029;20141121
653;20211021;20211117
502;20150901;20151008
771;20251023;20251116
539;20250424;20250521
863;20160817;20160831
15;20210923;20211020
214;20150113;20150312
540;20191108;20191208
306;20240523;20240619
899;20251023;20251116
948;20220421;20220518
484;20110617;20110817
117;20240523;20240619
574;20210614;20210714
62;20110112;20110223
305;20201008;20201108
495;20201112;20201209
685;20170316;20170416
140;20170905;20171004
662;20210901;20210922
452;20200626;20200723
140;20171106;20171206
490;20200113;20200305
135;20210408;20210505
671;20171106;20171206
589;20200910;20201007
29;20250227;20250323
434;20240620;20240717
29;20240327;20240424
17;20241107;20241204
972;20170316;20170416
831;20201210;20210113
664;20260317;20260406
62;20180906;20181007
263;20120613;20120816
96;20240718;20240813
836;20170714;20170814
935;20221006;20221102
469;20221211;20230111
36;20250102;20250129
763;20180507;20180611
755;20181112;20181212
452;20190111;20190307
920;20221006;20221102
972;20220224;20220323
664;20181112;20181212
598;20170905;20171004
862;20110617;20110817
516;20250102;20250129
829;20170521;20170612
495;20200113;20200305
763;20250227;20250323
831;20250828;20250924
373;20190329;20190425
490;20150113;20150312
36;20160307;20160331
578;20180305;20180405
469;20170110;20170306
920;20241107;20241204
239;20230327;20230419
388;20160901;20160930
40;20110112;20110223
455;20210114;20210307
140;20231130;20240101
173;20220616;20220713
135;20190516;20190613
490;20221211;20230111
998;20181112;20181212
263;20150313;20150409
631;20110224;20110409
94;20191007;20191107
570;20180906;20181007
901;20151118;20160110
386;20220908;20221005
94;20160610;20160710
280;20210715;20210815
724;20150717;20150817
117;20200324;20200414
120;20241107;20241204
280;20260217;20260316
554;20221006;20221102
966;20170714;20170814
656;20190906;20191006
677;20161007;20161117
200;20140116;20140321
388;20110924;20111124
685;20210901;20210922
723;20220224;20220323
388;20260107;20260216
936;20210901;20210922
388;20231005;20231101
232;20250605;20250702
263;20160307;20160331
484;20190906;20191006
18;20180906;20181007
243;20210311;20210407
431;20160610;20160710
253;20181213;20190110
478;20190328;20190424
35;20210923;20211020
855;20201112;20201209
323;20240814;20240911
345;20230214;20230314
714;20240425;20240522
431;20170714;20170814
159;20240718;20240813
714;20220616;20220713
940;20210408;20210505
323;20221103;20221130
18;20191108;20191208
67;20211021;20211117
2;20191210;20200110
646;20250102;20250129
308;20251023;20251116
155;20241010;20241106
51;20220714;20220810
2;20181112;20181212
104;20161007;20161117
514;20220714;20220810
772;20190111;20190307
692;20190829;20190925
962;20231102;20231129
640;20211216;20220112
660;20151009;20151117
634;20170420;20170520
807;20211216;20220112
68;20160901;20160930
622;20211021;20211117
272;20200825;20200909
811;20140423;20140612
16;20171005;20171105
841;20210408;20210505
618;20170420;20170520
164;20130312;20130405
640;20170110;20170306
21;20220324;20220420
51;20180712;20180812
973;20231102;20231129
953;20160714;20160815
359;20210901;20210922
303;20210923;20211020
459;20210506;20210606
185;20191210;20200110
243;20181213;20190110
841;20170613;20170713
128;20240201;20240229
20;20190715;20190815
194;20210211;20210310
303;20180712;20180812
638;20160610;20160710
21;20180305;20180405
18;20210114;20210307
16;20120927;20121121
50;20190516;20190613
742;20200306;20200323
22;20190516;20190613
855;20161007;20161117
243;20251201;20251231
50;20210715;20210815
692;20210211;20210310
289;20140828;20141028
973;20240201;20240229
885;20151009;20151117
2;20110424;20110616
8;20240620;20240717
562;20190329;20190425
586;20240718;20240813
202;20210614;20210714
478;20200326;20200422
217;20220421;20220518
919;20220224;20220323
128;20181112;20181212
973;20180108;20180306
630;20150901;20151008
799;20230615;20230712
107;20171005;20171105
545;20210901;20210922
715;20150113;20150312
337;20170316;20170416
983;20191108;20191208
593;20121122;20130111
430;20140116;20140321
3;20160610;20160710
483;20240718;20240813
834;20161007;20161117
123;20190715;20190815
629;20211118;20211215
453;20200626;20200723
72;20190715;20190815
787;20160610;20160710
838;20150410;20150611
418;20130312;20130405
27;20220616;20220713
72;20190516;20190613
337;20240912;20241009
25;20190829;20190925
441;20170420;20170520
753;20250703;20250730
715;20170521;20170612
666;20200511;20200611
784;20181112;20181212
801;20211216;20220112
822;20190516;20190613
387;20190426;20190515
816;20201008;20201108
606;20141122;20150112
107;20230214;20230314
184;20151009;20151117
964;20180906;20181007
596;20171207;20180107
98;20180906;20181007
6;20180108;20180303
72;20181112;20181212
453;20140613;20140713
186;20210923;20211020
290;20230615;20230715
816;20130920;20131121
25;20210603;20210630
595;20170905;20171004
988;20180906;20181007
123;20161117;20170109
299;20210729;20210825
494;20160307;20160331
106;20140828;20141028
494;20200324;20200414
630;20120613;20120816
449;20200324;20200414
816;20180507;20180611
357;20150410;20150611
955;20170110;20170306
876;20170817;20170904
441;20111125;20120111
98;20240523;20240619
449;20150612;20150716
34;20250731;20250827
266;20210614;20210714
25;20200716;20200812
494;20210506;20210606
551;20230615;20230712
964;20140828;20141028
266;20241107;20241204
286;20130819;20130919
988;20250703;20250730
449;20111125;20120111
834;20121122;20130111
441;20160307;20160331
453;20181008;20181108
377;20190308;20190328
906;20200324;20200414
286;20201008;20201108
453;20160610;20160710
441;20130920;20131121
70;20200724;20200824
606;20171106;20171206
606;20131122;20140115
616;20150612;20150716
335;20200825;20200909
670;20220714;20220810
762;20240201;20240229
441;20220908;20221005
337;20140322;20140422
596;20150717;20150817
337;20210816;20210831
585;20200825;20200909
453;20191007;20191107
10;20240912;20241009
170;20200612;20200625
706;20201008;20201111
184;20160307;20160331
184;20171106;20171206
441;20210311;20210407
357;20220908;20221005
924;20180601;20180701
49;20130819;20130919
83;20130112;20130311
849;20170110;20170306
143;20220519;20220615
456;20150313;20150409
60;20241107;20241204
86;20170714;20170814
235;20200724;20200824
526;20250828;20250924
83;20130312;20130405
528;20171005;20171105
60;20171106;20171206
1;20191007;20191107
524;20140423;20140612
502;20140423;20140612
488;20220324;20220420
79;20120112;20120313
411;20210901;20210922
456;20151009;20151117
539;20240102;20240131
456;20160401;20160430
83;20240718;20240813
242;20170613;20170713
325;20180903;20181003
46;20160714;20160815
879;20200113;20200305
696;20250102;20250129
1;20180108;20180303
748;20180305;20180405
125;20120613;20120816
760;20180611;20180711
854;20160307;20160331
524;20140116;20140321
947;20160714;20160815
867;20160401;20160430
849;20250102;20250129
326;20241010;20241106
867;20140828;20141028
529;20160901;20160930
867;20250925;20251022
149;20210311;20210407
854;20160112;20160306
406;20161007;20161117
198;20120112;20120313
283;20180611;20180711
433;20180712;20180812
315;20150612;20150716
60;20210816;20210831
84;20180305;20180405
867;20130112;20130311
979;20260217;20260316
306;20170521;20170612
407;20180406;20180506
867;20230814;20230906
30;20250424;20250521
65;20230112;20230208
326;20220714;20220810
125;20151009;20151117
949;20230314;20230326
39;20200324;20200414
947;20120927;20121121
979;20190111;20190307
508;20220908;20221005
134;20260217;20260316
125;20220519;20220615
250;20200612;20200625
485;20170521;20170612
306;20160714;20160815
947;20110224;20110409
49;20201008;20201108
760;20220908;20221005
863;20130614;20130816
524;20211216;20220112
315;20190329;20190425
332;20210311;20210407
397;20191108;20191208
647;20240229;20240326
65;20191210;20200110
967;20141029;20141121
423;20200612;20200625
899;20200511;20200611
488;20200612;20200625
454;20110104;20110111
83;20191007;20191107
192;20200626;20200723
578;20130312;20130405
394;20240201;20240229
966;20200825;20200909
490;20230420;20230517
755;20150313;20150409
831;20171005;20171105
516;20200825;20200909
672;20110617;20110817
71;20191108;20191208
831;20200825;20200909
94;20250327;20250423
415;20150901;20151008
100;20150313;20150409
97;20161117;20170109
331;20250327;20250423
672;20130614;20130816
724;20220519;20220615
173;20200113;20200305
23;20200612;20200625
31;20170521;20170612
965;20180802;20180902
29;20220224;20220323
719;20240425;20240522
232;20120826;20120926
664;20170110;20170306
56;20180906;20181007
434;20180108;20180303
156;20210901;20210922
17;20160401;20160430
759;20201112;20201209
836;20190308;20190328
200;20220616;20220713
936;20190614;20190714
580;20171106;20171206
305;20210715;20210815
515;20191007;20191107
708;20220421;20220518
515;20110224;20110409
48;20151118;20160110
200;20221006;20221102
31;20240102;20240131
29;20200910;20201007
966;20151009;20151117
305;20220224;20220323
734;20171005;20171105
755;20170714;20170814
394;20170714;20170814
126;20120410;20120612
140;20250227;20250323
495;20210901;20210922
41;20190715;20190815
662;20240718;20240813
36;20240620;20240717
631;20210506;20210606
901;20200324;20200414
179;20120314;20120409
429;20201112;20201209
965;20250605;20250702
516;20171005;20171105
671;20171207;20180107
94;20160714;20160815
744;20120613;20120816
100;20190516;20190613
735;20181008;20181108
133;20200511;20200611
31;20190111;20190307
394;20220616;20220713
554;20180108;20180303
280;20140322;20140422
94;20121122;20130111
305;20200324;20200414
492;20191010;20191113
94;20241010;20241106
490;20240201;20240229
195;20210715;20210815
570;20220908;20221005
484;20170521;20170612
672;20111125;20120111
656;20201008;20201108
361;20210923;20211020
159;20180611;20180711
320;20160901;20160930
345;20230615;20230712
185;20200724;20200824
33;20191108;20191208
714;20180611;20180711
217;20140714;20140813
14;20190614;20190714
618;20200511;20200611
995;20240523;20240619
213;20190819;20190905
262;20150612;20150716
973;20210923;20211020
742;20171005;20171105
586;20180611;20180711
912;20240102;20240131
4;20170110;20170306
185;20111125;20120111
568;20180406;20180506
660;20260317;20260406
2;20141029;20141121
907;20210923;20211020
961;20200511;20200611
16;20140818;20140827
303;20140322;20140422
690;20180507;20180611
431;20200825;20200909
995;20201112;20201209
973;20130614;20130816
807;20160401;20160430
108;20151118;20160110
26;20111125;20120111
634;20160714;20160815
213;20200724;20200824
772;20160401;20160430
810;20220224;20220323
622;20190329;20190425
617;20251023;20251116
26;20230615;20230712
640;20120112;20120313
841;20200825;20200909
4;20151009;20151117
855;20251023;20251116
42;20230713;20230813
21;20200612;20200625
132;20140714;20140813
962;20160112;20160306
617;20221211;20230111
153;20210114;20210307
204;20200716;20200812
289;20211021;20211117
153;20191108;20191208
625;20160901;20160930
855;20140828;20141028
217;20200626;20200723
634;20260317;20260406
586;20130312;20130405
217;20251023;20251116
142;20120613;20120816
562;20251023;20251116
973;20231130;20240101
345;20251023;20251116
714;20140828;20141028
132;20230615;20230715
660;20140116;20140321
187;20210614;20210714
33;20160901;20160930
815;20110617;20110817
8;20200626;20200723
646;20221103;20221130
562;20160610;20160710
961;20240327;20240424
855;20160112;20160306
159;20240912;20241009
10;20240201;20240229
266;20231130;20240101
441;20250102;20250129
377;20170316;20170416
337;20190819;20190905
70;20181008;20181108
593;20190516;20190613
300;20130312;20130405
387;20160817;20160831
585;20191108;20191208
557;20230814;20230906
453;20140322;20140422
390;20160112;20160306
317;20130312;20130405
834;20120613;20120816
299;20240327;20240424
595;20110424;20110616
558;20220421;20220518
471;20130312;20130405
476;20180108;20180303
955;20250703;20250730
506;20160714;20160815
123;20180712;20180812
34;20210923;20211020
787;20190329;20190425
72;20220908;20221005
248;20260217;20260316
666;20220324;20220420
186;20171106;20171206
558;20160610;20160710
558;20180108;20180303
506;20200626;20200723
816;20171005;20171105
98;20221006;20221102
543;20171106;20171206
890;20141029;20141121
799;20191108;20191208
144;20121122;20130111
876;20171005;20171105
988;20231005;20231101
5;20140322;20140422
666;20150410;20150611
906;20110224;20110409
453;20210614;20210714
765;20170110;20170306
98;20190516;20190613
336;20160901;20160930
596;20230615;20230715
630;20200626;20200723
816;20250102;20250129
170;20220519;20220615
595;20160714;20160815
427;20210816;20210831
157;20191212;20200115
170;20210614;20210714
10;20181112;20181212
72;20240912;20241009
838;20181112;20181212
584;20160401;20160430
988;20200324;20200414
170;20141122;20150112
834;20140828;20141028
753;20250102;20250129
784;20200511;20200611
838;20140116;20140321
584;20160610;20160710
6;20110424;20110616
387;20180507;20180611
25;20190530;20190626
630;20130312;20130405
784;20110617;20110817
765;20221103;20221130
616;20180108;20180306
10;20140714;20140813
175;20240201;20240229
6;20120826;20120926
418;20211216;20220112
472;20180903;20181003
5;20230615;20230712
127;20210408;20210505
335;20201008;20201108
558;20221006;20221102
216;20110924;20111124
10;20211021;20211117
138;20220324;20220420
348;20210408;20210505
189;20221211;20230111
46;20180108;20180306
52;20171005;20171105
52;20180406;20180506
508;20161007;20161117
79;20180406;20180506
407;20170316;20170416
125;20141122;20150112
125;20160307;20160331
947;20141029;20141121
55;20110617;20110817
343;20170817;20170904
849;20230814;20230906
306;20200612;20200625
529;20160307;20160331
79;20181213;20190110
193;20210114;20210307
406;20210311;20210407
15;20121122;20130111
214;20140423;20140612
407;20181213;20190110
524;20201210;20210113
937;20220421;20220518
440;20110224;20110409
61;20220324;20220420
43;20240814;20240911
937;20220714;20220810
38;20220224;20220323
533;20180712;20180812
748;20240620;20240717
143;20211118;20211215
748;20140116;20140321
316;20181008;20181108
948;20201112;20201209
65;20190819;20190905
571;20190516;20190613
242;20210923;20211020
997;20240102;20240131
768;20231130;20240101
974;20190906;20191006
125;20220224;20220323
188;20200626;20200723
60;20160817;20160831
967;20210901;20210922
219;20200326;20200422
326;20240229;20240326
46;20201008;20201108
343;20161007;20161117
84;20200612;20200625
417;20170316;20170416
683;20220908;20221005
189;20210311;20210407
222;20190614;20190714
867;20121122;20130111
868;20260317;20260406
211;20210701;20210728
242;20250605;20250702
518;20160509;20160609
411;20181213;20190110
325;20200116;20200226
268;20150313;20150409
529;20240912;20241009
949;20140828;20141028
528;20190614;20190714
130;20150901;20151008
571;20180611;20180711
529;20140613;20140713
770;20211216;20220112
937;20160714;20160815
786;20110224;20110409
539;20170521;20170612
959;20140818;20140827
867;20220224;20220323
632;20150717;20150817
433;20201210;20210113
219;20220908;20221005
870;20141029;20141121
653;20250102;20250129
54;20170817;20170904
60;20160714;20160815
619;20190819;20190905
417;20210311;20210407
524;20181112;20181212
539;20170110;20170306
771;20220908;20221005
508;20121122;20130111
770;20221103;20221130
539;20110224;20110409
326;20191108;20191208
138;20140613;20140713
508;20231005;20231101
947;20210614;20210714
251;20180305;20180405
754;20191210;20200110
305;20171207;20180107
413;20200113;20200305
200;20251023;20251116
69;20190516;20190613
28;20231005;20231101
677;20190906;20191006
285;20221006;20221102
173;20240327;20240424
570;20220113;20220223
516;20240718;20240813
56;20230615;20230715
495;20211216;20220112
455;20191108;20191208
223;20180305;20180405
452;20230420;20230517
434;20161007;20161117
31;20200910;20201007
63;20150612;20150716
36;20210901;20210922
415;20230713;20230813
977;20201112;20201209
578;20141029;20141121
347;20161007;20161117
685;20220908;20221005
249;20250227;20250323
631;20140714;20140813
733;20220616;20220713
120;20190614;20190714
223;20131122;20140115
375;20110828;20110923
415;20220421;20220518
41;20201008;20201108
48;20200626;20200723
140;20190819;20190905
744;20160307;20160331
156;20190426;20190515
429;20220224;20220323
685;20160610;20160710
208;20140322;20140422
455;20220224;20220323
17;20140828;20141028
671;20160307;20160331
394;20120112;20120313
388;20241205;20250101
516;20170714;20170814
733;20250605;20250702
719;20190614;20190714
434;20210114;20210307
229;20200511;20200611
31;20200511;20200611
305;20130112;20130311
645;20210901;20210922
388;20210715;20210815
614;20250703;20250730
614;20200306;20200323
41;20170316;20170416
901;20170316;20170416
17;20111125;20120111
917;20190426;20190515
469;20230420;20230517
708;20181112;20181212
755;20200825;20200909
452;20220519;20220615
40;20240523;20240619
200;20170110;20170306
429;20250227;20250323
429;20240102;20240131
836;20250424;20250521
331;20220714;20220810
575;20221103;20221130
589;20170817;20170904
201;20140322;20140422
922;20210311;20210407
29;20160610;20160710
232;20210311;20210407
69;20150113;20150312
388;20201112;20201209
117;20180611;20180711
116;20250227;20250323
999;20200825;20200909
944;20241205;20250101
735;20240718;20240813
755;20221006;20221102
917;20250227;20250323
29;20210816;20210831
495;20181213;20190110
63;20210311;20210407
631;20121122;20130111
173;20251023;20251116
920;20181112;20181212
126;20180906;20181007
280;20180712;20180812
759;20180906;20181007
28;20180108;20180303
685;20130614;20130816
179;20181008;20181108
108;20250828;20250924
26;20201008;20201108
953;20250227;20250323
514;20230713;20230813
811;20130312;20130405
995;20201210;20210113
8;20180611;20180711
973;20160112;20160306
162;20130312;20130405
320;20210923;20211020
995;20190516;20190613
743;20140828;20141028
282;20181213;20190110
312;20140116;20140321
92;20150612;20150716
202;20230327;20230419
308;20170521;20170612
617;20260217;20260316
312;20180108;20180303
102;20161007;20161117
961;20241205;20250101
995;20171005;20171105
562;20141029;20141121
102;20200324;20200414
887;20190111;20190307
807;20210614;20210714
85;20180305;20180405
563;20150113;20150312
93;20160610;20160710
262;20111125;20120111
756;20170316;20170416
323;20240229;20240326
191;20250102;20250129
213;20210715;20210815
478;20200525;20200625
50;20210506;20210606
22;20200612;20200625
617;20250227;20250323
308;20160112;20160306
562;20260217;20260316
431;20210311;20210407
857;20170521;20170612
67;20231005;20231101
586;20151118;20160110
262;20171207;20180107
272;20250424;20250521
617;20210715;20210815
871;20221211;20230111
213;20190111;20190307
18;20150113;20150312
217;20210506;20210606
4;20250605;20250702
312;20190329;20190425
272;20190111;20190307
893;20220224;20220323
142;20110617;20110817
53;20161007;20161117
303;20181112;20181212
202;20240620;20240717
18;20220616;20220713
811;20160610;20160710
640;20180108;20180306
625;20200724;20200824
638;20181008;20181108
279;20190103;20190131
953;20200113;20200305
625;20181008;20181108
973;20110924;20111124
284;20150113;20150312
14;20160307;20160331
611;20211216;20220112
680;20180611;20180711
904;20200612;20200625
142;20171207;20180107
308;20220908;20221005
742;20190426;20190515
871;20210408;20210505
756;20140116;20140321
431;20140116;20140321
726;20260317;20260406
774;20140828;20141028
216;20150113;20150312
557;20190111;20190307
616;20230615;20230712
10;20140423;20140612
536;20180702;20180801
72;20240814;20240911
476;20210311;20210407
816;20240718;20240813
27;20250424;20250521
765;20181213;20190110
838;20161007;20161117
715;20220519;20220615
387;20150313;20150409
186;20160610;20160710
946;20190426;20190515
553;20160610;20160710
753;20230214;20230314
107;20200324;20200414
964;20110424;20110616
558;20220811;20220907
606;20240229;20240326
483;20180712;20180812
834;20160307;20160331
584;20210311;20210407
494;20170316;20170416
252;20250102;20250129
427;20160401;20160430
711;20221211;20230111
184;20120613;20120816
670;20190516;20190613
585;20231005;20231101
290;20180406;20180506
616;20110112;20110223
876;20210114;20210307
296;20230420;20230517
430;20160401;20160430
816;20181008;20181108
6;20150612;20150716
543;20140714;20140813
72;20160817;20160831
593;20140116;20140321
553;20231130;20240101
955;20161007;20161117
236;20200910;20201007
72;20220421;20220518
822;20160610;20160710
822;20210816;20210831
629;20150313;20150409
784;20111125;20120111
266;20200626;20200723
98;20180108;20180306
929;20151118;20160110
799;20221211;20230111
266;20170714;20170814
257;20190425;20190529
6;20260217;20260316
387;20140828;20141028
170;20231130;20240101
212;20220908;20221005
715;20110617;20110817
441;20200612;20200625
418;20140828;20141028
418;20120314;20120409
753;20201008;20201108
606;20200612;20200625
336;20161117;20170109
476;20240718;20240813
906;20210901;20210922
357;20210408;20210505
6;20111125;20120111
449;20151118;20160110
453;20210715;20210815
557;20250227;20250323
629;20231130;20240101
784;20130112;20130311
453;20200612;20200625
378;20180305;20180405
257;20210923;20211020
506;20200825;20200909
5;20241107;20241204
801;20201210;20210113
955;20200113;20200305
906;20240620;20240717
801;20200511;20200611
387;20170613;20170713
107;20110828;20110923
326;20140322;20140422
854;20190426;20190515
54;20161007;20161117
60;20220421;20220518
849;20251023;20251116
15;20170905;20171004
539;20151009;20151117
242;20180406;20180506
552;20210923;20211020
867;20160112;20160306
552;20220113;20220223
189;20250102;20250129
283;20180108;20180306
315;20181112;20181212
696;20230214;20230314
134;20200724;20200824
1;20150313;20150409
417;20170905;20171004
57;20190426;20190515
947;20140613;20140713
539;20210614;20210714
967;20110617;20110817
274;20150717;20150817
959;20130920;20131121
667;20150717;20150817
242;20220113;20220223
343;20211216;20220112
19;20231005;20231101
214;20250828;20250924
948;20180108;20180303
283;20230615;20230712
406;20191007;20191107
454;20240523;20240619
647;20181213;20190110
529;20240620;20240717
974;20180108;20180303
539;20190308;20190328
52;20220908;20221005
528;20150113;20150312
268;20170613;20170713
647;20160509;20160609
55;20110104;20110111
326;20220519;20220615
146;20171207;20180107
448;20230814;20230906
454;20120613;20120816
405;20190426;20190515
268;20180108;20180303
65;20210311;20210407
163;20151118;20160110
751;20210506;20210606
653;20171005;20171105
83;20181112;20181212
209;20151118;20160110
571;20181112;20181212
539;20221006;20221102
214;20191108;20191208
306;20190329;20190425
979;20210311;20210407
222;20211021;20211117
24;20180406;20180506
60;20190715;20190815
251;20220324;20220420
411;20150901;20151008
959;20240814;20240911
591;20220811;20220907
55;20211021;20211117
997;20250703;20250730
967;20121122;20130111
647;20180406;20180506
647;20210614;20210714
768;20181213;20190110
55;20210311;20210407
713;20110224;20110409
870;20230112;20230208
200;20150113;20150312
9;20211118;20211215
719;20190906;20191006
121;20200113;20200305
990;20110224;20110409
735;20191108;20191208
17;20251201;20251231
578;20210506;20210606
173;20201008;20201108
394;20210901;20210922
575;20230314;20230326
920;20200825;20200909
664;20180108;20180306
179;20160901;20160930
614;20180108;20180306
100;20191210;20200110
347;20140613;20140713
574;20171005;20171105
598;20190516;20190613
249;20120112;20120313
388;20220714;20220810
490;20230615;20230712
331;20180601;20180701
744;20171005;20171105
686;20160610;20160710
734;20120613;20120816
395;20210901;20210922
36;20180611;20180711
920;20210506;20210606
455;20200324;20200414
229;20231005;20231101
169;20130312;20130405
388;20221006;20221102
656;20240523;20240619
305;20160401;20160430
305;20181112;20181212
347;20230615;20230715
935;20220324;20220420
394;20160610;20160710
156;20140828;20141028
936;20181112;20181212
223;20140714;20140813
734;20230420;20230517
578;20190516;20190613
570;20181213;20190110
966;20170316;20170416
415;20150113;20150312
94;20220908;20221005
686;20190906;20191006
972;20200825;20200909
394;20190308;20190328
920;20250227;20250323
96;20160610;20160710
62;20201008;20201108
920;20240201;20240229
469;20211216;20220112
120;20170817;20170904
429;20221103;20221130
168;20200511;20200611
917;20200113;20200305
100;20120112;20120313
999;20201008;20201108
735;20141122;20150112
280;20240620;20240717
413;20200612;20200625
677;20231102;20231129
685;20201210;20210113
388;20210816;20210831
62;20160714;20160815
62;20160610;20160710
9;20190111;20190307
734;20210901;20210922
280;20240327;20240424
415;20230112;20230208
96;20221006;20221102
515;20160901;20160930
763;20250327;20250423
399;20210311;20210407
891;20260317;20260406
677;20200306;20200323
47;20130819;20130919
249;20191007;20191107
836;20150410;20150611
622;20150612;20150716
93;20251023;20251116
807;20170420;20170520
191;20230112;20230208
217;20211216;20220112
92;20260217;20260316
618;20201112;20201209
93;20110112;20110223
93;20120112;20120313
162;20121122;20130111
85;20160901;20160930
692;20190425;20190529
660;20180108;20180303
912;20170420;20170520
303;20110924;20111124
42;20220224;20220323
108;20230420;20230517
960;20140116;20140321
50;20170316;20170416
345;20221006;20221102
431;20160401;20160430
108;20160307;20160331
132;20160509;20160609
26;20170110;20170306
155;20200825;20200909
191;20210506;20210606
459;20210816;20210831
187;20201112;20201209
482;20200324;20200414
78;20181008;20181108
213;20240425;20240522
586;20220714;20220810
243;20210923;20211020
716;20181030;20181129
634;20201112;20201209
93;20190906;20191006
159;20220224;20220323
857;20140116;20140321
191;20220908;20221005
638;20140714;20140813
568;20181112;20181212
775;20190426;20190515
243;20141029;20141121
359;20250703;20250730
939;20210816;20210831
92;20221103;20221130
320;20200612;20200625
282;20241107;20241204
243;20250102;20250129
743;20170110;20170306
640;20201210;20210113
594;20140828;20141028
563;20140828;20141028
782;20221006;20221102
68;20210715;20210815
701;20160509;20160609
320;20170613;20170713
659;20170420;20170520
855;20211021;20211117
308;20180108;20180306
284;20181112;20181212
875;20200626;20200715
403;20201008;20201108
961;20160901;20160930
202;20171005;20171105
284;20211021;20211117
33;20210408;20210505
14;20210614;20210714
253;20221006;20221102
756;20171005;20171105
128;20250828;20250924
213;20240102;20240131
973;20181008;20181108
213;20231102;20231129
995;20191007;20191107
303;20260107;20260216
279;20190829;20190925
401;20230615;20230715
308;20250227;20250323
634;20180108;20180303
562;20140116;20140321
104;20201112;20201209
871;20230314;20230326
92;20121122;20130111
289;20220908;20221005
401;20211216;20220112
403;20200825;20200909
158;20180702;20180801
876;20250102;20250129
216;20210614;20210714
955;20200324;20200414
838;20201112;20201209
216;20180507;20180611
302;20171005;20171105
98;20250828;20250924
387;20240425;20240522
324;20220324;20220420
929;20140116;20140321
787;20191210;20200110
252;20180611;20180711
212;20160610;20160710
170;20190329;20190425
477;20130312;20130405
430;20220224;20220323
753;20200825;20200909
27;20160112;20160306
10;20230420;20230517
34;20141029;20141121
774;20230420;20230517
157;20200227;20200325
955;20201008;20201108
296;20171005;20171105
266;20150113;20150312
666;20120927;20121121
6;20190715;20190815
441;20140613;20140713
457;20220519;20220615
799;20190329;20190425
336;20180507;20180611
787;20210901;20210922
161;20200626;20200723
430;20150612;20150716
576;20170420;20170520
787;20170714;20170814
822;20130312;20130405
453;20240229;20240326
107;20220224;20220323
5;20210816;20210831
483;20230518;20230614
838;20220224;20220323
186;20220616;20220713
558;20190906;20191006
593;20151009;20151117
106;20251201;20251231
711;20201008;20201108
236;20200113;20200305
964;20211118;20211215
964;20190516;20190613
536;20250424;20250521
762;20200511;20200611
271;20210715;20210815
257;20220519;20220615
486;20220113;20220223
596;20110104;20110111
266;20191108;20191208
567;20130312;20130405
10;20230814;20230906
472;20201210;20210113
765;20190614;20190714
585;20250424;20250521
964;20110828;20110923
10;20110828;20110923
483;20220519;20220615
822;20201210;20210113
449;20161007;20161117
6;20210311;20210407
170;20190906;20191006
711;20210901;20210922
630;20200511;20200611
10;20150410;20150611
302;20200511;20200611
242;20210816;20210831
1;20170110;20170306
894;20161117;20170109
315;20220421;20220518
448;20220616;20220713
980;20140116;20140321
52;20210114;20210307
879;20211216;20220112
130;20190715;20190815
39;20160307;20160331
647;20160401;20160430
771;20140828;20141028
43;20130614;20130816
214;20230615;20230712
571;20151118;20160110
502;20210715;20210815
947;20240620;20240717
138;20141122;20150112
529;20160817;20160831
571;20140714;20140813
306;20140613;20140713
802;20190516;20190613
149;20191108;20191208
411;20200324;20200414
448;20210506;20210602
207;20150717;20150817
414;20201008;20201108
997;20211216;20220112
19;20230615;20230712
49;20180108;20180303
539;20190111;20190307
456;20150901;20151008
130;20240327;20240424
143;20190308;20190328
454;20210901;20210922
235;20190516;20190613
125;20160901;20160930
959;20150113;20150312
146;20200324;20200414
125;20180108;20180306
65;20260317;20260406
854;20200113;20200305
283;20190516;20190613
411;20180507;20180611
610;20220714;20220810
407;20221006;20221102
143;20200724;20200824
949;20140116;20140321
967;20181112;20181212
899;20250102;20250129
529;20251201;20251231
214;20140613;20140713
86;20140828;20141028
326;20221103;20221130
667;20140423;20140612
84;20190308;20190328
899;20190426;20190515
83;20250703;20250730
967;20160401;20160430
12;20200626;20200715
947;20240425;20240522
149;20160401;20160430
134;20220421;20220518
605;20130312;20130405
149;20210715;20210815
57;20250102;20250129
967;20221006;20221102
306;20240327;20240424
454;20210614;20210714
193;20200113;20200305
146;20240620;20240717
508;20140613;20140713
54;20230214;20230314
948;20161007;20161117
433;20181213;20190110
768;20190308;20190328
411;20211021;20211117
571;20240814;20240911
406;20110617;20110817
552;20190516;20190613
326;20180712;20180812
894;20160112;20160306
571;20191007;20191107
347;20120613;20120816
126;20120112;20120313
375;20161007;20161117
23;20170316;20170416
36;20220908;20221005
829;20180611;20180711
223;20240814;20240911
744;20260217;20260316
580;20170316;20170416
208;20240327;20240424
173;20160714;20160815
168;20210311;20210407
829;20140828;20141028
31;20250925;20251022
936;20140116;20140321
429;20190906;20191006
133;20230615;20230712
36;20220421;20220518
140;20170110;20170306
977;20220224;20220323
998;20201008;20201108
484;20150717;20150817
71;20190906;20191006
469;20180108;20180303
735;20160610;20160710
71;20230420;20230517
223;20190614;20190714
347;20220714;20220810
554;20151009;20151117
29;20240718;20240813
9;20200825;20200909
173;20160610;20160710
200;20210715;20210815
831;20240201;20240229
920;20230420;20230517
530;20151118;20160110
516;20240327;20240424
334;20211118;20211215
375;20180816;20180905
901;20140714;20140813
40;20200825;20200909
972;20191007;20191107
862;20210901;20210922
280;20220224;20220323
708;20190329;20190425
208;20220224;20220323
735;20180108;20180303
484;20130920;20131121
71;20151009;20151117
935;20201210;20210113
208;20121122;20130111
708;20190516;20190613
386;20191114;20191211
94;20190426;20190515
662;20200626;20200723
399;20210715;20210815
126;20230314;20230326
31;20171207;20180107
62;20240718;20240813
31;20160714;20160815
48;20111125;20120111
484;20240814;20240911
63;20221103;20221130
755;20160817;20160831
200;20181213;20190110
831;20240327;20240424
672;20160610;20160710
953;20251023;20251116
312;20211021;20211117
338;20240814;20240911
2;20220908;20221005
202;20230214;20230314
742;20220908;20221005
282;20160401;20160430
586;20181008;20181108
33;20210816;20210831
4;20210506;20210606
153;20190426;20190515
42;20180108;20180303
303;20210311;20210407
401;20230309;20230419
953;20140116;20140321
478;20190627;20190724
634;20220908;20221005
85;20170316;20170416
482;20201210;20210113
33;20240425;20240522
586;20240523;20240619
4;20110828;20110923
638;20190329;20190425
625;20200825;20200909
35;20160901;20160930
92;20190819;20190905
646;20250227;20250323
282;20230112;20230208
815;20150113;20150312
213;20240327;20240424
42;20190906;20191006
289;20250703;20250730
4;20180108;20180303
638;20130614;20130816
875;20211021;20211117
92;20220616;20220713
563;20180712;20180812
67;20230214;20230314
563;20140714;20140813
67;20180406;20180506
995;20211216;20220112
303;20250605;20250702
962;20250227;20250323
191;20170905;20171004
855;20221103;20221130
32;20200511;20200611
885;20180611;20180711
995;20231130;20240101
2;20251201;20251231
204;20210311;20210407
716;20260317;20260406
191;20111125;20120111
53;20201112;20201209
284;20120613;20120816
772;20171106;20171206
810;20220714;20220810
35;20170905;20171004
320;20210715;20210815
960;20150901;20151008
782;20200825;20200909
756;20160307;20160331
810;20200825;20200909
42;20210114;20210307
93;20220616;20220713
568;20170420;20170520
775;20160714;20160815
272;20250227;20250323
587;20260317;20260406
716;20230713;20230813
377;20190614;20190714
544;20210311;20210407
681;20171005;20171105
286;20230615;20230712
670;20220421;20220518
271;20210311;20210407
72;20210408;20210505
5;20200612;20200625
955;20230615;20230712
10;20130819;20130919
441;20250605;20250702
784;20150612;20150716
988;20190906;20191006
170;20240201;20240229
357;20260317;20260406
72;20180712;20180812
681;20230615;20230715
486;20190819;20190905
357;20241205;20250101
666;20190906;20191006
964;20160401;20160430
107;20190426;20190515
449;20211021;20211117
543;20140828;20141028
799;20260317;20260406
453;20250605;20250702
335;20191007;20191107
606;20200626;20200723
441;20220224;20220323
72;20130920;20131121
290;20200511;20200611
467;20201008;20201108
774;20230615;20230712
186;20210506;20210606
494;20160610;20160710
630;20210901;20210922
838;20160112;20160306
838;20171005;20171105
390;20170420;20170520
670;20210311;20210407
584;20120826;20120926
553;20221006;20221102
34;20250703;20250730
170;20260217;20260316
107;20231130;20240101
252;20221006;20221102
337;20220421;20220518
335;20181008;20181108
10;20200626;20200723
471;20151009;20151117
453;20241205;20250101
271;20241010;20241106
123;20210506;20210606
212;20130312;20130405
558;20230615;20230712
557;20180611;20180711
787;20140116;20140321
266;20150313;20150409
430;20161007;20161117
3;20231005;20231101
3;20190715;20190815
774;20251023;20251116
784;20140828;20141028
929;20191007;20191107
955;20250227;20250323
357;20221211;20230111
336;20110828;20110923
536;20201008;20201111
486;20250102;20250129
816;20181112;20181212
216;20200324;20200414
681;20220421;20220518
337;20200612;20200625
418;20200626;20200723
5;20221103;20221130
929;20160610;20160710
666;20140116;20140321
837;20220421;20220518
802;20111125;20120111
326;20240425;20240522
397;20190426;20190515
125;20260217;20260316
37;20230814;20230906
86;20220616;20220713
325;20251201;20251231
879;20210614;20210714
528;20230309;20230419
146;20230327;20230419
947;20130614;20130816
38;20200324;20200414
802;20151118;20160110
134;20120112;20120313
125;20201112;20201209
650;20251201;20251231
508;20200910;20201007
751;20140828;20141028
207;20220519;20220615
980;20230420;20230517
696;20210506;20210606
37;20201210;20210113
974;20190614;20190714
149;20250102;20250129
39;20180108;20180303
15;20141029;20141121
38;20140828;20141028
502;20171106;20171206
125;20241205;20250101
37;20180108;20180306
268;20180108;20180306
863;20160401;20160430
858;20260317;20260406
863;20131122;20140115
448;20220714;20220810
406;20171106;20171206
222;20230314;20230326
997;20210614;20210714
619;20220113;20220223
997;20181213;20190110
316;20180305;20180405
79;20200113;20200305
37;20161007;20161117
713;20131122;20140115
83;20191210;20200110
219;20200116;20200226
146;20160307;20160331
15;20251201;20251231
937;20130614;20130816
214;20110828;20110923
407;20260317;20260406
251;20220113;20220223
748;20171207;20180107
760;20160714;20160815
245;20231005;20231101
219;20180903;20181003
879;20221211;20230111
937;20210816;20210831
867;20180507;20180611
38;20200511;20200611
211;20220714;20220810
24;20120410;20120612
207;20190308;20190328
647;20191007;20191107
348;20180611;20180711
937;20141122;20150112
1;20150901;20151008
65;20151009;20151117
748;20240814;20240911
571;20231005;20231101
134;20190715;20190815
79;20251023;20251116
529;20220421;20220518
326;20200626;20200723
854;20180906;20181007
867;20200612;20200625
997;20181112;20181212
83;20220421;20220518
268;20190819;20190905
667;20190614;20190714
672;20151118;20160110
379;20210211;20210310
249;20191210;20200110
71;20160112;20160306
31;20180507;20180611
455;20150113;20150312
705;20240523;20240619
575;20210901;20210922
511;20230214;20230314
63;20120826;20120926
40;20250102;20250129
901;20141029;20141121
96;20160714;20160815
469;20230814;20230906
280;20231005;20231101
394;20240327;20240424
17;20190516;20190613
56;20171207;20180107
452;20240425;20240522
554;20210715;20210815
763;20190329;20190425
686;20240327;20240424
515;20161117;20170109
120;20230214;20230314
744;20201008;20201108
429;20170110;20170306
734;20241107;20241204
110;20130312;20130405
901;20220421;20220518
917;20211216;20220112
589;20200113;20200305
249;20121122;20130111
41;20190819;20190905
516;20210715;20210815
208;20231005;20231101
208;20210614;20210714
862;20150313;20150409
490;20231005;20231101
966;20150901;20151008
388;20161007;20161117
394;20200324;20200414
69;20210506;20210606
116;20200306;20200323
347;20170521;20170612
999;20210311;20210407
862;20140828;20141028
305;20191007;20191107
94;20210311;20210407
133;20180611;20180711
229;20210311;20210407
388;20211118;20211215
763;20141029;20141121
516;20230420;20230517
263;20220224;20220323
394;20160714;20160815
28;20180906;20181007
29;20180406;20180506
94;20160112;20160306
375;20200511;20200611
589;20210901;20210922
200;20180406;20180506
685;20121122;20130111
614;20231102;20231129
537;20190819;20190905
388;20190329;20190425
121;20241205;20250101
672;20161007;20161117
305;20140116;20140321
347;20220519;20220615
29;20190819;20190905
41;20220113;20220223
966;20140714;20140813
232;20160112;20160306
662;20260217;20260316
116;20170521;20170612
511;20240327;20240424
636;20251201;20251231
708;20151118;20160110
71;20130819;20130919
429;20220616;20220713
63;20210923;20211020
117;20210901;20210922
511;20210311;20210407
96;20200324;20200414
862;20191007;20191107
17;20201210;20210113
394;20220224;20220323
719;20190426;20190515
763;20130920;20131121
887;20200825;20200909
217;20140116;20140321
262;20220421;20220518
128;20240523;20240619
279;20220908;20221005
875;20201008;20201111
807;20130614;20130816
401;20170110;20170306
68;20170613;20170713
568;20210901;20210922
53;20220224;20220323
185;20180906;20181007
953;20241205;20250101
284;20140828;20141028
646;20180305;20180405
18;20170521;20170612
303;20141122;20150112
26;20160401;20160430
743;20151009;20151117
961;20240229;20240326
213;20141122;20150112
895;20211216;20220112
803;20210311;20210407
622;20110104;20110111
108;20181008;20181108
692;20200116;20200226
803;20210729;20210825
289;20160714;20160815
217;20231130;20240101
67;20240201;20240229
962;20220616;20220713
104;20180108;20180303
14;20220224;20220323
132;20180507;20180611
431;20200626;20200723
772;20130312;20130405
680;20181112;20181212
912;20250703;20250730
303;20160401;20160430
640;20180611;20180711
202;20200324;20200414
562;20220224;20220323
431;20210901;20210922
213;20191007;20191107
887;20230615;20230712
33;20171106;20171206
253;20211216;20220112
132;20240425;20240522
92;20260317;20260406
213;20140322;20140422
53;20220421;20220518
586;20160901;20160930
815;20190516;20190613
680;20220421;20220518
14;20230615;20230715
243;20260217;20260316
403;20200626;20200723
841;20190111;20190307
815;20160401;20160430
185;20180108;20180303
312;20250227;20250323
973;20250703;20250730
108;20130920;20131121
638;20170316;20170416
562;20200324;20200414
782;20250102;20250129
857;20250703;20250730
471;20110224;20110409
929;20150612;20150716
929;20210506;20210606
964;20171106;20171206
761;20190111;20190307
5;20150612;20150716
378;20120314;20120409
286;20140423;20140612
377;20220519;20220615
816;20200612;20200625
107;20241107;20241204
816;20250731;20250827
584;20170613;20170713
483;20131122;20140115
107;20220616;20220713
584;20130819;20130919
711;20200511;20200611
472;20201008;20201111
98;20160714;20160815
27;20230327;20230419
453;20180712;20180812
544;20161117;20170109
453;20250227;20250323
271;20160401;20160430
681;20230713;20230813
543;20181008;20181108
765;20140828;20141028
378;20191210;20200110
629;20120410;20120612
915;20200825;20200909
6;20220616;20220713
27;20230309;20230419
106;20111125;20120111
486;20110424;20110616
5;20180406;20180506
186;20141029;20141121
337;20140828;20141028
585;20200324;20200414
252;20230420;20230517
236;20140116;20140321
286;20170110;20170306
127;20170613;20170713
816;20250605;20250702
629;20210715;20210815
387;20170521;20170612
551;20180108;20180303
784;20201008;20201108
123;20201008;20201108
441;20210114;20210307
543;20150818;20150831
34;20240523;20240619
494;20190614;20190714
616;20250102;20250129
387;20250731;20250827
816;20241010;20241106
494;20191007;20191107
712;20201112;20201209
670;20201210;20210113
418;20141029;20141121
453;20251023;20251116
430;20171005;20171105
924;20201112;20201209
483;20200511;20200611
184;20220224;20220323
787;20180507;20180611
25;20220908;20221005
336;20150410;20150611
390;20240201;20240229
296;20150410;20150611
595;20151009;20151117
324;20211118;20211215
10;20180108;20180306
378;20200626;20200723
296;20260317;20260406
506;20151009;20151117
377;20171005;20171105
418;20190516;20190613
476;20200825;20200909
585;20180108;20180303
557;20220811;20220907
34;20200626;20200723
955;20180611;20180711
335;20241010;20241106
964;20190715;20190815
418;20260217;20260316
441;20191108;20191208
838;20220616;20220713
107;20231005;20231101
326;20200724;20200824
802;20170714;20170814
406;20210901;20210922
837;20251023;20251116
856;20250828;20250924
406;20190614;20190714
61;20200626;20200715
198;20201210;20210113
508;20240912;20241009
804;20141029;20141121
528;20170714;20170814
502;20110224;20110409
315;20200825;20200909
214;20240327;20240424
837;20150410;20150611
837;20220224;20220323
189;20210901;20210922
60;20231005;20231101
858;20210923;20211020
1;20241107;20241204
65;20120826;20120926
61;20210729;20210825
529;20181008;20181108
665;20180108;20180303
748;20230518;20230614
529;20250227;20250323
176;20151118;20160110
235;20220519;20220615
38;20150113;20150312
130;20190111;20190307
959;20210901;20210922
60;20130312;20130405
485;20220616;20220713
343;20230327;20230419
43;20141122;20150112
540;20180108;20180306
650;20250703;20250730
526;20250424;20250521
235;20210923;20211020
732;20241010;20241106
24;20120826;20120926
804;20260317;20260406
539;20250828;20250924
879;20170420;20170520
24;20121122;20130111
768;20190426;20190515
524;20181213;20190110
647;20160610;20160710
189;20250424;20250521
433;20111125;20120111
79;20191108;20191208
867;20191210;20200110
250;20210923;20211020
837;20230615;20230712
149;20260217;20260316
15;20190715;20190815
55;20120314;20120409
508;20240620;20240717
125;20240327;20240424
768;20250828;20250924
433;20140828;20141028
405;20180108;20180306
947;20151009;20151117
529;20211118;20211215
751;20120112;20120313
802;20121122;20130111
460;20220113;20220223
43;20181008;20181108
741;20140828;20141028
647;20201112;20201209
863;20140818;20140827
406;20121122;20130111
959;20140423;20140612
83;20241010;20241106
134;20110828;20110923
198;20190111;20190307
334;20190725;20190828
17;20180108;20180306
394;20240718;20240813
232;20200825;20200909
263;20151118;20160110
94;20171106;20171206
192;20200324;20200414
140;20221103;20221130
29;20180611;20180711
708;20190614;20190714
94;20170817;20170904
944;20230214;20230314
232;20231130;20240101
977;20250102;20250129
47;20210715;20210815
755;20200324;20200414
664;20181213;20190110
179;20190111;20190307
223;20250828;20250924
671;20200626;20200723
28;20210614;20210714
280;20210614;20210714
200;20170714;20170814
434;20160307;20160331
735;20171106;20171206
469;20231130;20240101
944;20210408;20210505
334;20220714;20220810
415;20210614;20210714
140;20210715;20210815
998;20200113;20200305
56;20230214;20230314
662;20221211;20230111
29;20221103;20221130
763;20220811;20220907
395;20120314;20120409
672;20201210;20210113
94;20240814;20240911
705;20190308;20190328
671;20120314;20120409
156;20160112;20160306
554;20251023;20251116
677;20210408;20210505
47;20210311;20210407
17;20220908;20221005
686;20181112;20181212
305;20160610;20160710
574;20240425;20240522
686;20220224;20220323
71;20150901;20151008
862;20120314;20120409
117;20250102;20250129
117;20230420;20230517
490;20190308;20190328
823;20150717;20150817
797;20150717;20150817
174;20200116;20200226
280;20170110;20170306
200;20190516;20190613
223;20110924;20111124
62;20200825;20200909
36;20200511;20200611
133;20190715;20190815
578;20170714;20170814
28;20220224;20220323
29;20180507;20180611
966;20180305;20180405
686;20230615;20230712
734;20251023;20251116
31;20200724;20200824
936;20220421;20220518
719;20220421;20220518
334;20220519;20220615
97;20191007;20191107
734;20130819;20130919
434;20210901;20210922
94;20201008;20201108
664;20241205;20250101
47;20170110;20170306
755;20220714;20220810
173;20200324;20200414
484;20140818;20140827
664;20240425;20240522
656;20241107;20241204
702;20180611;20180711
126;20111125;20120111
901;20121122;20130111
578;20160509;20160609
100;20241107;20241204
631;20220421;20220518
829;20171005;20171105
133;20200626;20200723
202;20210114;20210307
871;20170521;20170612
213;20170110;20170306
8;20171207;20180107
459;20191108;20191208
618;20250424;20250521
85;20190308;20190328
893;20200511;20200611
323;20190819;20190905
431;20220908;20221005
912;20220908;20221005
185;20230112;20230208
514;20190103;20190131
960;20150113;20150312
320;20241010;20241106
308;20210901;20210922
995;20220421;20220518
284;20130112;20130311
18;20211216;20220112
284;20121122;20130111
961;20200626;20200723
431;20130312;20130405
284;20171207;20180107
459;20251201;20251231
323;20190329;20190425
810;20201210;20210113
608;20220519;20220615
431;20210715;20210815
282;20210715;20210815
33;20141122;20150112
26;20151009;20151117
22;20200724;20200824
775;20210506;20210606
142;20161007;20161117
272;20200113;20200305
618;20171005;20171105
21;20180712;20180812
32;20210901;20210922
323;20240620;20240717
640;20160401;20160430
2;20180906;20181007
622;20120613;20120816
338;20220324;20220420
359;20151009;20151117
53;20230327;20230419
50;20220324;20220420
191;20171106;20171206
217;20210715;20210815
185;20231005;20231101
885;20220421;20220518
995;20140828;20141028
16;20240523;20240619
33;20210311;20210407
185;20181213;20190110
586;20200612;20200625
638;20150901;20151008
875;20180702;20180801
841;20201008;20201108
345;20120927;20121121
243;20180611;20180711
803;20220324;20220420
303;20200511;20200611
562;20160714;20160815
51;20160401;20160430
142;20220421;20220518
197;20140613;20140713
93;20211216;20220112
303;20200626;20200723
756;20130312;20130405
887;20220224;20220323
104;20160112;20160306
104;20180611;20180711
640;20230615;20230712
102;20220224;20220323
811;20220714;20220810
807;20211021;20211117
634;20190329;20190425
108;20140714;20140813
680;20190819;20190905
272;20231005;20231101
22;20210408;20210505
108;20240620;20240717
262;20190614;20190714
393;20200324;20200414
617;20201008;20201108
387;20160401;20160430
822;20191007;20191107
441;20250731;20250827
449;20140828;20141028
553;20200324;20200414
670;20191210;20200110
483;20160509;20160609
753;20220224;20220323
799;20180108;20180303
784;20140116;20140321
753;20190516;20190613
296;20200306;20200323
816;20220224;20220323
453;20231102;20231129
816;20250828;20250924
453;20160714;20160815
595;20250227;20250323
596;20130112;20130311
106;20180611;20180711
500;20260317;20260406
801;20220421;20220518
390;20110828;20110923
988;20250828;20250924
106;20170420;20170520
25;20180903;20181003
929;20191210;20200110
387;20210614;20210714
390;20130819;20130919
337;20240425;20240522
170;20250731;20250827
801;20110104;20110111
822;20231005;20231101
5;20151009;20151117
266;20250227;20250323
453;20110924;20111124
390;20211118;20211215
584;20200825;20200909
72;20240523;20240619
216;20230907;20231004
216;20130406;20130613
567;20121122;20130111
915;20260217;20260316
476;20220616;20220713
593;20201210;20210113
822;20191210;20200110
536;20190425;20190529
266;20200511;20200611
3;20160112;20160306
551;20190329;20190425
595;20130819;20130919
476;20151009;20151117
681;20140828;20141028
441;20220714;20220810
449;20201210;20210113
467;20130312;20130405
72;20110924;20111124
988;20240523;20240619
175;20210614;20210714
946;20170905;20171004
6;20201210;20210113
266;20220421;20220518
37;20250424;20250521
433;20181112;20181212
143;20160401;20160430
867;20231102;20231129
867;20220908;20221005
65;20250102;20250129
245;20200113;20200305
654;20250828;20250924
837;20190614;20190714
189;20260217;20260316
79;20120927;20121121
768;20200626;20200723
57;20160401;20160430
849;20250424;20250521
647;20151118;20160110
967;20160817;20160831
79;20250828;20250924
343;20210114;20210307
60;20220908;20221005
417;20211118;20211215
650;20220811;20220907
189;20230420;20230517
437;20220616;20220713
854;20161007;20161117
125;20141029;20141121
540;20180611;20180711
502;20121122;20130111
849;20171005;20171105
214;20230420;20230517
39;20180906;20181007
647;20200910;20201007
15;20210506;20210606
193;20230327;20230419
508;20190715;20190815
134;20240201;20240229
1;20160112;20160306
65;20250227;20250323
552;20180712;20180812
867;20120927;20121121
326;20221006;20221102
149;20210506;20210606
768;20210311;20210407
867;20220421;20220518
316;20180712;20180812
974;20170110;20170306
189;20110828;20110923
326;20220421;20220518
193;20190614;20190714
770;20201112;20201209
149;20161007;20161117
19;20161007;20161117
326;20240327;20240424
696;20230615;20230712
406;20201008;20201108
508;20201210;20210113
54;20200910;20201007
460;20160901;20160930
55;20110224;20110409
947;20190906;20191006
947;20190308;20190328
980;20240523;20240619
879;20170521;20170612
24;20170613;20170713
343;20220616;20220713
79;20231130;20240101
539;20160307;20160331
488;20210614;20210714
528;20170521;20170612
610;20251023;20251116
46;20120826;20120926
138;20180712;20180812
571;20210614;20210714
696;20240718;20240813
854;20200511;20200611
433;20130112;20130311
38;20210311;20210407
332;20190819;20190905
46;20150901;20151008
417;20190516;20190613
667;20150410;20150611
79;20120613;20120816
268;20151009;20151117
214;20160112;20160306
38;20171106;20171206
502;20110104;20110111
57;20190111;20190307
879;20180108;20180306
937;20181213;20190110
653;20180906;20181007
843;20150717;20150817
49;20200724;20200824
937;20260107;20260216
879;20230615;20230712
406;20160817;20160831
38;20181213;20190110
15;20180108;20180306
974;20190426;20190515
508;20210408;20210505
741;20180712;20180812
502;20150313;20150409
437;20190530;20190626
891;20171005;20171105
100;20130312;20130405
71;20201008;20201108
935;20190111;20190307
755;20220224;20220323
179;20140818;20140827
69;20151118;20160110
373;20200113;20200305
97;20201008;20201108
763;20180406;20180506
836;20230214;20230314
671;20170714;20170814
305;20150818;20150831
280;20171005;20171105
63;20181112;20181212
94;20210114;20210307
239;20250424;20250521
179;20161007;20161117
47;20170420;20170520
831;20180611;20180711
578;20220908;20221005
239;20210614;20210714
232;20230314;20230326
382;20120826;20120926
29;20170613;20170713
554;20250828;20250924
677;20151009;20151117
229;20230420;20230517
28;20200511;20200611
94;20140828;20141028
168;20220421;20220518
578;20160610;20160710
755;20190516;20190613
755;20121122;20130111
223;20110617;20110817
977;20241107;20241204
763;20141122;20150112
23;20170905;20171004
656;20180108;20180306
829;20180108;20180306
763;20250102;20250129
554;20241107;20241204
452;20171207;20180107
452;20230907;20231004
469;20150901;20151008
71;20250828;20250924
664;20200113;20200305
229;20151009;20151117
9;20220324;20220420
96;20200113;20200305
429;20211216;20220112
373;20220616;20220713
71;20120112;20120313
662;20190426;20190515
96;20191108;20191208
705;20171005;20171105
614;20171005;20171105
94;20210715;20210815
40;20220811;20220907
662;20120613;20120816
29;20240229;20240326
434;20190614;20190714
208;20230814;20230906
94;20130614;20130816
479;20230112;20230208
201;20201008;20201108
120;20180406;20180506
29;20251201;20251231
639;20191007;20191107
249;20160714;20160815
229;20220811;20220907
280;20130920;20131121
495;20241205;20250101
891;20180108;20180306
733;20180601;20180701
434;20220908;20221005
375;20240102;20240131
280;20230814;20230906
759;20200910;20201007
862;20200511;20200611
48;20220421;20220518
395;20160610;20160710
334;20230713;20230813
191;20180108;20180306
638;20110224;20110409
811;20130112;20130311
2;20240201;20240229
272;20200324;20200414
973;20181112;20181212
659;20200910;20201007
401;20180906;20181007
4;20220616;20220713
973;20160610;20160710
359;20210614;20210714
875;20190627;20190724
289;20210614;20210714
893;20220714;20220810
815;20200324;20200414
14;20250102;20250129
634;20210901;20210922
153;20190614;20190714
995;20220113;20220223
564;20190426;20190515
14;20170420;20170520
197;20180906;20181007
159;20200324;20200414
93;20140116;20140321
716;20180430;20180531
871;20150410;20150611
187;20170521;20170612
102;20201112;20201209
42;20240620;20240717
213;20210114;20210307
431;20191007;20191107
782;20241107;20241204
14;20230214;20230314
680;20160817;20160831
811;20161007;20161117
587;20230112;20230208
478;20181130;20181231
608;20190425;20190529
622;20160610;20160710
18;20160307;20160331
338;20140116;20140321
586;20200626;20200723
841;20241010;20241106
155;20170905;20171004
178;20191010;20191113
308;20220421;20220518
67;20210311;20210407
67;20170714;20170814
4;20200825;20200909
634;20190426;20190515
716;20220113;20220223
640;20210311;20210407
871;20171005;20171105
18;20201112;20201209
253;20110104;20110111
646;20140423;20140612
638;20160401;20160430
33;20211216;20220112
775;20220421;20220518
638;20190614;20190714
2;20180108;20180306
638;20200825;20200909
8;20230615;20230715
312;20150410;20150611
272;20201210;20210113
638;20200324;20200414
128;20160610;20160710
617;20180108;20180303
359;20170521;20170612
4;20160401;20160430
995;20140714;20140813
26;20231130;20240101
962;20161007;20161117
743;20160714;20160815
887;20210715;20210815
855;20170110;20170306
10;20211216;20220112
988;20211216;20220112
286;20240523;20240619
787;20180305;20180405
216;20110617;20110817
296;20180108;20180306
441;20200511;20200611
906;20250703;20250730
10;20240718;20240813
441;20180712;20180812
302;20220714;20220810
606;20141029;20141121
596;20170714;20170814
816;20220519;20220615
252;20220421;20220518
506;20160610;20160710
543;20181213;20190110
906;20190111;20190307
715;20220714;20220810
558;20200626;20200723
6;20201008;20201108
236;20161007;20161117
441;20220811;20220907
670;20171005;20171105
916;20260317;20260406
457;20200724;20200824
441;20170316;20170416
593;20151118;20160110
595;20160610;20160710
906;20140613;20140713
336;20190111;20190307
822;20221103;20221130
988;20240912;20241009
271;20170905;20171004
988;20160714;20160815
252;20210506;20210606
3;20160714;20160815
170;20191108;20191208
629;20171106;20171206
216;20120927;20121121
543;20160610;20160710
266;20190426;20190515
536;20190103;20190131
670;20170714;20170814
266;20141029;20141121
553;20180108;20180303
670;20160509;20160609
212;20160714;20160815
427;20181008;20181108
276;20121122;20130111
983;20180108;20180303
762;20210114;20210307
212;20180108;20180306
964;20150612;20150716
706;20201210;20210113
170;20200511;20200611
64;20160901;20160930
64;20200612;20200625
488;20170110;20170306
508;20210816;20210831
39;20200113;20200305
460;20210816;20210831
406;20180507;20180611
268;20170110;20170306
149;20220811;20220907
214;20260217;20260316
552;20200612;20200625
937;20250605;20250702
222;20240425;20240522
49;20250227;20250323
751;20250227;20250323
214;20240201;20240229
423;20161117;20170109
524;20191108;20191208
198;20130819;20130919
454;20150410;20150611
146;20201112;20201209
741;20141029;20141121
979;20190426;20190515
417;20180305;20180405
732;20200306;20200323
937;20240718;20240813
667;20140714;20140813
802;20200324;20200414
959;20130406;20130613
198;20200511;20200611
411;20201210;20210113
454;20140613;20140713
980;20160307;20160331
134;20171106;20171206
405;20180406;20180506
741;20180507;20180611
683;20190614;20190714
198;20210506;20210606
411;20161007;20161117
571;20240718;20240813
222;20170110;20170306
15;20220421;20220518
899;20240912;20241009
419;20151009;20151117
937;20170714;20170814
425;20181112;20181212
143;20190819;20190905
292;20220519;20220615
552;20160901;20160930
55;20210901;20210922
980;20210901;20210922
899;20220811;20220907
39;20201112;20201209
529;20210816;20210831
326;20190819;20190905
397;20200113;20200305
647;20150313;20150409
86;20170521;20170612
854;20211216;20220112
979;20230214;20230314
268;20200724;20200824
316;20210715;20210815
326;20170110;20170306
849;20241107;20241204
508;20250327;20250423
448;20180301;20180401
134;20181112;20181212
552;20220714;20220810
571;20210715;20210815
667;20230713;20230813
414;20191007;20191107
60;20180406;20180506
214;20181112;20181212
134;20110112;20110223
529;20200626;20200723
52;20250102;20250129
84;20181008;20181108
57;20180611;20180711
937;20190715;20190815
437;20200326;20200422
947;20120613;20120816
222;20160112;20160306
771;20220421;20220518
37;20211216;20220112
948;20211216;20220112
214;20200324;20200414
46;20170905;20171004
149;20151009;20151117
502;20210311;20210407
343;20190426;20190515
316;20161117;20170109
533;20210923;20211020
751;20201210;20210113
198;20230615;20230712
967;20130312;20130405
39;20180611;20180711
326;20210923;20211020
43;20170714;20170814
39;20230327;20230419
57;20260217;20260316
326;20200612;20200625
936;20170714;20170814
31;20130312;20130405
179;20190614;20190714
179;20200511;20200611
229;20161007;20161117
40;20230214;20230314
578;20150113;20150312
40;20210901;20210922
589;20150113;20150312
723;20181112;20181212
901;20210311;20210407
598;20200724;20200824
735;20150612;20150716
516;20161007;20161117
575;20211216;20220112
394;20200113;20200305
208;20130920;20131121
434;20180611;20180711
589;20230615;20230715
126;20150612;20150716
280;20141029;20141121
836;20181112;20181212
972;20210311;20210407
639;20140828;20141028
280;20181213;20190110
395;20150113;20150312
117;20180906;20181007
23;20210408;20210505
239;20200113;20200305
31;20121122;20130111
41;20180712;20180812
232;20141029;20141121
685;20150901;20151008
94;20250703;20250730
126;20190715;20190815
744;20171207;20180107
40;20181112;20181212
280;20240814;20240911
63;20180906;20181007
836;20210901;20210922
977;20230214;20230314
862;20201210;20210113
763;20180108;20180306
116;20180108;20180306
305;20130614;20130816
589;20170714;20170814
917;20220908;20221005
208;20211216;20220112
140;20210923;20211020
97;20210311;20210407
759;20190111;20190307
232;20160401;20160430
56;20250102;20250129
578;20120314;20120409
121;20220421;20220518
763;20221103;20221130
656;20210715;20210815
56;20190426;20190515
763;20170613;20170713
702;20140714;20140813
126;20191210;20200110
920;20221211;20230111
179;20150717;20150817
386;20210729;20210825
631;20180507;20180611
554;20110828;20110923
229;20230214;20230314
932;20200626;20200715
920;20220616;20220713
179;20210901;20210922
935;20190308;20190328
120;20160112;20160306
920;20220811;20220907
121;20190426;20190515
120;20140828;20141028
192;20171207;20180107
249;20221103;20221130
966;20111125;20120111
133;20251023;20251116
455;20170420;20170520
280;20181008;20181108
94;20120927;20121121
120;20230615;20230715
589;20250102;20250129
499;20260317;20260406
998;20170714;20170814
94;20160401;20160430
229;20180906;20181007
578;20221006;20221102
395;20220908;20221005
192;20140423;20140612
36;20230327;20230419
280;20150313;20150409
117;20130819;20130919
116;20170110;20170306
179;20170521;20170612
388;20170316;20170416
589;20190426;20190515
631;20191007;20191107
121;20220908;20221005
399;20180305;20180405
41;20170905;20171004
735;20230713;20230813
126;20230112;20230208
662;20240523;20240619
723;20160112;20160306
614;20230420;20230517
484;20200324;20200414
705;20250102;20250129
966;20110224;20110409
645;20200626;20200723
639;20190111;20190307
575;20181213;20190110
586;20250227;20250323
638;20251023;20251116
701;20171207;20180107
622;20150113;20150312
586;20220324;20220420
16;20220324;20220420
16;20130920;20131121
191;20120112;20120313
303;20161007;20161117
887;20220616;20220713
568;20160112;20160306
67;20221006;20221102
33;20120613;20120816
159;20220421;20220518
26;20241107;20241204
646;20210901;20210922
104;20230615;20230715
253;20220714;20220810
51;20170613;20170713
995;20260217;20260316
714;20240102;20240131
640;20190426;20190515
128;20161007;20161117
887;20231005;20231101
213;20141029;20141121
401;20230713;20230813
312;20221211;20230111
191;20170420;20170520
85;20200724;20200824
871;20151009;20151117
459;20200612;20200625
564;20220908;20221005
960;20130112;20130311
128;20200511;20200611
108;20190906;20191006
262;20201210;20210113
634;20220224;20220323
53;20140828;20141028
973;20250227;20250323
562;20171207;20180107
782;20200626;20200723
33;20190308;20190328
187;20250424;20250521
459;20260317;20260406
202;20170110;20170306
961;20141122;20150112
568;20241205;20250101
197;20110828;20110923
743;20220908;20221005
282;20240201;20240229
961;20211118;20211215
345;20120112;20120313
887;20161007;20161117
659;20170817;20170904
154;20230214;20230314
659;20200324;20200414
775;20230214;20230314
128;20190111;20190307
887;20240523;20240619
67;20250703;20250730
625;20220714;20220810
564;20181112;20181212
279;20180903;20181003
2;20190715;20190815
323;20171207;20180107
953;20190329;20190425
78;20210506;20210606
159;20190715;20190815
132;20210614;20210714
701;20150717;20150817
387;20170316;20170416
34;20190614;20190714
476;20220224;20220323
441;20250828;20250924
906;20190614;20190714
266;20190308;20190328
544;20201008;20201108
984;20141029;20141121
34;20200612;20200625
290;20220616;20220713
10;20251023;20251116
175;20180108;20180306
337;20210901;20210922
175;20170110;20170306
387;20201112;20201209
457;20190819;20190905
784;20110224;20110409
557;20250703;20250730
377;20180507;20180611
929;20251023;20251116
486;20230314;20230326
387;20210408;20210505
3;20150612;20150716
964;20201008;20201108
929;20170714;20170814
784;20210715;20210815
616;20241107;20241204
387;20240327;20240424
670;20110104;20110111
630;20130614;20130816
6;20110828;20110923
557;20210311;20210407
544;20210506;20210606
387;20171106;20171206
64;20190715;20190815
924;20200716;20200812
494;20211021;20211117
157;20201008;20201111
271;20210408;20210505
593;20210506;20210606
390;20181112;20181212
453;20190819;20190905
906;20110924;20111124
266;20210923;20211020
10;20160401;20160430
715;20130112;20130311
706;20220113;20220223
5;20180906;20181007
453;20210506;20210606
630;20211216;20220112
27;20201112;20201209
13;20121122;20130111
216;20240620;20240717
816;20200511;20200611
337;20151118;20160110
553;20230615;20230712
457;20170613;20170713
123;20210311;20210407
486;20211118;20211215
494;20171106;20171206
286;20210715;20210815
34;20190308;20190328
390;20260217;20260316
184;20110104;20110111
710;20141029;20141121
236;20220616;20220713
787;20211021;20211117
430;20160817;20160831
324;20220113;20220223
544;20220519;20220615
127;20201008;20201108
3;20160817;20160831
557;20241107;20241204
929;20160901;20160930
816;20170316;20170416
906;20150717;20150817
483;20130920;20131121
5;20250605;20250702
761;20210816;20210831
57;20130819;20130919
802;20170316;20170416
138;20200626;20200723
947;20130312;20130405
149;20211021;20211117
623;20220421;20220518
407;20210408;20210505
947;20260317;20260406
624;20121122;20130111
38;20110224;20110409
268;20250102;20250129
647;20200511;20200611
419;20251023;20251116
802;20160307;20160331
125;20240814;20240911
242;20200612;20200625
60;20160112;20160306
79;20211021;20211117
83;20240425;20240522
198;20160714;20160815
770;20211021;20211117
948;20191108;20191208
667;20130112;20130311
211;20210923;20211020
83;20220324;20220420
937;20231005;20231101
647;20171207;20180107
502;20170714;20170814
867;20150313;20150409
419;20180108;20180303
125;20240912;20241009
406;20210506;20210606
189;20151009;20151117
19;20140423;20140612
19;20181213;20190110
863;20230713;20230813
188;20130614;20130816
535;20191108;20191208
245;20170420;20170520
524;20120927;20121121
533;20190111;20190307
54;20230309;20230419
854;20180611;20180711
138;20230420;20230517
214;20160401;20160430
332;20180305;20180405
134;20250102;20250129
771;20180906;20181007
326;20190614;20190714
533;20210408;20210505
768;20210901;20210922
419;20160112;20160306
653;20250227;20250323
46;20210923;20211020
535;20210114;20210307
125;20190819;20190905
959;20220324;20220420
980;20220324;20220420
437;20210603;20210630
326;20201112;20201209
571;20190819;20190905
653;20180108;20180303
502;20191007;20191107
959;20110224;20110409
103;20180903;20181003
283;20151009;20151117
326;20241205;20250101
571;20250605;20250702
967;20171207;20180107
863;20171106;20171206
696;20201008;20201108
571;20231130;20240101
937;20171005;20171105
222;20220421;20220518
947;20240814;20240911
751;20220908;20221005
540;20220421;20220518
15;20180108;20180303
1;20201210;20210113
647;20250102;20250129
959;20120314;20120409
407;20240102;20240131
306;20180406;20180506
326;20210715;20210815
502;20171005;20171105
83;20251201;20251231
529;20250327;20250423
46;20240201;20240229
61;20191114;20191211
1;20160401;20160430
143;20161117;20170109
49;20160714;20160815
411;20220714;20220810
529;20141029;20141121
15;20150612;20150716
143;20210923;20211020
62;20161007;20161117
469;20180611;20180711
677;20250227;20250323
936;20151009;20151117
415;20200626;20200723
133;20221006;20221102
719;20230420;20230517
263;20210311;20210407
399;20151009;20151117
280;20231102;20231129
394;20180906;20181007
94;20130920;20131121
685;20160401;20160430
484;20140714;20140813
469;20160401;20160430
484;20171207;20180107
239;20241107;20241204
31;20250327;20250423
429;20151009;20151117
120;20150113;20150312
17;20160817;20160831
965;20250731;20250827
375;20110424;20110616
249;20130312;20130405
29;20160901;20160930
232;20210816;20210831
763;20171005;20171105
133;20211216;20220112
239;20230713;20230813
47;20221103;20221130
484;20120314;20120409
63;20170110;20170306
179;20171207;20180107
96;20181112;20181212
631;20190614;20190714
685;20251023;20251116
723;20151118;20160110
554;20260217;20260316
662;20151009;20151117
705;20190516;20190613
429;20200306;20200323
935;20230907;20231004
71;20220421;20220518
484;20240620;20240717
100;20150612;20150716
388;20140613;20140713
578;20211216;20220112
917;20210901;20210922
168;20211216;20220112
208;20141029;20141121
94;20220224;20220323
100;20210506;20210606
723;20180906;20181007
117;20181112;20181212
375;20120826;20120926
208;20240814;20240911
47;20180108;20180306
429;20190426;20190515
249;20230615;20230712
71;20140613;20140713
415;20190614;20190714
96;20160112;20160306
388;20171005;20171105
23;20190516;20190613
28;20201112;20201209
201;20170420;20170520
133;20210506;20210606
94;20251023;20251116
672;20190516;20190613
229;20110828;20110923
708;20171207;20180107
836;20180611;20180711
702;20210816;20210831
63;20170905;20171004
935;20190715;20190815
511;20210715;20210815
208;20181213;20190110
96;20231130;20240101
96;20250828;20250924
280;20211216;20220112
575;20190426;20190515
223;20240523;20240619
140;20180108;20180303
972;20210715;20210815
9;20191007;20191107
208;20150313;20150409
836;20190516;20190613
394;20190111;20190307
133;20210715;20210815
26;20200825;20200909
153;20180611;20180711
33;20250925;20251022
401;20220616;20220713
459;20210614;20210714
811;20210311;20210407
213;20210816;20210831
953;20180108;20180303
104;20180406;20180506
594;20221103;20221130
973;20200511;20200611
743;20181112;20181212
132;20161007;20161117
659;20191108;20191208
634;20200113;20200305
202;20230713;20230813
4;20160817;20160831
617;20120927;20121121
714;20160714;20160815
401;20250424;20250521
303;20190329;20190425
159;20200825;20200909
155;20180305;20180405
811;20210715;20210815
187;20220908;20221005
282;20210816;20210831
308;20180611;20180711
960;20130312;20130405
660;20161007;20161117
562;20210715;20210815
995;20190614;20190714
743;20211021;20211117
18;20230327;20230419
562;20181112;20181212
756;20110617;20110817
35;20210506;20210606
622;20171207;20180107
572;20121122;20130111
973;20191108;20191208
961;20190329;20190425
912;20210408;20210505
50;20210923;20211020
562;20151009;20151117
159;20210311;20210407
14;20220421;20220518
102;20191108;20191208
104;20171207;20180107
33;20181008;20181108
586;20210923;20211020
359;20220224;20220323
93;20200113;20200305
26;20160714;20160815
284;20220421;20220518
638;20151118;20160110
33;20221006;20221102
855;20170420;20170520
282;20130819;20130919
564;20210408;20210505
634;20230615;20230712
16;20140613;20140713
640;20230420;20230517
701;20220519;20220615
810;20210311;20210407
887;20240327;20240424
459;20171005;20171105
995;20200724;20200824
213;20210506;20210606
618;20190426;20190515
692;20251023;20251116
18;20200324;20200414
622;20140423;20140612
568;20140116;20140321
953;20151009;20151117
563;20201210;20210113
312;20160112;20160306
186;20140828;20141028
670;20181213;20190110
72;20190614;20190714
107;20170714;20170814
494;20210311;20210407
317;20121122;20130111
106;20200724;20200824
266;20201210;20210113
72;20200612;20200625
453;20250731;20250827
787;20210506;20210606
838;20250227;20250323
595;20140828;20141028
838;20180108;20180306
72;20171207;20180107
377;20160901;20160930
486;20210923;20211020
595;20180108;20180303
266;20250102;20250129
441;20231130;20240101
924;20200910;20201007
300;20151118;20160110
98;20180611;20180711
544;20170316;20170416
186;20180906;20181007
157;20221006;20221102
34;20180507;20180611
816;20151118;20160110
5;20231005;20231101
216;20140423;20140612
715;20110924;20111124
964;20251201;20251231
595;20260217;20260316
616;20140828;20141028
457;20160901;20160930
377;20181008;20181108
170;20220224;20220323
127;20160401;20160430
876;20160307;20160331
988;20200825;20200909
286;20211216;20220112
929;20210715;20210815
762;20190329;20190425
170;20160714;20160815
271;20180712;20180812
906;20230518;20230614
774;20170110;20170306
175;20230327;20230419
302;20111125;20120111
906;20180507;20180611
983;20200612;20200625
453;20230814;20230906
584;20190819;20190905
286;20180108;20180303
10;20230615;20230712
774;20210614;20210714
585;20201008;20201108
158;20210923;20211020
337;20210923;20211020
106;20171106;20171206
377;20120927;20121121
271;20210923;20211020
584;20110424;20110616
449;20210901;20210922
551;20151009;20151117
453;20190329;20190425
418;20180712;20180812
761;20190516;20190613
467;20190516;20190613
834;20200511;20200611
712;20190614;20190714
715;20130614;20130816
799;20170521;20170612
476;20191108;20191208
381;20130312;20130405
449;20181112;20181212
3;20200612;20200625
629;20220616;20220713
10;20200511;20200611
184;20140423;20140612
64;20210715;20210815
336;20180305;20180405
585;20190906;20191006
545;20230314;20230326
539;20160714;20160815
146;20180611;20180711
146;20200113;20200305
959;20120613;20120816
539;20211118;20211215
539;20121122;20130111
533;20220519;20220615
508;20170521;20170612
198;20241107;20241204
485;20191108;20191208
283;20210506;20210606
867;20251201;20251231
222;20171005;20171105
15;20210311;20210407
12;20210603;20210630
456;20170714;20170814
528;20220224;20220323
571;20190614;20190714
460;20190819;20190905
219;20210729;20210825
802;20220908;20221005
125;20220113;20220223
433;20110617;20110817
485;20180108;20180303
283;20240523;20240619
771;20170420;20170520
768;20241107;20241204
39;20191108;20191208
39;20220421;20220518
49;20130312;20130405
83;20250731;20250827
189;20200825;20200909
37;20231005;20231101
326;20220811;20220907
539;20240201;20240229
867;20250828;20250924
974;20221103;20221130
37;20140116;20140321
619;20200825;20200909
214;20230814;20230906
771;20240425;20240522
653;20201008;20201108
967;20160714;20160815
508;20180712;20180812
802;20171005;20171105
967;20150313;20150409
315;20190516;20190613
326;20210506;20210606
407;20210923;20211020
647;20220714;20220810
146;20170714;20170814
949;20180611;20180711
306;20181112;20181212
947;20140714;20140813
997;20170521;20170612
306;20240102;20240131
508;20140828;20141028
696;20200825;20200909
760;20151009;20151117
804;20230112;20230208
454;20181008;20181108
863;20240523;20240619
647;20211216;20220112
411;20160401;20160430
539;20201112;20201209
60;20160610;20160710
849;20240523;20240619
250;20220714;20220810
456;20160714;20160815
380;20221006;20221102
624;20130312;20130405
146;20250424;20250521
947;20220421;20220518
741;20160112;20160306
130;20250102;20250129
283;20160401;20160430
647;20190111;20190307
858;20210408;20210505
535;20200113;20200305
405;20210901;20210922
802;20130312;20130405
802;20200825;20200909
863;20151009;20151117
732;20210114;20210307
529;20250102;20250129
751;20160401;20160430
570;20200612;20200625
156;20201112;20201209
763;20260107;20260216
469;20230615;20230712
120;20240201;20240229
469;20251023;20251116
100;20250227;20250323
484;20150410;20150611
574;20180906;20181007
200;20161007;20161117
490;20200626;20200723
965;20210701;20210728
168;20210715;20210815
936;20150818;20150831
200;20150901;20151008
232;20150612;20150716
117;20120613;20120816
862;20161007;20161117
759;20180108;20180303
208;20200910;20201007
31;20160307;20160331
331;20200716;20200812
831;20220616;20220713
173;20221211;20230111
62;20151009;20151117
208;20170110;20170306
31;20170817;20170904
280;20180108;20180306
936;20130312;20130405
763;20150113;20150312
373;20230327;20230419
28;20210114;20210307
734;20210311;20210407
41;20210506;20210606
31;20130614;20130816
117;20220811;20220907
117;20190426;20190515
173;20250828;20250924
484;20190614;20190714
734;20231130;20240101
69;20111125;20120111
705;20201210;20210113
972;20191210;20200110
935;20200825;20200909
724;20130406;20130613
232;20250227;20250323
31;20171005;20171105
29;20141122;20150112
29;20171106;20171206
121;20171005;20171105
232;20160714;20160815
672;20120613;20120816
589;20240201;20240229
133;20240718;20240813
734;20191108;20191208
17;20150612;20150716
100;20210816;20210831
671;20171005;20171105
388;20211216;20220112
96;20220224;20220323
280;20250424;20250521
135;20170316;20170416
179;20140714;20140813
223;20141122;20150112
455;20170110;20170306
200;20200324;20200414
29;20190906;20191006
28;20191108;20191208
917;20181112;20181212
40;20170714;20170814
829;20220421;20220518
639;20150410;20150611
375;20111125;20120111
395;20171005;20171105
40;20210715;20210815
445;20120314;20120409
334;20210701;20210728
685;20130112;20130311
394;20120613;20120816
452;20200324;20200414
375;20130819;20130919
515;20180712;20180812
200;20110828;20110923
763;20221006;20221102
40;20190426;20190515
744;20200626;20200723
347;20140714;20140813
920;20250703;20250730
28;20230309;20230419
17;20130312;20130405
117;20220616;20220713
574;20180611;20180711
23;20210506;20210606
40;20211216;20220112
614;20190329;20190425
662;20240327;20240424
102;20220421;20220518
638;20191210;20200110
803;20181130;20181231
640;20190906;20191006
690;20160401;20160430
680;20240201;20240229
562;20190516;20190613
191;20110112;20110223
961;20220324;20220420
16;20160307;20160331
191;20200724;20200824
4;20250227;20250323
953;20170110;20170306
995;20121122;20130111
625;20190111;20190307
568;20250703;20250730
338;20230713;20230813
42;20230309;20230419
563;20170316;20170416
132;20240523;20240619
701;20130112;20130311
564;20211216;20220112
253;20251023;20251116
359;20201112;20201209
586;20210816;20210831
815;20211216;20220112
646;20111125;20120111
217;20171005;20171105
33;20170110;20170306
4;20140322;20140422
559;20230112;20230208
563;20181112;20181212
638;20220421;20220518
159;20231130;20240101
482;20191007;20191107
895;20190328;20190424
807;20170613;20170713
16;20140423;20140612
919;20210715;20210815
857;20220908;20221005
973;20140714;20140813
187;20211216;20220112
995;20220616;20220713
973;20220714;20220810
885;20180108;20180306
887;20201008;20201108
756;20141029;20141121
78;20220324;20220420
159;20250424;20250521
714;20170420;20170520
973;20210506;20210606
217;20230420;20230517
716;20180702;20180801
855;20210408;20210505
33;20200626;20200723
2;20160714;20160815
701;20180507;20180611
962;20150410;20150611
50;20191007;20191107
640;20190715;20190815
142;20191210;20200110
887;20200626;20200723
128;20240912;20241009
640;20220421;20220518
345;20240718;20240813
187;20230214;20230314
359;20210408;20210505
33;20150113;20150312
586;20221103;20221130
564;20170521;20170612
586;20220421;20220518
401;20191108;20191208
132;20140613;20140713
93;20200324;20200414
323;20220113;20220223
690;20210923;20211020
782;20251023;20251116
782;20220811;20220907
128;20160714;20160815
611;20191210;20200110
93;20220224;20220323
953;20211216;20220112
815;20150313;20150409
857;20161007;20161117
973;20220113;20220223
875;20240814;20240911
213;20250731;20250827
202;20190329;20190425
266;20190516;20190613
107;20260217;20260316
584;20110828;20110923
467;20221006;20221102
753;20240912;20241009
286;20120112;20120313
670;20160307;20160331
670;20170316;20170416
252;20201210;20210113
467;20160401;20160430
98;20240327;20240424
544;20180712;20180812
584;20160714;20160815
27;20220224;20220323
543;20181112;20181212
70;20180305;20180405
964;20111125;20120111
787;20121122;20130111
377;20130920;20131121
212;20121122;20130111
787;20150612;20150716
266;20220519;20220615
784;20161007;20161117
302;20180507;20180611
486;20110112;20110223
666;20180305;20180405
6;20160817;20160831
170;20210506;20210606
127;20210816;20210831
801;20181008;20181108
453;20210816;20210831
915;20200511;20200611
170;20220616;20220713
585;20201210;20210113
476;20250227;20250323
666;20141122;20150112
34;20120927;20121121
296;20190614;20190714
377;20130614;20130816
290;20170817;20170904
418;20180507;20180611
822;20111125;20120111
834;20220714;20220810
551;20170420;20170520
536;20200626;20200715
593;20181112;20181212
543;20201210;20210113
467;20200626;20200723
476;20231130;20240101
494;20120314;20120409
558;20200511;20200611
483;20170316;20170416
72;20160714;20160815
184;20160401;20160430
106;20130312;20130405
593;20170316;20170416
390;20180906;20181007
357;20220421;20220518
753;20200324;20200414
107;20191108;20191208
822;20210311;20210407
784;20220421;20220518
774;20180108;20180306
266;20220324;20220420
170;20250925;20251022
157;20191010;20191113
5;20181213;20190110
472;20250424;20250521
186;20150313;20150409
453;20190516;20190613
666;20150717;20150817
799;20190614;20190714
430;20201008;20201108
557;20190715;20190815
236;20170817;20170904
838;20200113;20200305
558;20210506;20210606
801;20191007;20191107
441;20110924;20111124
390;20170905;20171004
955;20200825;20200909
248;20210901;20210922
472;20200626;20200715
390;20220421;20220518
175;20190614;20190714
771;20230615;20230712
768;20200511;20200611
83;20170521;20170612
306;20190819;20190905
751;20120410;20120612
529;20130920;20131121
937;20110924;20111124
37;20130819;20130919
83;20160401;20160430
125;20130920;20131121
539;20220616;20220713
454;20140116;20140321
143;20191007;20191107
411;20130112;20130311
411;20191210;20200110
683;20161007;20161117
771;20170521;20170612
485;20220224;20220323
55;20211216;20220112
528;20220616;20220713
980;20170521;20170612
235;20200612;20200625
647;20160817;20160831
899;20250828;20250924
854;20240620;20240717
433;20170714;20170814
52;20191108;20191208
949;20190906;20191006
316;20190516;20190613
242;20160817;20160831
967;20140116;20140321
193;20211216;20220112
146;20180406;20180506
130;20240201;20240229
46;20191210;20200110
770;20161007;20161117
15;20231130;20240101
49;20190516;20190613
60;20150313;20150409
947;20151118;20160110
405;20250424;20250521
665;20200113;20200305
222;20180611;20180711
979;20180108;20180306
15;20200612;20200625
198;20200626;20200723
219;20180601;20180701
948;20190906;20191006
380;20211118;20211215
454;20230420;20230517
837;20160112;20160306
37;20211021;20211117
1;20210311;20210407
524;20130819;20130919
837;20190426;20190515
454;20230713;20230813
306;20180611;20180711
647;20200724;20200824
653;20250828;20250924
325;20260217;20260316
407;20191210;20200110
967;20150612;20150716
732;20231130;20240101
189;20140714;20140813
214;20210506;20210606
433;20180507;20180611
539;20241107;20241204
306;20251201;20251231
65;20130312;20130405
991;20151009;20151117
591;20180903;20181003
268;20150612;20150716
967;20170316;20170416
125;20230814;20230906
39;20190906;20191006
508;20210923;20211020
250;20170613;20170713
959;20141122;20150112
103;20180601;20180701
959;20190308;20190328
24;20140828;20141028
193;20200910;20201007
748;20210901;20210922
268;20171106;20171206
43;20190111;20190307
24;20250102;20250129
103;20200626;20200715
539;20171106;20171206
751;20210311;20210407
38;20170714;20170814
405;20180108;20180303
785;20141029;20141121
959;20140714;20140813
37;20260217;20260316
38;20160307;20160331
425;20160901;20160930
268;20160714;20160815
193;20180108;20180303
315;20150901;20151008
38;20180305;20180405
219;20190328;20190424
598;20220113;20220223
69;20210715;20210815
200;20120613;20120816
831;20190906;20191006
734;20200511;20200611
41;20211118;20211215
388;20151009;20151117
156;20241107;20241204
117;20120112;20120313
40;20160610;20160710
156;20171207;20180107
578;20191210;20200110
120;20200910;20201007
484;20141122;20150112
192;20240814;20240911
734;20160714;20160815
415;20191108;20191208
639;20120314;20120409
121;20221211;20230111
434;20250102;20250129
156;20180108;20180306
415;20200511;20200611
41;20170613;20170713
17;20201008;20201108
63;20150313;20150409
645;20200511;20200611
379;20180430;20180531
639;20140714;20140813
763;20160610;20160710
375;20110112;20110223
479;20260317;20260406
394;20150901;20151008
415;20210114;20210307
492;20210923;20211020
94;20200910;20201007
126;20260317;20260406
31;20160901;20160930
31;20110224;20110409
469;20250424;20250521
29;20231130;20240101
31;20150113;20150312
415;20180611;20180711
375;20140423;20140612
578;20171005;20171105
469;20200511;20200611
29;20220811;20220907
935;20200724;20200824
62;20190111;20190307
719;20231102;20231129
575;20161007;20161117
734;20250227;20250323
31;20260317;20260406
936;20140828;20141028
41;20210923;20211020
977;20240229;20240326
232;20220616;20220713
192;20140818;20140827
936;20181008;20181108
920;20160610;20160710
305;20191210;20200110
97;20220324;20220420
829;20260317;20260406
734;20210506;20210606
744;20170316;20170416
723;20181213;20190110
677;20190329;20190425
705;20230420;20230517
100;20110828;20110923
598;20170316;20170416
862;20210311;20210407
399;20181008;20181108
94;20171005;20171105
932;20190103;20190131
29;20210311;20210407
631;20201008;20201108
373;20200626;20200723
117;20180108;20180306
71;20221211;20230111
936;20210311;20210407
388;20240523;20240619
173;20171005;20171105
347;20180712;20180812
836;20230615;20230712
686;20210506;20210606
40;20231005;20231101
208;20250424;20250521
763;20210901;20210922
733;20250731;20250827
570;20210311;20210407
35;20200724;20200824
197;20210506;20210606
202;20160307;20160331
132;20171005;20171105
262;20140828;20141028
93;20150410;20150611
32;20200626;20200723
743;20170521;20170612
514;20200227;20200325
660;20180611;20180711
973;20121122;20130111
359;20140116;20140321
92;20160112;20160306
680;20190715;20190815
714;20151009;20151117
50;20181008;20181108
782;20240327;20240424
142;20210506;20210606
197;20141029;20141121
568;20201112;20201209
586;20241205;20250101
401;20231005;20231101
810;20210715;20210815
8;20240201;20240229
92;20190516;20190613
973;20160714;20160815
622;20181112;20181212
142;20160401;20160430
93;20230615;20230712
14;20170714;20170814
159;20220811;20220907
262;20210311;20210407
2;20230112;20230208
272;20230214;20230314
973;20180712;20180812
20;20220324;20220420
618;20250102;20250129
155;20210408;20210505
108;20200324;20200414
191;20220421;20220518
618;20180108;20180303
701;20200324;20200414
775;20180108;20180306
338;20130920;20131121
875;20210211;20210310
16;20230420;20230517
92;20210715;20210815
154;20210901;20210922
660;20190906;20191006
68;20210816;20210831
20;20220519;20220615
53;20190426;20190515
640;20180406;20180506
743;20160112;20160306
459;20241107;20241204
690;20161117;20170109
482;20251023;20251116
2;20200825;20200909
640;20221006;20221102
459;20210715;20210815
213;20191108;20191208
995;20140322;20140422
359;20250227;20250323
893;20200324;20200414
67;20230615;20230712
202;20230615;20230715
104;20230112;20230208
253;20150901;20151008
338;20110924;20111124
995;20211021;20211117
217;20230214;20230314
961;20201112;20201209
262;20181213;20190110
431;20150901;20151008
104;20170817;20170904
618;20140828;20141028
811;20201008;20201108
815;20171207;20180107
92;20191007;20191107
563;20150313;20150409
634;20241205;20250101
170;20251023;20251116
762;20230327;20230419
715;20170817;20170904
160;20211216;20220112
988;20211021;20211117
988;20230814;20230906
946;20210408;20210505
816;20110924;20111124
929;20170316;20170416
558;20250227;20250323
629;20150612;20150716
184;20200825;20200909
630;20161007;20161117
558;20210311;20210407
629;20201008;20201108
544;20180305;20180405
335;20180507;20180611
955;20190906;20191006
585;20161007;20161117
799;20200306;20200323
6;20250102;20250129
236;20250424;20250521
483;20210901;20210922
216;20130112;20130311
123;20210816;20210831
876;20200113;20200305
596;20110617;20110817
476;20160714;20160815
486;20210715;20210815
476;20181112;20181212
630;20170316;20170416
801;20190614;20190714
711;20190906;20191006
212;20211118;20211215
706;20210701;20210728
494;20191210;20200110
964;20210715;20210815
801;20160401;20160430
34;20240327;20240424
299;20190530;20190626
486;20170905;20171004
584;20211118;20211215
712;20240102;20240131
296;20231102;20231129
964;20180611;20180711
964;20170613;20170713
324;20170905;20171004
595;20191210;20200110
765;20230420;20230517
186;20110828;20110923
616;20170110;20170306
606;20160714;20160815
983;20190715;20190815
248;20210715;20210815
553;20161007;20161117
593;20191210;20200110
712;20241107;20241204
34;20171207;20180107
666;20171207;20180107
106;20150901;20151008
127;20190516;20190613
337;20211118;20211215
616;20220908;20221005
573;20260317;20260406
762;20220224;20220323
799;20211216;20220112
476;20240912;20241009
72;20191108;20191208
107;20140116;20140321
337;20231102;20231129
107;20160112;20160306
476;20240201;20240229
486;20210311;20210407
964;20130819;20130919
290;20200910;20201007
955;20231130;20240101
924;20220908;20221005
252;20231130;20240101
299;20210701;20210728
286;20141029;20141121
158;20250925;20251022
266;20111125;20120111
397;20200910;20201007
693;20220519;20220615
760;20110828;20110923
138;20230615;20230715
524;20250102;20250129
667;20130920;20131121
39;20200910;20201007
125;20241107;20241204
332;20190111;20190307
19;20210715;20210815
524;20170110;20170306
406;20160401;20160430
54;20201112;20201209
222;20230420;20230517
529;20141122;20150112
55;20150901;20151008
214;20120613;20120816
134;20150901;20151008
37;20230420;20230517
193;20190329;20190425
37;20180611;20180711
619;20211118;20211215
24;20180108;20180306
24;20241107;20241204
60;20180906;20181007
647;20180507;20180611
39;20250102;20250129
650;20220113;20220223
947;20180712;20180812
198;20160610;20160710
760;20211118;20211215
508;20220421;20220518
948;20211021;20211117
433;20201008;20201108
46;20130312;20130405
959;20170521;20170612
433;20160817;20160831
348;20190715;20190815
980;20140714;20140813
647;20130112;20130311
997;20250227;20250323
529;20180406;20180506
52;20170521;20170612
65;20210506;20210606
529;20220811;20220907
771;20191108;20191208
193;20171207;20180107
980;20110924;20111124
65;20221103;20221130
979;20200626;20200723
425;20180507;20180611
360;20220113;20220223
502;20150612;20150716
528;20190426;20190515
19;20150113;20150312
189;20201008;20201108
528;20200910;20201007
894;20120314;20120409
650;20260217;20260316
407;20110104;20110111
360;20210923;20211020
15;20250102;20250129
52;20161007;20161117
508;20150313;20150409
460;20170905;20171004
571;20231102;20231129
485;20181213;20190110
540;20230420;20230517
454;20131122;20140115
214;20231005;20231101
54;20170521;20170612
60;20181213;20190110
837;20220616;20220713
460;20211118;20211215
306;20110924;20111124
751;20250605;20250702
54;20240620;20240717
74;20151118;20160110
146;20180906;20181007
454;20240425;20240522
751;20220616;20220713
974;20241205;20250101
12;20200326;20200422
947;20210506;20210606
571;20211118;20211215
508;20200612;20200625
614;20161007;20161117
280;20170420;20170520
96;20230615;20230712
862;20220421;20220518
116;20231102;20231129
173;20190906;20191006
944;20200910;20201007
429;20180108;20180303
94;20220616;20220713
117;20201008;20201108
836;20260217;20260316
891;20220908;20221005
492;20220714;20220810
47;20160610;20160710
140;20151009;20151117
755;20171207;20180107
388;20231102;20231129
117;20170714;20170814
117;20240201;20240229
935;20180507;20180611
922;20200324;20200414
490;20210715;20210815
63;20220908;20221005
972;20161007;20161117
631;20160714;20160815
484;20190111;20190307
452;20120314;20120409
724;20200724;20200824
455;20190614;20190714
69;20260217;20260316
862;20190516;20190613
515;20160112;20160306
829;20210614;20210714
972;20110104;20110111
636;20200724;20200824
734;20140116;20140321
399;20220421;20220518
395;20140116;20140321
570;20200825;20200909
901;20150113;20150312
744;20110617;20110817
530;20121122;20130111
734;20260217;20260316
63;20240201;20240229
836;20251023;20251116
305;20130312;20130405
639;20180712;20180812
200;20180108;20180306
131;20130312;20130405
836;20140714;20140813
920;20231005;20231101
94;20220714;20220810
179;20160307;20160331
208;20160817;20160831
96;20250227;20250323
490;20161007;20161117
719;20140828;20141028
399;20150113;20150312
495;20171005;20171105
47;20220908;20221005
395;20220714;20220810
891;20180108;20180303
47;20181213;20190110
29;20210506;20210606
120;20150901;20151008
829;20190329;20190425
69;20181112;20181212
63;20220113;20220223
685;20160714;20160815
917;20191108;20191208
28;20240201;20240229
554;20200825;20200909
174;20190131;20190227
831;20180906;20181007
735;20170613;20170713
382;20110924;20111124
394;20190715;20190815
379;20201210;20210113
901;20140828;20141028
534;20221006;20221102
759;20210923;20211020
126;20250102;20250129
537;20251201;20251231
31;20210715;20210815
705;20201008;20201108
972;20110617;20110817
614;20221103;20221130
121;20161007;20161117
94;20241107;20241204
280;20221103;20221130
373;20150113;20150312
917;20171005;20171105
763;20140828;20141028
622;20180305;20180405
213;20170817;20170904
202;20250102;20250129
939;20200825;20200909
128;20220224;20220323
243;20201008;20201108
594;20120826;20120926
594;20110424;20110616
104;20140116;20140321
93;20160714;20160815
361;20190111;20190307
973;20180507;20180611
102;20160112;20160306
960;20130614;20130816
586;20240425;20240522
93;20210506;20210606
782;20200511;20200611
303;20211216;20220112
919;20210311;20210407
104;20190906;20191006
459;20210311;20210407
646;20200910;20201007
159;20231005;20231101
213;20250925;20251022
50;20200724;20200824
782;20170714;20170814
104;20210114;20210307
815;20201008;20201108
132;20190308;20190328
142;20121122;20130111
303;20170316;20170416
213;20130112;20130311
284;20130312;20130405
887;20230814;20230906
775;20221006;20221102
279;20230713;20230813
640;20140116;20140321
67;20190426;20190515
815;20130614;20130816
187;20240201;20240229
53;20170714;20170814
855;20190329;20190425
431;20160307;20160331
185;20200825;20200909
973;20210614;20210714
403;20200324;20200414
262;20160509;20160609
104;20220616;20220713
4;20160112;20160306
611;20210901;20210922
646;20150901;20151008
102;20190614;20190714
617;20161007;20161117
775;20171005;20171105
939;20211118;20211215
887;20200113;20200305
973;20191007;20191107
191;20190715;20190815
217;20220224;20220323
895;20210603;20210630
562;20120613;20120816
243;20241107;20241204
995;20220519;20220615
282;20260217;20260316
995;20141029;20141121
939;20181008;20181108
303;20250227;20250323
714;20250703;20250730
995;20170521;20170612
35;20220324;20220420
562;20181213;20190110
995;20251201;20251231
93;20231130;20240101
618;20230327;20230419
272;20230814;20230906
973;20120927;20121121
618;20240201;20240229
53;20230112;20230208
659;20220224;20220323
459;20250102;20250129
202;20161007;20161117
563;20221006;20221102
33;20240327;20240424
955;20180906;20181007
822;20180906;20181007
929;20110224;20110409
955;20190516;20190613
585;20110112;20110223
988;20180611;20180711
387;20211021;20211117
801;20180507;20180611
266;20200910;20201007
712;20200724;20200824
467;20140423;20140612
906;20230713;20230813
10;20201210;20210113
801;20180305;20180405
296;20200113;20200305
596;20110224;20110409
595;20181112;20181212
216;20220324;20220420
606;20140322;20140422
787;20130312;20130405
286;20250102;20250129
616;20160610;20160710
290;20150113;20150312
929;20180507;20180611
544;20210715;20210815
449;20170316;20170416
290;20250102;20250129
629;20250227;20250323
236;20190614;20190714
467;20190329;20190425
915;20220714;20220810
670;20210901;20210922
266;20220113;20220223
337;20250925;20251022
170;20241205;20250101
543;20110224;20110409
558;20200324;20200414
616;20180108;20180303
170;20210816;20210831
212;20110828;20110923
557;20210506;20210606
286;20220421;20220518
453;20200724;20200824
715;20250703;20250730
160;20211021;20211117
107;20201210;20210113
387;20210816;20210831
557;20230420;20230517
252;20250227;20250323
467;20210311;20210407
506;20140116;20140321
271;20181008;20181108
553;20200825;20200909
175;20170714;20170814
170;20250605;20250702
252;20230814;20230906
266;20250327;20250423
390;20210816;20210831
34;20191108;20191208
123;20241010;20241106
106;20120410;20120612
449;20160714;20160815
946;20180108;20180306
3;20220616;20220713
838;20190329;20190425
336;20220324;20220420
801;20210715;20210815
816;20220421;20220518
472;20200116;20200226
822;20180611;20180711
337;20240201;20240229
337;20210506;20210606
387;20170420;20170520
536;20210408;20210505
906;20240718;20240813
558;20221211;20230111
467;20211021;20211117
506;20150612;20150716
427;20210506;20210606
390;20220616;20220713
184;20191007;20191107
801;20191210;20200110
198;20220616;20220713
760;20190819;20190905
879;20181112;20181212
485;20210408;20210505
959;20140613;20140713
683;20220421;20220518
15;20151009;20151117
526;20180402;20180429
879;20200306;20200323
214;20171005;20171105
39;20241107;20241204
306;20221103;20221130
65;20150612;20150716
581;20230112;20230208
456;20151118;20160110
61;20180903;20181003
125;20260107;20260216
198;20170714;20170814
771;20190906;20191006
456;20191210;20200110
647;20240327;20240424
502;20200825;20200909
894;20220324;20220420
407;20190308;20190328
937;20150313;20150409
974;20190329;20190425
948;20160112;20160306
103;20211216;20220112
60;20230112;20230208
433;20171207;20180107
854;20190614;20190714
533;20200724;20200824
149;20190308;20190328
12;20220908;20221005
19;20191108;20191208
540;20171005;20171105
326;20250227;20250323
949;20240102;20240131
411;20170714;20170814
959;20171207;20180107
214;20240718;20240813
57;20210311;20210407
242;20240201;20240229
997;20190614;20190714
411;20120314;20120409
650;20201210;20210113
55;20111125;20120111
125;20171106;20171206
1;20220616;20220713
760;20140322;20140422
959;20180305;20180405
867;20210715;20210815
760;20191210;20200110
83;20171106;20171206
539;20231005;20231101
488;20191108;20191208
667;20120314;20120409
425;20140828;20141028
380;20220714;20220810
949;20230615;20230712
863;20181008;20181108
411;20200626;20200723
947;20171106;20171206
650;20191114;20191211
425;20111125;20120111
937;20220324;20220420
980;20150717;20150817
454;20230907;20231004
751;20210715;20210815
24;20220908;20221005
867;20201210;20210113
456;20171207;20180107
526;20200626;20200715
176;20130312;20130405
529;20241205;20250101
729;20160817;20160831
250;20201008;20201108
406;20201210;20210113
959;20150717;20150817
83;20240327;20240424
30;20181030;20181129
198;20251023;20251116
980;20190614;20190714
125;20211216;20220112
417;20180507;20180611
134;20111125;20120111
748;20130920;20131121
591;20250828;20250924
411;20201008;20201108
268;20220908;20221005
539;20191007;20191107
528;20210114;20210307
198;20220811;20220907
149;20181112;20181212
947;20180611;20180711
760;20120410;20120612
937;20211216;20220112
456;20181112;20181212
423;20220324;20220420
60;20240201;20240229
485;20210901;20210922
63;20260217;20260316
249;20160817;20160831
719;20180611;20180711
455;20230112;20230208
229;20230814;20230906
375;20240814;20240911
63;20210506;20210606
920;20210901;20210922
263;20170714;20170814
735;20130614;20130816
116;20180108;20180303
735;20240229;20240326
40;20200113;20200305
490;20260217;20260316
734;20220811;20220907
280;20160112;20160306
47;20200612;20200625
677;20170521;20170612
229;20150113;20150312
636;20190819;20190905
434;20230214;20230314
208;20160112;20160306
656;20151009;20151117
763;20120927;20121121
200;20190308;20190328
598;20201008;20201108
117;20230615;20230712
394;20240912;20241009
56;20230713;20230813
201;20210715;20210815
121;20221103;20221130
672;20220908;20221005
208;20201210;20210113
484;20160307;20160331
901;20151009;20151117
677;20210901;20210922
998;20191108;20191208
29;20240912;20241009
116;20241205;20250101
490;20241107;20241204
589;20161007;20161117
195;20220714;20220810
263;20121122;20130111
71;20200511;20200611
232;20180906;20181007
578;20110617;20110817
455;20180611;20180711
656;20211216;20220112
415;20200324;20200414
935;20250424;20250521
735;20160112;20160306
797;20220324;20220420
17;20151009;20151117
41;20160401;20160430
686;20201008;20201108
763;20181008;20181108
135;20201008;20201108
708;20200626;20200723
100;20200724;20200824
455;20180906;20181007
249;20171106;20171206
388;20160509;20160609
399;20211021;20211117
96;20230214;20230314
17;20170420;20170520
116;20211216;20220112
263;20180712;20180812
415;20170110;20170306
192;20190111;20190307
388;20130920;20131121
48;20200825;20200909
708;20140828;20141028
631;20210901;20210922
723;20150410;20150611
972;20121122;20130111
195;20201210;20210113
208;20161007;20161117
484;20170316;20170416
455;20140828;20141028
972;20170714;20170814
223;20230518;20230614
249;20160112;20160306
280;20201210;20210113
672;20260217;20260316
662;20240912;20241009
133;20240327;20240424
705;20200324;20200414
229;20160112;20160306
671;20161007;20161117
94;20190715;20190815
723;20240425;20240522
578;20201210;20210113
92;20150313;20150409
772;20110828;20110923
2;20130312;20130405
401;20180406;20180506
995;20160714;20160815
973;20160901;20160930
855;20260317;20260406
563;20220908;20221005
21;20190308;20190328
338;20171005;20171105
701;20240620;20240717
459;20231102;20231129
26;20210506;20210606
640;20180906;20181007
756;20181112;20181212
701;20190111;20190307
26;20250227;20250323
323;20250731;20250827
634;20190906;20191006
78;20170613;20170713
393;20200825;20200909
961;20240425;20240522
323;20230327;20230419
20;20180305;20180405
617;20200324;20200414
803;20190829;20190925
53;20180108;20180303
153;20150901;20151008
912;20230314;20230326
187;20250102;20250129
568;20211021;20211117
323;20210614;20210714
142;20220714;20220810
284;20110104;20110111
807;20161117;20170109
67;20241107;20241204
807;20180712;20180812
213;20251023;20251116
563;20150818;20150831
995;20210614;20210714
810;20191210;20200110
634;20191108;20191208
622;20150901;20151008
282;20211118;20211215
611;20221006;20221102
33;20161007;20161117
217;20151009;20151117
756;20190516;20190613
562;20150313;20150409
8;20200910;20201007
33;20180108;20180306
289;20210408;20210505
4;20231130;20240101
185;20181112;20181212
128;20200825;20200909
482;20210506;20210606
973;20170521;20170612
815;20210715;20210815
282;20110424;20110616
887;20210901;20210922
690;20210311;20210407
743;20240102;20240131
586;20161007;20161117
617;20120613;20120816
887;20180906;20181007
21;20210923;20211020
611;20200825;20200909
857;20200306;20200323
197;20190516;20190613
104;20230713;20230813
142;20210715;20210815
213;20121122;20130111
213;20220616;20220713
562;20161007;20161117
885;20190426;20190515
335;20190516;20190613
170;20170714;20170814
212;20221103;20221130
834;20171207;20180107
712;20220908;20221005
170;20190715;20190815
822;20251201;20251231
72;20240327;20240424
216;20140116;20140321
765;20181112;20181212
906;20131122;20140115
337;20200626;20200723
335;20170316;20170416
378;20130614;20130816
337;20150313;20150409
557;20201210;20210113
543;20200511;20200611
457;20210311;20210407
774;20160112;20160306
630;20171005;20171105
457;20190111;20190307
286;20190426;20190515
106;20201008;20201108
715;20190111;20190307
712;20160901;20160930
924;20200326;20200422
290;20190614;20190714
387;20170714;20170814
906;20130112;20130311
286;20211021;20211117
212;20180108;20180303
3;20240201;20240229
715;20240814;20240911
286;20140613;20140713
801;20110617;20110817
774;20210901;20210922
834;20210901;20210922
711;20231130;20240101
483;20120927;20121121
629;20130312;20130405
543;20220714;20220810
170;20180406;20180506
107;20180406;20180506
299;20240912;20241009
486;20110828;20110923
34;20231005;20231101
988;20241107;20241204
834;20130112;20130311
34;20191007;20191107
584;20260217;20260316
158;20200525;20200625
483;20240814;20240911
248;20191007;20191107
593;20201008;20201108
170;20260107;20260216
816;20210114;20210307
715;20150717;20150817
46;20120410;20120612
134;20230112;20230208
760;20120826;20120926
650;20240814;20240911
683;20231005;20231101
125;20200626;20200723
437;20201112;20201209
539;20160401;20160430
134;20180611;20180711
696;20240327;20240424
947;20231130;20240101
46;20200612;20200625
130;20150113;20150312
539;20160901;20160930
79;20150410;20150611
214;20250424;20250521
448;20250731;20250827
879;20170110;20170306
683;20230112;20230208
405;20220224;20220323
425;20181008;20181108
770;20251023;20251116
696;20171005;20171105
343;20170714;20170814
268;20120112;20120313
454;20160307;20160331
448;20210701;20210728
1;20190715;20190815
535;20180108;20180303
508;20151118;20160110
425;20190614;20190714
313;20230112;20230208
15;20181112;20181212
867;20210506;20210606
524;20230214;20230314
540;20221211;20230111
125;20160401;20160430
419;20240102;20240131
533;20201008;20201108
867;20180712;20180812
79;20140423;20140612
529;20221103;20221130
15;20140828;20141028
528;20230112;20230208
502;20141029;20141121
188;20160401;20160430
83;20210408;20210505
867;20200511;20200611
49;20191210;20200110
348;20190426;20190515
39;20230214;20230314
647;20130312;20130405
647;20121122;20130111
991;20140322;20140422
189;20190111;20190307
57;20210715;20210815
760;20220113;20220223
39;20210901;20210922
43;20140818;20140827
460;20190308;20190328
242;20141029;20141121
980;20240425;20240522
947;20190614;20190714
397;20190111;20190307
316;20211118;20211215
768;20240912;20241009
242;20120826;20120926
149;20250227;20250323
24;20160112;20160306
980;20151118;20160110
508;20210901;20210922
518;20140322;20140422
49;20250605;20250702
189;20211021;20211117
529;20220616;20220713
619;20181008;20181108
656;20160401;20160430
511;20220811;20220907
723;20180108;20180303
395;20200511;20200611
415;20200910;20201007
135;20220714;20220810
862;20110224;20110409
708;20160401;20160430
639;20171106;20171206
455;20230615;20230715
578;20200511;20200611
173;20231005;20231101
47;20180108;20180303
40;20160401;20160430
831;20250424;20250521
96;20211021;20211117
386;20200326;20200422
133;20181112;20181212
614;20151009;20151117
239;20250102;20250129
639;20110828;20110923
554;20150113;20150312
662;20161007;20161117
135;20220324;20220420
686;20190715;20190815
280;20161007;20161117
685;20140714;20140813
263;20150901;20151008
754;20211021;20211117
554;20140714;20140813
347;20110924;20111124
656;20251023;20251116
388;20170420;20170520
47;20160112;20160306
40;20221006;20221102
17;20190715;20190815
135;20161117;20170109
891;20181213;20190110
388;20220224;20220323
829;20220616;20220713
48;20170316;20170416
201;20190516;20190613
534;20211118;20211215
200;20221211;20230111
96;20240201;20240229
469;20140423;20140612
455;20220421;20220518
31;20210311;20210407
759;20220113;20220223
201;20110112;20110223
998;20230214;20230314
395;20180712;20180812
672;20191210;20200110
280;20160817;20160831
229;20170110;20170306
490;20140116;20140321
862;20211216;20220112
280;20160401;20160430
565;20170316;20170416
239;20180406;20180506
578;20171106;20171206
29;20171207;20180107
28;20171207;20180107
677;20180108;20180306
192;20230907;20231004
685;20171207;20180107
903;20170420;20170520
656;20190308;20190328
901;20190614;20190714
208;20221103;20221130
469;20160112;20160306
452;20140818;20140827
379;20191114;20191211
705;20230615;20230712
575;20170110;20170306
671;20150313;20150409
495;20210614;20210714
920;20240523;20240619
901;20110224;20110409
94;20210506;20210606
263;20211021;20211117
48;20181008;20181108
998;20150612;20150716
685;20160509;20160609
664;20190906;20191006
656;20211021;20211117
93;20190111;20190307
185;20120410;20120612
904;20180108;20180306
690;20220519;20220615
22;20220113;20220223
16;20110104;20110111
282;20250227;20250323
67;20240718;20240813
617;20151009;20151117
756;20201210;20210113
338;20141122;20150112
562;20211216;20220112
679;20110224;20110409
197;20231130;20240101
312;20200113;20200305
338;20130112;20130311
20;20170905;20171004
4;20191007;20191107
178;20190103;20190131
701;20170817;20170904
2;20200612;20200625
962;20181213;20190110
995;20210114;20210307
42;20220421;20220518
995;20171106;20171206
660;20240425;20240522
622;20161007;20161117
431;20130112;20130311
18;20230309;20230419
289;20181112;20181212
217;20140613;20140713
659;20230713;20230813
253;20200511;20200611
973;20190614;20190714
447;20141029;20141121
67;20220616;20220713
459;20160307;20160331
815;20191007;20191107
16;20240425;20240522
154;20200511;20200611
961;20211216;20220112
961;20200612;20200625
714;20210614;20210714
68;20161117;20170109
772;20140714;20140813
973;20211021;20211117
243;20250605;20250702
431;20180305;20180405
93;20200825;20200909
514;20221006;20221102
26;20141029;20141121
154;20180108;20180303
775;20250102;20250129
132;20230518;20230614
638;20130312;20130405
775;20170714;20170814
185;20190819;20190905
93;20210901;20210922
659;20190426;20190515
995;20190906;20191006
586;20141122;20150112
875;20190829;20190925
775;20240523;20240619
213;20160714;20160815
108;20110617;20110817
128;20211021;20211117
855;20181213;20190110
303;20240523;20240619
919;20201008;20201108
33;20200612;20200625
431;20180712;20180812
243;20170420;20170520
887;20250828;20250924
995;20180507;20180611
243;20120112;20120313
16;20230713;20230813
973;20140613;20140713
20;20170316;20170416
4;20170905;20171004
93;20191108;20191208
876;20180406;20180506
630;20210715;20210815
378;20180507;20180611
543;20171207;20180107
593;20200511;20200611
558;20230214;20230314
441;20211021;20211117
357;20160112;20160306
98;20200825;20200909
486;20160610;20160710
929;20171207;20180107
387;20160901;20160930
453;20250703;20250730
585;20221211;20230111
3;20251201;20251231
123;20191007;20191107
964;20150901;20151008
666;20250828;20250924
441;20220421;20220518
494;20180305;20180405
486;20120826;20120926
236;20231005;20231101
712;20160817;20160831
390;20201008;20201108
584;20191007;20191107
302;20160401;20160430
486;20220908;20221005
302;20210311;20210407
765;20191108;20191208
337;20240327;20240424
184;20160714;20160815
799;20241205;20250101
378;20181112;20181212
27;20200511;20200611
286;20250828;20250924
964;20180406;20180506
712;20230314;20230326
573;20230112;20230208
378;20170316;20170416
212;20180406;20180506
596;20190614;20190714
6;20170905;20171004
453;20240201;20240229
834;20140423;20140612
799;20170110;20170306
834;20110617;20110817
585;20180906;20181007
441;20201112;20201209
170;20221006;20221102
476;20190516;20190613
390;20251201;20251231
630;20190329;20190425
585;20150901;20151008
906;20170817;20170904
266;20240814;20240911
816;20220324;20220420
681;20190426;20190515
765;20250227;20250323
186;20170110;20170306
494;20200626;20200723
337;20251023;20251116
453;20240425;20240522
98;20230615;20230712
558;20240912;20241009
486;20250605;20250702
337;20240102;20240131
175;20190426;20190515
34;20110924;20111124
558;20211021;20211117
377;20130406;20130613
799;20220616;20220713
186;20140322;20140422
441;20240620;20240717
536;20240425;20240522
955;20201210;20210113
799;20140116;20140321
72;20191007;20191107
506;20190516;20190613
387;20181008;20181108
553;20160714;20160815
616;20231130;20240101
816;20211021;20211117
186;20241107;20241204
596;20170316;20170416
70;20210715;20210815
3;20140828;20141028
98;20190906;20191006
170;20201008;20201108
616;20260317;20260406
83;20160112;20160306
315;20171207;20180107
540;20181213;20190110
539;20251023;20251116
571;20161007;20161117
214;20180108;20180306
529;20260107;20260216
250;20190819;20190905
433;20140116;20140321
79;20140714;20140813
407;20121122;20130111
125;20221006;20221102
65;20231130;20240101
540;20240425;20240522
849;20230420;20230517
854;20230615;20230715
760;20260217;20260316
959;20190111;20190307
732;20250327;20250423
863;20180108;20180303
315;20180305;20180405
867;20210311;20210407
997;20201112;20201209
83;20210614;20210714
189;20140613;20140713
125;20240229;20240326
251;20190715;20190815
529;20170613;20170713
867;20220113;20220223
771;20190614;20190714
849;20221211;20230111
46;20190715;20190815
552;20211118;20211215
245;20220908;20221005
188;20141122;20150112
19;20241107;20241204
60;20230314;20230326
647;20260107;20260216
751;20260217;20260316
407;20190715;20190815
539;20150113;20150312
43;20220324;20220420
619;20190111;20190307
540;20180406;20180506
528;20160112;20160306
86;20231005;20231101
508;20240718;20240813
610;20221006;20221102
325;20191114;20191211
306;20160901;20160930
533;20160901;20160930
959;20170817;20170904
57;20180108;20180306
899;20201210;20210113
760;20230615;20230712
502;20220224;20220323
502;20140828;20141028
103;20210311;20210407
947;20170521;20170612
86;20170110;20170306
43;20180305;20180405
748;20250703;20250730
849;20181213;20190110
433;20171005;20171105
46;20210816;20210831
130;20170714;20170814
456;20201210;20210113
60;20150901;20151008
55;20190329;20190425
867;20171106;20171206
979;20230615;20230712
83;20201112;20201209
949;20191108;20191208
524;20250424;20250521
713;20120826;20120926
533;20181008;20181108
770;20210408;20210505
959;20250703;20250730
837;20140828;20141028
149;20140423;20140612
460;20210923;20211020
189;20180108;20180303
242;20150313;20150409
60;20251201;20251231
539;20210114;20210307
24;20220421;20220518
858;20200612;20200625
283;20221211;20230111
227;20151118;20160110
49;20231005;20231101
539;20250703;20250730
858;20200113;20200305
38;20210715;20210815
751;20190819;20190905
125;20191007;20191107
62;20240912;20241009
977;20250925;20251022
763;20140613;20140713
639;20140322;20140422
388;20240201;20240229
382;20141029;20141121
662;20110828;20110923
280;20241205;20250101
686;20170714;20170814
578;20220714;20220810
570;20241107;20241204
469;20200626;20200723
495;20160112;20160306
829;20231102;20231129
94;20180507;20180611
452;20141122;20150112
56;20250424;20250521
96;20140714;20140813
631;20161007;20161117
97;20200612;20200625
671;20151009;20151117
829;20190906;20191006
395;20111125;20120111
168;20211021;20211117
116;20140116;20140321
645;20220714;20220810
140;20220113;20220223
239;20200910;20201007
966;20171207;20180107
966;20191007;20191107
173;20211021;20211117
554;20250424;20250521
429;20220908;20221005
347;20170714;20170814
836;20221006;20221102
484;20171005;20171105
922;20191210;20200110
192;20150717;20150817
575;20260317;20260406
23;20170613;20170713
998;20171005;20171105
495;20231102;20231129
932;20190829;20190925
836;20160610;20160710
94;20140322;20140422
373;20220224;20220323
452;20230713;20230813
705;20250828;20250924
935;20160901;20160930
239;20210901;20210922
829;20161007;20161117
192;20170521;20170612
575;20240425;20240522
469;20240718;20240813
395;20110224;20110409
755;20211021;20211117
126;20140322;20140422
62;20190516;20190613
200;20200511;20200611
656;20210901;20210922
94;20160509;20160609
28;20220421;20220518
614;20201112;20201209
708;20191007;20191107
429;20161007;20161117
168;20200825;20200909
94;20170714;20170814
62;20211021;20211117
126;20250227;20250323
662;20160112;20160306
40;20140423;20140612
121;20231102;20231129
17;20210506;20210606
133;20240912;20241009
708;20180507;20180611
664;20161007;20161117
455;20190426;20190515
662;20190906;20191006
126;20130819;20130919
31;20140322;20140422
575;20241205;20250101
759;20260317;20260406
575;20210614;20210714
232;20190715;20190815
97;20170905;20171004
97;20170613;20170713
831;20220811;20220907
28;20190426;20190515
31;20201210;20210113
263;20220421;20220518
705;20170110;20170306
656;20180108;20180303
415;20200113;20200305
966;20200626;20200723
677;20201112;20201209
972;20220421;20220518
359;20160112;20160306
743;20150410;20150611
262;20191210;20200110
962;20190906;20191006
775;20160610;20160710
912;20240425;20240522
213;20260107;20260216
213;20170714;20170814
42;20170420;20170520
995;20120927;20121121
586;20190516;20190613
33;20240201;20240229
303;20130920;20131121
185;20230615;20230712
159;20180406;20180506
253;20180712;20180812
33;20250605;20250702
907;20201008;20201111
67;20250227;20250323
855;20180108;20180303
33;20121122;20130111
871;20221103;20221130
217;20160401;20160430
213;20220224;20220323
871;20201112;20201209
42;20170714;20170814
633;20151118;20160110
213;20180406;20180506
680;20231005;20231101
714;20200306;20200323
345;20141029;20141121
756;20171207;20180107
2;20170613;20170713
887;20170110;20170306
303;20240814;20240911
564;20170420;20170520
303;20151009;20151117
204;20180702;20180801
807;20180305;20180405
253;20210901;20210922
660;20231102;20231129
85;20200825;20200909
42;20180406;20180506
640;20220811;20220907
32;20210506;20210606
756;20200511;20200611
459;20210114;20210307
359;20241205;20250101
217;20181213;20190110
243;20180108;20180303
563;20141029;20141121
995;20160817;20160831
361;20200724;20200824
53;20160112;20160306
159;20190426;20190515
562;20220908;20221005
775;20190516;20190613
594;20241010;20241106
772;20180712;20180812
159;20240201;20240229
618;20191108;20191208
338;20170817;20170904
701;20170521;20170612
743;20210408;20210505
243;20160401;20160430
185;20260217;20260316
289;20191108;20191208
594;20250703;20250730
217;20160610;20160710
807;20150113;20150312
67;20201210;20210113
756;20180712;20180812
178;20210701;20210728
564;20240425;20240522
995;20110224;20110409
592;20210701;20210728
706;20220714;20220810
983;20190426;20190515
441;20220324;20220420
929;20161007;20161117
418;20111125;20120111
822;20170613;20170713
299;20190725;20190828
27;20171005;20171105
822;20181112;20181212
186;20110424;20110616
453;20160509;20160609
441;20231005;20231101
486;20191007;20191107
816;20121122;20130111
170;20130920;20131121
799;20221103;20221130
418;20190329;20190425
762;20171005;20171105
216;20140818;20140827
711;20210715;20210815
5;20250102;20250129
357;20140828;20141028
72;20240425;20240522
98;20191108;20191208
557;20190308;20190328
378;20141029;20141121
681;20200511;20200611
216;20131122;20140115
753;20220421;20220518
494;20130112;20130311
666;20130112;20130311
471;20120314;20120409
585;20220421;20220518
715;20140818;20140827
774;20230314;20230326
106;20200612;20200625
34;20240718;20240813
545;20140828;20141028
216;20130614;20130816
551;20211216;20220112
712;20241205;20250101
753;20180906;20181007
449;20200511;20200611
753;20240327;20240424
123;20180305;20180405
472;20190627;20190724
494;20141029;20141121
553;20220224;20220323
430;20200825;20200909
584;20140322;20140422
595;20160112;20160306
557;20181112;20181212
10;20180108;20180303
595;20190516;20190613
946;20200113;20200305
449;20201008;20201108
186;20191007;20191107
427;20210923;20211020
557;20180108;20180306
186;20200724;20200824
712;20210614;20210714
70;20210311;20210407
596;20180507;20180611
441;20170714;20170814
175;20220616;20220713
357;20181112;20181212
816;20171106;20171206
441;20121122;20130111
630;20210506;20210606
98;20200626;20200723
170;20200910;20201007
712;20240523;20240619
64;20200724;20200824
666;20151118;20160110
72;20111125;20120111
748;20230615;20230715
138;20160307;20160331
647;20150113;20150312
610;20201008;20201108
524;20180906;20181007
433;20220421;20220518
647;20160307;20160331
125;20220714;20220810
407;20190329;20190425
54;20171207;20180107
306;20171106;20171206
768;20240201;20240229
405;20240912;20241009
268;20240201;20240229
539;20240229;20240326
997;20211021;20211117
696;20151009;20151117
524;20220421;20220518
189;20240327;20240424
526;20190829;20190925
39;20240201;20240229
57;20221006;20221102
533;20180507;20180611
268;20231130;20240101
315;20180507;20180611
315;20200511;20200611
24;20190715;20190815
849;20180406;20180506
130;20220421;20220518
214;20150410;20150611
407;20250102;20250129
39;20190426;20190515
130;20160610;20160710
997;20140116;20140321
315;20140714;20140813
134;20141029;20141121
65;20241107;20241204
571;20211216;20220112
283;20160714;20160815
508;20211118;20211215
411;20191007;20191107
251;20211118;20211215
937;20201112;20201209
419;20181112;20181212
959;20230518;20230614
485;20150410;20150611
948;20251023;20251116
130;20210901;20210922
837;20181213;20190110
539;20191210;20200110
306;20220714;20220810
665;20200910;20201007
802;20220421;20220518
696;20240523;20240619
65;20160610;20160710
528;20241107;20241204
760;20190516;20190613
250;20220519;20220615
325;20190627;20190724
539;20221103;20221130
245;20230214;20230314
651;20260317;20260406
760;20231005;20231101
937;20151118;20160110
508;20130920;20131121
283;20120112;20120313
39;20230615;20230715
425;20201008;20201108
138;20180507;20180611
49;20191007;20191107
214;20211216;20220112
937;20250327;20250423
980;20220519;20220615
103;20200910;20201007
134;20230615;20230712
937;20251201;20251231
39;20180406;20180506
86;20200324;20200414
143;20181008;20181108
741;20160610;20160710
849;20210901;20210922
947;20150313;20150409
283;20240201;20240229
52;20180108;20180306
19;20200626;20200723
959;20140116;20140321
235;20210816;20210831
571;20190329;20190425
245;20170110;20170306
326;20120613;20120816
48;20150612;20150716
305;20211216;20220112
763;20220421;20220518
990;20160509;20160609
662;20240201;20240229
434;20200910;20201007
94;20210614;20210714
490;20231130;20240101
200;20120112;20120313
116;20201112;20201209
455;20230309;20230419
664;20251023;20251116
686;20240912;20241009
511;20211021;20211117
223;20151118;20160110
662;20150113;20150312
452;20170316;20170416
229;20250828;20250924
174;20210311;20210407
735;20140613;20140713
208;20180611;20180711
48;20190516;20190613
922;20220224;20220323
578;20150313;20150409
96;20200511;20200611
733;20181130;20181231
263;20171005;20171105
515;20160401;20160430
575;20230420;20230517
36;20230309;20230419
578;20181008;20181108
305;20140423;20140612
192;20120314;20120409
208;20170420;20170520
516;20190426;20190515
965;20190530;20190626
744;20130614;20130816
862;20210715;20210815
469;20110112;20110223
200;20201210;20210113
705;20211216;20220112
965;20250327;20250423
96;20220421;20220518
554;20240718;20240813
920;20201210;20210113
686;20180406;20180506
239;20180108;20180306
429;20250703;20250730
935;20241205;20250101
645;20210311;20210407
589;20190329;20190425
29;20111125;20120111
96;20240912;20241009
656;20170110;20170306
173;20220421;20220518
96;20190516;20190613
783;20221006;20221102
570;20240201;20240229
415;20161007;20161117
614;20170521;20170612
570;20111125;20120111
399;20160509;20160609
723;20200306;20200323
223;20210901;20210922
589;20250424;20250521
598;20241010;20241106
705;20221006;20221102
836;20211216;20220112
280;20170817;20170904
891;20140828;20141028
173;20190426;20190515
672;20181008;20181108
305;20220908;20221005
434;20200113;20200305
126;20210715;20210815
29;20141029;20141121
229;20241107;20241204
192;20171005;20171105
671;20211216;20220112
173;20240912;20241009
554;20150901;20151008
891;20240102;20240131
763;20181112;20181212
394;20220811;20220907
373;20190426;20190515
388;20220811;20220907
31;20260217;20260316
347;20190111;20190307
935;20210923;20211020
133;20200324;20200414
554;20220616;20220713
31;20251023;20251116
249;20181213;20190110
515;20190111;20190307
62;20240201;20240229
280;20240523;20240619
40;20230420;20230517
452;20130614;20130816
734;20240523;20240619
26;20240201;20240229
586;20191210;20200110
132;20200324;20200414
953;20210408;20210505
361;20190715;20190815
14;20200626;20200723
213;20181213;20190110
142;20130614;20130816
78;20160401;20160430
680;20160610;20160710
204;20191114;20191211
431;20121122;20130111
841;20170316;20170416
217;20180406;20180506
323;20170905;20171004
92;20120410;20120612
459;20211021;20211117
191;20260217;20260316
108;20110224;20110409
701;20130614;20130816
68;20180712;20180812
16;20200324;20200414
855;20220224;20220323
345;20190308;20190328
701;20160901;20160930
960;20111125;20120111
459;20211216;20220112
323;20171106;20171206
568;20140828;20141028
243;20120826;20120926
85;20170613;20170713
33;20171207;20180107
51;20190715;20190815
807;20160112;20160306
875;20201210;20210113
659;20240620;20240717
284;20171106;20171206
187;20160112;20160306
320;20210408;20210505
742;20230420;20230517
345;20170714;20170814
93;20210311;20210407
42;20230615;20230715
102;20171005;20171105
775;20180406;20180506
26;20121122;20130111
961;20211021;20211117
282;20180108;20180306
4;20250102;20250129
243;20151009;20151117
401;20170817;20170904
14;20200113;20200305
53;20230309;20230419
213;20250605;20250702
782;20190516;20190613
459;20190906;20191006
4;20181213;20190110
128;20250424;20250521
21;20201008;20201108
323;20160901;20160930
659;20240201;20240229
821;20190725;20190828
308;20171005;20171105
323;20240523;20240619
93;20160401;20160430
2;20140828;20141028
939;20241010;20241106
885;20151118;20160110
185;20130312;20130405
953;20230420;20230517
608;20220113;20220223
33;20191210;20200110
345;20150410;20150611
545;20180906;20181007
10;20160610;20160710
377;20220714;20220810
765;20190329;20190425
629;20190715;20190815
357;20171005;20171105
357;20240102;20240131
186;20120826;20120926
10;20170714;20170814
666;20160307;20160331
816;20240620;20240717
765;20230615;20230712
5;20130312;20130405
378;20121122;20130111
175;20210114;20210307
5;20190715;20190815
816;20231005;20231101
557;20210715;20210815
302;20181213;20190110
801;20160817;20160831
10;20210715;20210815
170;20240229;20240326
184;20181213;20190110
988;20250102;20250129
483;20220714;20220810
834;20211021;20211117
236;20240620;20240717
34;20160610;20160710
906;20200626;20200723
536;20210603;20210630
3;20111125;20120111
553;20220421;20220518
387;20210114;20210307
324;20190819;20190905
964;20120112;20120313
876;20191108;20191208
712;20171106;20171206
553;20250102;20250129
629;20181213;20190110
160;20200511;20200611
335;20210816;20210831
467;20200511;20200611
544;20200724;20200824
596;20200626;20200723
296;20230615;20230712
616;20250605;20250702
72;20200626;20200723
629;20180406;20180506
127;20211118;20211215
483;20170817;20170904
248;20210506;20210606
6;20170420;20170520
296;20170110;20170306
988;20251023;20251116
212;20170110;20170306
536;20251201;20251231
712;20250102;20250129
816;20210408;20210505
558;20190111;20190307
822;20121122;20130111
753;20211021;20211117
34;20160401;20160430
212;20160817;20160831
286;20140116;20140321
107;20181213;20190110
558;20250703;20250730
170;20210311;20210407
506;20150113;20150312
557;20250102;20250129
296;20170420;20170520
441;20181112;20181212
545;20190614;20190714
906;20110104;20110111
252;20180108;20180303
390;20190819;20190905
630;20251023;20251116
715;20140714;20140813
453;20191210;20200110
486;20150313;20150409
144;20130312;20130405
72;20181008;20181108
158;20190725;20190828
596;20120927;20121121
964;20170420;20170520
106;20210816;20210831
296;20160714;20160815
34;20260107;20260216
585;20190516;20190613
937;20171207;20180107
433;20150818;20150831
43;20151118;20160110
407;20160509;20160609
65;20191007;20191107
571;20220421;20220518
49;20220421;20220518
86;20200910;20201007
306;20220113;20220223
306;20231130;20240101
49;20160112;20160306
79;20170110;20170306
245;20190329;20190425
52;20210614;20210714
130;20201210;20210113
79;20190111;20190307
38;20120613;20120816
60;20170613;20170713
571;20240523;20240619
306;20141122;20150112
214;20151009;20151117
407;20130614;20130816
571;20200724;20200824
57;20120613;20120816
242;20140828;20141028
425;20150901;20151008
540;20210901;20210922
937;20210408;20210505
60;20210923;20211020
79;20160610;20160710
19;20211216;20220112
425;20140714;20140813
899;20211021;20211117
134;20170613;20170713
326;20190329;20190425
948;20260317;20260406
1;20200825;20200909
454;20150717;20150817
125;20210715;20210815
647;20170817;20170904
1;20230112;20230208
456;20110104;20110111
571;20210816;20210831
433;20210901;20210922
693;20190308;20190328
768;20211216;20220112
405;20160714;20160815
837;20210901;20210922
967;20130614;20130816
1;20200724;20200824
306;20210506;20210606
306;20190906;20191006
571;20230814;20230906
937;20161007;20161117
610;20210715;20210815
55;20140116;20140321
502;20220714;20220810
12;20190829;20190925
84;20210923;20211020
19;20180108;20180303
405;20250227;20250323
55;20161007;20161117
12;20190530;20190626
879;20220908;20221005
125;20250424;20250521
125;20140322;20140422
198;20160112;20160306
667;20190906;20191006
149;20160610;20160710
360;20220519;20220615
125;20160112;20160306
417;20210816;20210831
38;20200626;20200723
149;20180108;20180303
948;20221103;20221130
867;20240620;20240717
526;20210211;20210310
343;20190906;20191006
529;20221006;20221102
198;20210715;20210815
306;20210311;20210407
802;20171207;20180107
343;20240201;20240229
947;20260217;20260316
37;20231130;20240101
146;20220421;20220518
653;20240718;20240813
748;20171005;20171105
899;20240523;20240619
83;20260317;20260406
571;20130614;20130816
849;20180906;20181007
647;20160112;20160306
38;20151009;20151117
423;20191007;20191107
326;20230814;20230906
130;20230214;20230314
454;20220519;20220615
741;20150113;20150312
407;20190906;20191006
671;20160610;20160710
492;20190103;20190131
516;20250227;20250323
686;20211021;20211117
140;20160817;20160831
23;20200724;20200824
173;20180906;20181007
415;20230214;20230314
305;20221006;20221102
429;20210901;20210922
31;20230814;20230906
56;20220421;20220518
17;20260317;20260406
831;20240912;20241009
96;20220811;20220907
734;20160112;20160306
305;20171106;20171206
140;20110828;20110923
554;20250227;20250323
56;20200511;20200611
48;20150113;20150312
755;20190614;20190714
399;20160714;20160815
388;20250424;20250521
249;20180108;20180306
534;20230713;20230813
656;20160610;20160710
192;20110617;20110817
685;20140828;20141028
735;20141029;20141121
375;20210311;20210407
755;20220421;20220518
40;20151009;20151117
455;20161007;20161117
140;20150313;20150409
734;20221006;20221102
395;20211021;20211117
31;20151009;20151117
917;20180906;20181007
94;20110104;20110111
94;20200724;20200824
28;20170714;20170814
719;20250227;20250323
862;20170316;20170416
133;20220224;20220323
920;20171005;20171105
831;20201008;20201108
94;20140613;20140713
69;20160901;20160930
429;20241205;20250101
589;20190614;20190714
126;20171106;20171206
662;20160401;20160430
935;20190819;20190905
94;20231102;20231129
490;20211216;20220112
249;20110828;20110923
96;20150113;20150312
347;20170817;20170904
174;20220324;20220420
495;20190614;20190714
759;20210408;20210505
723;20210614;20210714
972;20190516;20190613
944;20250925;20251022
763;20201008;20201108
413;20210408;20210505
495;20151009;20151117
156;20170420;20170520
195;20191007;20191107
415;20170420;20170520
570;20160401;20160430
823;20200306;20200323
763;20200511;20200611
645;20221006;20221102
515;20140714;20140813
67;20220811;20220907
323;20170817;20170904
323;20210114;20210307
33;20220616;20220713
568;20260317;20260406
756;20110224;20110409
282;20150901;20151008
459;20241010;20241106
855;20210901;20210922
893;20210311;20210407
361;20190308;20190328
634;20230314;20230326
973;20240523;20240619
841;20190516;20190613
586;20220616;20220713
962;20210901;20210922
885;20220616;20220713
756;20220714;20220810
811;20160817;20160831
14;20171207;20180107
775;20201210;20210113
53;20231005;20231101
646;20110828;20110923
904;20210114;20210307
16;20240620;20240717
811;20150313;20150409
431;20160714;20160815
26;20140828;20141028
213;20110924;20111124
701;20200626;20200723
973;20210311;20210407
459;20170110;20170306
782;20250828;20250924
742;20221103;20221130
772;20170613;20170713
586;20190819;20190905
634;20181213;20190110
887;20180108;20180306
197;20180611;20180711
659;20200511;20200611
303;20160509;20160609
282;20160714;20160815
640;20221211;20230111
359;20220421;20220518
243;20160610;20160710
253;20171207;20180107
586;20120613;20120816
213;20190715;20190815
871;20161007;20161117
142;20171106;20171206
33;20220224;20220323
92;20220113;20220223
962;20180611;20180711
14;20170110;20170306
78;20190111;20190307
128;20210715;20210815
308;20221211;20230111
33;20160714;20160815
973;20210715;20210815
611;20191007;20191107
197;20200825;20200909
514;20201008;20201111
459;20250828;20250924
995;20200626;20200723
973;20190906;20191006
21;20160901;20160930
459;20160610;20160710
459;20190426;20190515
93;20160112;20160306
284;20171005;20171105
431;20140714;20140813
354;20130312;20130405
253;20181112;20181212
871;20231102;20231129
692;20210701;20210728
875;20220113;20220223
955;20220224;20220323
596;20150113;20150312
378;20220224;20220323
302;20251023;20251116
834;20160610;20160710
335;20190308;20190328
453;20210408;20210505
774;20250703;20250730
170;20170316;20170416
712;20220519;20220615
472;20220908;20221005
483;20140818;20140827
616;20250227;20250323
551;20140828;20141028
584;20200724;20200824
186;20260317;20260406
6;20220113;20220223
266;20231005;20231101
799;20161007;20161117
257;20200227;20200325
236;20230214;20230314
787;20160817;20160831
387;20220113;20220223
337;20170110;20170306
186;20181213;20190110
906;20190308;20190328
337;20191007;20191107
543;20200626;20200723
706;20200227;20200325
616;20260217;20260316
906;20160509;20160609
290;20250424;20250521
252;20220224;20220323
670;20200511;20200611
98;20240718;20240813
72;20140828;20141028
212;20231130;20240101
558;20200113;20200305
476;20231005;20231101
252;20190308;20190328
486;20170613;20170713
324;20190308;20190328
762;20170521;20170612
681;20220616;20220713
765;20150410;20150611
34;20181008;20181108
302;20161007;20161117
681;20170714;20170814
184;20201210;20210113
706;20230713;20230813
106;20120112;20120313
27;20170521;20170612
5;20210506;20210606
606;20240523;20240619
822;20141029;20141121
467;20120613;20120816
506;20110617;20110817
98;20190111;20190307
543;20141029;20141121
544;20190819;20190905
630;20220908;20221005
500;20230112;20230208
10;20200113;20200305
72;20160401;20160430
715;20140423;20140612
988;20201008;20201108
441;20210715;20210815
834;20150313;20150409
834;20200626;20200723
441;20210408;20210505
72;20260107;20260216
25;20181130;20181231
616;20220113;20220223
816;20201112;20201209
216;20240523;20240619
483;20230713;20230813
206;20200227;20200325
816;20250227;20250323
876;20200910;20201007
418;20201008;20201108
955;20211021;20211117
801;20161007;20161117
10;20210311;20210407
257;20210701;20210728
838;20220908;20221005
5;20180108;20180306
967;20110224;20110409
211;20221006;20221102
54;20230112;20230208
849;20190516;20190613
198;20240718;20240813
456;20200626;20200723
732;20220224;20220323
189;20241107;20241204
84;20220324;20220420
535;20180906;20181007
683;20180108;20180306
283;20120613;20120816
437;20200525;20200625
189;20190715;20190815
49;20220908;20221005
949;20200113;20200305
193;20231005;20231101
198;20150113;20150312
60;20180611;20180711
524;20210901;20210922
83;20211021;20211117
405;20200324;20200414
867;20211021;20211117
419;20201112;20201209
59;20130312;20130405
79;20210901;20210922
713;20140322;20140422
37;20190906;20191006
768;20190516;20190613
433;20150113;20150312
326;20240102;20240131
425;20171005;20171105
837;20180108;20180303
623;20191212;20200115
15;20201210;20210113
713;20160509;20160609
647;20130614;20130816
947;20250605;20250702
326;20110104;20110111
937;20210614;20210714
364;20121122;20130111
326;20210816;20210831
150;20151118;20160110
43;20190614;20190714
84;20220113;20220223
406;20110104;20110111
433;20171106;20171206
1;20220421;20220518
539;20201210;20210113
419;20170521;20170612
268;20200825;20200909
84;20201008;20201108
245;20210614;20210714
19;20140613;20140713
30;20210603;20210630
19;20180406;20180506
524;20250703;20250730
245;20160307;20160331
980;20230713;20230813
760;20171106;20171206
134;20241107;20241204
54;20171005;20171105
130;20181112;20181212
125;20130112;20130311
19;20190426;20190515
997;20220421;20220518
193;20160307;20160331
802;20110224;20110409
125;20191108;20191208
524;20220224;20220323
502;20181112;20181212
524;20190516;20190613
419;20191108;20191208
49;20211118;20211215
768;20230814;20230906
508;20231102;20231129
83;20220616;20220713
949;20190329;20190425
867;20151118;20160110
867;20190329;20190425
417;20190819;20190905
978;20170316;20170416
135;20170613;20170713
100;20190715;20190815
862;20180507;20180611
280;20130614;20130816
554;20160714;20160815
399;20121122;20130111
208;20190111;20190307
434;20201112;20201209
394;20190516;20190613
394;20220421;20220518
511;20250227;20250323
891;20170110;20170306
29;20200612;20200625
394;20120927;20121121
862;20150901;20151008
836;20191108;20191208
966;20210311;20210407
966;20220714;20220810
469;20250102;20250129
135;20181008;20181108
763;20220324;20220420
94;20220421;20220518
40;20250828;20250924
589;20211216;20220112
395;20220421;20220518
263;20180507;20180611
399;20200825;20200909
229;20120613;20120816
998;20220224;20220323
836;20240327;20240424
490;20190906;20191006
264;20121122;20130111
831;20190715;20190815
516;20230814;20230906
511;20211216;20220112
399;20171207;20180107
763;20120613;20120816
173;20240201;20240229
484;20190308;20190328
47;20191210;20200110
662;20211021;20211117
47;20250227;20250323
71;20221006;20221102
280;20190111;20190307
379;20220113;20220223
734;20211216;20220112
192;20161007;20161117
388;20250327;20250423
755;20160401;20160430
249;20250605;20250702
347;20181008;20181108
495;20251023;20251116
490;20221006;20221102
120;20190329;20190425
280;20160307;20160331
574;20220224;20220323
920;20180108;20180306
936;20200511;20200611
434;20170110;20170306
578;20220224;20220323
631;20150313;20150409
631;20181213;20190110
664;20231102;20231129
763;20241010;20241106
891;20200113;20200305
140;20260317;20260406
29;20150113;20150312
96;20231005;20231101
495;20200306;20200323
631;20200626;20200723
614;20221211;20230111
47;20190819;20190905
685;20190614;20190714
677;20221211;20230111
998;20190426;20190515
120;20160307;20160331
232;20220421;20220518
734;20150113;20150312
614;20190906;20191006
29;20230814;20230906
836;20231130;20240101
394;20140613;20140713
249;20140322;20140422
972;20180507;20180611
249;20230314;20230326
208;20240523;20240619
223;20200626;20200723
23;20191007;20191107
41;20210715;20210815
484;20230518;20230614
347;20240814;20240911
829;20221103;20221130
208;20160401;20160430
598;20160901;20160930
944;20240102;20240131
133;20230814;20230906
891;20180406;20180506
394;20211021;20211117
102;20240201;20240229
51;20200825;20200909
564;20211021;20211117
973;20160817;20160831
93;20181213;20190110
815;20161007;20161117
815;20201210;20210113
262;20201008;20201108
53;20230615;20230715
660;20250227;20250323
634;20240102;20240131
155;20170613;20170713
953;20150410;20150611
459;20240102;20240131
272;20201008;20201108
67;20180611;20180711
973;20160401;20160430
659;20220421;20220518
586;20121122;20130111
303;20240201;20240229
18;20240620;20240717
359;20230615;20230712
459;20251023;20251116
960;20220224;20220323
142;20171005;20171105
2;20230615;20230712
21;20210816;20210831
197;20200511;20200611
85;20241010;20241106
359;20211021;20211117
42;20200113;20200305
50;20190308;20190328
568;20240102;20240131
821;20190530;20190626
159;20171005;20171105
154;20140116;20140321
4;20210311;20210407
634;20221211;20230111
811;20111125;20120111
26;20210923;20211020
213;20240229;20240326
104;20200910;20201007
191;20210311;20210407
459;20160401;20160430
617;20160610;20160710
690;20220113;20220223
855;20241205;20250101
42;20230214;20230314
973;20250925;20251022
973;20170110;20170306
401;20241107;20241204
961;20250828;20250924
16;20190308;20190328
213;20130920;20131121
178;20221006;20221102
401;20210901;20210922
807;20120314;20120409
594;20200910;20201007
217;20190111;20190307
586;20251201;20251231
243;20180406;20180506
323;20230112;20230208
629;20170420;20170520
236;20171005;20171105
10;20180406;20180506
787;20171106;20171206
25;20190328;20190424
506;20211216;20220112
266;20201008;20201108
390;20190516;20190613
681;20240620;20240717
324;20161117;20170109
816;20210715;20210815
296;20191108;20191208
801;20151009;20151117
64;20210923;20211020
286;20241107;20241204
585;20240523;20240619
964;20260317;20260406
467;20110617;20110817
337;20210715;20210815
170;20171207;20180107
378;20171005;20171105
3;20130819;20130919
955;20190426;20190515
357;20151009;20151117
98;20170110;20170306
299;20200716;20200812
774;20180108;20180303
584;20180406;20180506
476;20190715;20190815
784;20200825;20200909
337;20110224;20110409
616;20151009;20151117
822;20190715;20190815
816;20140322;20140422
955;20230814;20230906
357;20251023;20251116
476;20150113;20150312
834;20201210;20210113
430;20181213;20190110
506;20151118;20160110
585;20150113;20150312
257;20211118;20211215
584;20230314;20230326
186;20160401;20160430
453;20240620;20240717
216;20110104;20110111
453;20220616;20220713
449;20200626;20200723
553;20250424;20250521
257;20220714;20220810
206;20210701;20210728
476;20120927;20121121
107;20221006;20221102
557;20240523;20240619
453;20170613;20170713
584;20210923;20211020
799;20250227;20250323
127;20210506;20210606
929;20130614;20130816
955;20170714;20170814
302;20160610;20160710
34;20140828;20141028
216;20160901;20160930
822;20220421;20220518
266;20180611;20180711
472;20250703;20250730
10;20181213;20190110
467;20161007;20161117
34;20220714;20220810
3;20191210;20200110
545;20180611;20180711
929;20171005;20171105
390;20200825;20200909
3;20200825;20200909
929;20150901;20151008
98;20250424;20250521
427;20220519;20220615
683;20171005;20171105
879;20180108;20180303
193;20210901;20210922
524;20240523;20240619
326;20181213;20190110
406;20181213;20190110
947;20260107;20260216
508;20110104;20110111
214;20200626;20200723
83;20210816;20210831
696;20110828;20110923
268;20170905;20171004
533;20220714;20220810
425;20160714;20160815
306;20171207;20180107
414;20200511;20200611
770;20160112;20160306
863;20141122;20150112
802;20160610;20160710
326;20250703;20250730
198;20230814;20230906
760;20251201;20251231
529;20210901;20210922
315;20151118;20160110
437;20220324;20220420
417;20210506;20210606
867;20160901;20160930
540;20170521;20170612
343;20200910;20201007
325;20190103;20190131
508;20200626;20200723
980;20180712;20180812
947;20250925;20251022
502;20180712;20180812
326;20130920;20131121
440;20150313;20150409
423;20190516;20190613
796;20140322;20140422
325;20250828;20250924
219;20200525;20200625
748;20120613;20120816
49;20170613;20170713
24;20250227;20250323
414;20200825;20200909
84;20161117;20170109
488;20240718;20240813
57;20180108;20180303
283;20170714;20170814
937;20220519;20220615
948;20181213;20190110
417;20190308;20190328
79;20250703;20250730
796;20141029;20141121
653;20250424;20250521
858;20210614;20210714
397;20210408;20210505
52;20201112;20201209
55;20130312;20130405
802;20221006;20221102
508;20250925;20251022
326;20220908;20221005
283;20201008;20201108
407;20211216;20220112
571;20160509;20160609
571;20181213;20190110
65;20200724;20200824
188;20141029;20141121
1;20170905;20171004
146;20230112;20230208
219;20211021;20211117
423;20180712;20180812
948;20180406;20180506
948;20221211;20230111
524;20150113;20150312
268;20110112;20110223
19;20211021;20211117
188;20230713;20230813
539;20130312;20130405
54;20170110;20170306
306;20240912;20241009
539;20160817;20160831
949;20211216;20220112
43;20180507;20180611
508;20210506;20210606
83;20170714;20170814
60;20180108;20180303
528;20240201;20240229
647;20210311;20210407
54;20210614;20210714
997;20241205;20250101
120;20220908;20221005
200;20210901;20210922
94;20221006;20221102
570;20211118;20211215
48;20220224;20220323
395;20181008;20181108
56;20180611;20180711
71;20250703;20250730
395;20140828;20141028
469;20250703;20250730
121;20211021;20211117
656;20240327;20240424
656;20171005;20171105
917;20220421;20220518
386;20210311;20210407
763;20140714;20140813
452;20170714;20170814
829;20211021;20211117
29;20211021;20211117
626;20250605;20250702
31;20220811;20220907
662;20230814;20230906
121;20220224;20220323
686;20221006;20221102
671;20110617;20110817
836;20250828;20250924
578;20200324;20200414
862;20160307;20160331
48;20160714;20160815
763;20200612;20200625
495;20260317;20260406
705;20210311;20210407
744;20200324;20200414
56;20211216;20220112
29;20160112;20160306
373;20201112;20201209
31;20241107;20241204
40;20240201;20240229
347;20110104;20110111
305;20151118;20160110
686;20191108;20191208
936;20191210;20200110
31;20110924;20111124
208;20220908;20221005
48;20150901;20151008
263;20141029;20141121
192;20240523;20240619
614;20250227;20250323
121;20170521;20170612
96;20140116;20140321
702;20230907;20231004
677;20230314;20230326
347;20210901;20210922
249;20150901;20151008
836;20210715;20210815
120;20180108;20180306
62;20181112;20181212
763;20151118;20160110
249;20180406;20180506
120;20210901;20210922
415;20240620;20240717
671;20251023;20251116
639;20161117;20170109
656;20140423;20140612
705;20200825;20200909
94;20180406;20180506
662;20210506;20210606
249;20170905;20171004
31;20231130;20240101
388;20160817;20160831
62;20141029;20141121
9;20200612;20200625
31;20220519;20220615
589;20140828;20141028
917;20160112;20160306
891;20191108;20191208
31;20140613;20140713
117;20160714;20160815
94;20181112;20181212
334;20210923;20211020
932;20210408;20210505
388;20220421;20220518
744;20210311;20210407
554;20220224;20220323
972;20160714;20160815
614;20140116;20140321
126;20190819;20190905
490;20250828;20250924
9;20190516;20190613
516;20211216;20220112
62;20150901;20151008
490;20250227;20250323
702;20160714;20160815
831;20160714;20160815
662;20251023;20251116
831;20190516;20190613
893;20260217;20260316
871;20160112;20160306
108;20230518;20230614
973;20241205;20250101
217;20200825;20200909
78;20180507;20180611
35;20210715;20210815
841;20190715;20190815
622;20110617;20110817
284;20160901;20160930
855;20250703;20250730
478;20190829;20190925
401;20200113;20200305
22;20170613;20170713
960;20200324;20200414
660;20241205;20250101
893;20210715;20210815
104;20220908;20221005
995;20220224;20220323
459;20240327;20240424
960;20220908;20221005
308;20190329;20190425
995;20190329;20190425
253;20180507;20180611
213;20180108;20180306
213;20221006;20221102
361;20210506;20210606
742;20211021;20211117
187;20180406;20180506
961;20191210;20200110
815;20221006;20221102
680;20110112;20110223
102;20171207;20180107
807;20150717;20150817
33;20181112;20181212
659;20230327;20230419
185;20231130;20240101
51;20190111;20190307
775;20201008;20201108
262;20200511;20200611
640;20190516;20190613
586;20210114;20210307
611;20201210;20210113
154;20210614;20210714
995;20220811;20220907
272;20180611;20180711
51;20181008;20181108
68;20210408;20210505
253;20200825;20200909
953;20220908;20221005
810;20220421;20220518
482;20211216;20220112
312;20220421;20220518
912;20190614;20190714
53;20220908;20221005
243;20181112;20181212
53;20210114;20210307
191;20210923;20211020
67;20230814;20230906
973;20221103;20221130
102;20170817;20170904
142;20200825;20200909
191;20250227;20250323
961;20190819;20190905
634;20170521;20170612
303;20160307;20160331
563;20151118;20160110
14;20180406;20180506
514;20210701;20210728
962;20190426;20190515
187;20230309;20230419
16;20170521;20170612
279;20181030;20181129
494;20201210;20210113
430;20130614;20130816
27;20180108;20180306
681;20190329;20190425
630;20180712;20180812
506;20110224;20110409
248;20251023;20251116
929;20140714;20140813
506;20130112;20130311
378;20160401;20160430
467;20211216;20220112
357;20240425;20240522
290;20191108;20191208
483;20151118;20160110
553;20251023;20251116
186;20231130;20240101
585;20180611;20180711
72;20190111;20190307
753;20180611;20180711
64;20191007;20191107
387;20250828;20250924
476;20220811;20220907
929;20220421;20220518
761;20180305;20180405
558;20250424;20250521
427;20190308;20190328
801;20160307;20160331
545;20151118;20160110
357;20201112;20201209
558;20240201;20240229
430;20140423;20140612
107;20210311;20210407
476;20141029;20141121
616;20130819;20130919
175;20200324;20200414
584;20181213;20190110
6;20180108;20180306
212;20210311;20210407
290;20140828;20141028
453;20110104;20110111
584;20160817;20160831
216;20170521;20170612
494;20160817;20160831
616;20160817;20160831
302;20130312;20130405
553;20220616;20220713
186;20230112;20230208
236;20170110;20170306
6;20230615;20230712
666;20170817;20170904
34;20190111;20190307
427;20170316;20170416
418;20171106;20171206
596;20220324;20220420
34;20150313;20150409
25;20190131;20190227
286;20220224;20220323
616;20140322;20140422
184;20130112;20130311
915;20200626;20200723
161;20200324;20200414
107;20161007;20161117
302;20200626;20200723
929;20181213;20190110
300;20121122;20130111
387;20200612;20200625
441;20191210;20200110
557;20230214;20230314
25;20210311;20210407
816;20191210;20200110
822;20160112;20160306
212;20160401;20160430
286;20120613;20120816
165;20130312;20130405
937;20231130;20240101
967;20210311;20210407
524;20231005;20231101
326;20160509;20160609
316;20220714;20220810
57;20211216;20220112
770;20180108;20180306
526;20191114;20191211
283;20150410;20150611
134;20130312;20130405
214;20180108;20180303
454;20141122;20150112
242;20110112;20110223
417;20200724;20200824
52;20140116;20140321
411;20190516;20190613
405;20180611;20180711
207;20190819;20190905
65;20220113;20220223
193;20170817;20170904
125;20190906;20191006
526;20240814;20240911
149;20240523;20240619
653;20160714;20160815
149;20250703;20250730
407;20191007;20191107
571;20130920;20131121
49;20180906;20181007
674;20260317;20260406
39;20190329;20190425
632;20200724;20200824
947;20141122;20150112
242;20170905;20171004
980;20130112;20130311
770;20171005;20171105
326;20211118;20211215
57;20211021;20211117
591;20201210;20210113
879;20240102;20240131
713;20150313;20150409
552;20200825;20200909
214;20160610;20160710
149;20200113;20200305
696;20211021;20211117
980;20110617;20110817
46;20170110;20170306
406;20211216;20220112
980;20161007;20161117
242;20160401;20160430
283;20200324;20200414
343;20230309;20230419
222;20220224;20220323
134;20250605;20250702
283;20240912;20241009
268;20160112;20160306
37;20180906;20181007
937;20191108;20191208
24;20210923;20211020
245;20180906;20181007
134;20180108;20180303
979;20251023;20251116
854;20220616;20220713
867;20181008;20181108
283;20140714;20140813
741;20170613;20170713
591;20200116;20200226
539;20171005;20171105
802;20191007;20191107
411;20151118;20160110
242;20171106;20171206
647;20210715;20210815
937;20180507;20180611
405;20220811;20220907
647;20201210;20210113
65;20220908;20221005
529;20151118;20160110
245;20210114;20210307
57;20160610;20160710
198;20190516;20190613
211;20190725;20190828
1;20231130;20240101
619;20210311;20210407
571;20220908;20221005
325;20180430;20180531
193;20220908;20221005
65;20170905;20171004
235;20211118;20211215
49;20251201;20251231
332;20210506;20210606
49;20210311;20210407
30;20220811;20220907
974;20210408;20210505
508;20240201;20240229
146;20180108;20180303
867;20210114;20210307
974;20150410;20150611
242;20230112;20230208
571;20170613;20170713
949;20211021;20211117
65;20230314;20230326
849;20250828;20250924
86;20150901;20151008
751;20200612;20200625
664;20180406;20180506
305;20210901;20210922
614;20160112;20160306
305;20160817;20160831
705;20231130;20240101
62;20150410;20150611
922;20200825;20200909
977;20240102;20240131
891;20211216;20220112
686;20200825;20200909
490;20170110;20170306
484;20230420;20230517
23;20181008;20181108
29;20190516;20190613
179;20130614;20130816
280;20130312;20130405
201;20180108;20180306
94;20180712;20180812
395;20210311;20210407
192;20210901;20210922
511;20220616;20220713
972;20150901;20151008
574;20160714;20160815
31;20160112;20160306
63;20130312;20130405
734;20210715;20210815
574;20210408;20210505
744;20220714;20220810
686;20190426;20190515
94;20250925;20251022
656;20160112;20160306
702;20240620;20240717
554;20181112;20181212
511;20230814;20230906
484;20110924;20111124
469;20210311;20210407
116;20200113;20200305
662;20200324;20200414
413;20180906;20181007
862;20190614;20190714
755;20111125;20120111
705;20200113;20200305
100;20150901;20151008
686;20190516;20190613
468;20121122;20130111
734;20190426;20190515
156;20230112;20230208
263;20190614;20190714
574;20230615;20230712
672;20190329;20190425
29;20231005;20231101
935;20170316;20170416
94;20120613;20120816
31;20220224;20220323
705;20191108;20191208
511;20161007;20161117
280;20130112;20130311
415;20171207;20180107
831;20170714;20170814
755;20180507;20180611
140;20220908;20221005
495;20140116;20140321
708;20121122;20130111
117;20191108;20191208
589;20190906;20191006
664;20151009;20151117
29;20210923;20211020
120;20250102;20250129
208;20211021;20211117
702;20240912;20241009
998;20160714;20160815
133;20240201;20240229
140;20130312;20130405
917;20170420;20170520
723;20230615;20230712
200;20250227;20250323
394;20180611;20180711
173;20180611;20180711
195;20200825;20200909
56;20140828;20141028
901;20221006;20221102
208;20241107;20241204
831;20250227;20250323
490;20230814;20230906
94;20160307;20160331
708;20200825;20200909
734;20220224;20220323
490;20110828;20110923
100;20110424;20110616
116;20151009;20151117
920;20181213;20190110
589;20230713;20230813
126;20170905;20171004
31;20120613;20120816
100;20120826;20120926
94;20110924;20111124
920;20250102;20250129
40;20171005;20171105
763;20190426;20190515
305;20181213;20190110
69;20171106;20171206
631;20160610;20160710
262;20160901;20160930
33;20211021;20211117
187;20160307;20160331
594;20170316;20170416
102;20190426;20190515
279;20210603;20210630
159;20181213;20190110
320;20190111;20190307
714;20180906;20181007
185;20120826;20120926
320;20201008;20201108
154;20170521;20170612
807;20220324;20220420
646;20170316;20170416
191;20210715;20210815
197;20130819;20130919
995;20240620;20240717
640;20260217;20260316
323;20161117;20170109
243;20150313;20150409
895;20200910;20201007
202;20241107;20241204
282;20220908;20221005
782;20220224;20220323
217;20161007;20161117
338;20210901;20210922
128;20190715;20190815
638;20110104;20110111
887;20211216;20220112
995;20201008;20201108
857;20230420;20230517
26;20231005;20231101
213;20170521;20170612
217;20110112;20110223
32;20251023;20251116
2;20231005;20231101
568;20210614;20210714
142;20181213;20190110
871;20211021;20211117
154;20170110;20170306
680;20120826;20120926
594;20230907;20231004
153;20170420;20170520
92;20180611;20180711
608;20210701;20210728
187;20241107;20241204
213;20171207;20180107
562;20171005;20171105
646;20160901;20160930
885;20170420;20170520
912;20180611;20180711
16;20131122;20140115
303;20250327;20250423
562;20201210;20210113
960;20160817;20160831
564;20180611;20180711
102;20180108;20180303
973;20241107;20241204
33;20220811;20220907
871;20180108;20180303
594;20150901;20151008
213;20210311;20210407
459;20141122;20150112
939;20180712;20180812
912;20140828;20141028
478;20220324;20220420
21;20181008;20181108
308;20240102;20240131
361;20210715;20210815
42;20200910;20201007
21;20220113;20220223
660;20170110;20170306
236;20210614;20210714
10;20241107;20241204
286;20160112;20160306
787;20160307;20160331
387;20201008;20201108
584;20201210;20210113
681;20200324;20200414
761;20161117;20170109
711;20211216;20220112
72;20220714;20220810
557;20171005;20171105
3;20181112;20181212
418;20200324;20200414
427;20191007;20191107
616;20210923;20211020
453;20260107;20260216
765;20220224;20220323
616;20210715;20210815
430;20221006;20221102
70;20210506;20210606
557;20251023;20251116
441;20190819;20190905
681;20220224;20220323
418;20160714;20160815
337;20170613;20170713
681;20231005;20231101
286;20160714;20160815
390;20230615;20230712
711;20170110;20170306
551;20220616;20220713
286;20200324;20200414
212;20210715;20210815
107;20230814;20230906
286;20220811;20220907
595;20210506;20210606
666;20160901;20160930
271;20220113;20220223
629;20210816;20210831
553;20250703;20250730
774;20180406;20180506
267;20121122;20130111
266;20210816;20210831
175;20190329;20190425
337;20201112;20201209
98;20241107;20241204
290;20180906;20181007
302;20130112;20130311
378;20110104;20110111
184;20210901;20210922
107;20200113;20200305
483;20150113;20150312
924;20210603;20210630
336;20130312;20130405
5;20230112;20230208
593;20171106;20171206
161;20220224;20220323
286;20190516;20190613
127;20190715;20190815
457;20181008;20181108
302;20180305;20180405
915;20221006;20221102
551;20251023;20251116
787;20110104;20110111
387;20190819;20190905
427;20200612;20200625
876;20180611;20180711
595;20150901;20151008
476;20230214;20230314
924;20220616;20220713
27;20240201;20240229
762;20180108;20180306
46;20231130;20240101
207;20220324;20220420
316;20200612;20200625
198;20231005;20231101
134;20151009;20151117
502;20180507;20180611
407;20150313;20150409
57;20250828;20250924
947;20171207;20180107
858;20201112;20201209
268;20180406;20180506
149;20190111;20190307
46;20251201;20251231
571;20110104;20110111
407;20170110;20170306
251;20210715;20210815
283;20181112;20181212
741;20181008;20181108
306;20220616;20220713
245;20220421;20220518
508;20240102;20240131
619;20170905;20171004
46;20111125;20120111
143;20210816;20210831
760;20141029;20141121
440;20120826;20120926
24;20190819;20190905
326;20130614;20130816
524;20240718;20240813
748;20220324;20220420
899;20231005;20231101
198;20140613;20140713
193;20240620;20240717
138;20150113;20150312
43;20200511;20200611
526;20181030;20181129
83;20160509;20160609
460;20210506;20210606
38;20190329;20190425
937;20240912;20241009
696;20130819;20130919
837;20180611;20180711
533;20210816;20210831
529;20181112;20181212
19;20181112;20181212
130;20240718;20240813
508;20240327;20240424
456;20210901;20210922
502;20190516;20190613
189;20200113;20200305
433;20160401;20160430
306;20230814;20230906
60;20211118;20211215
879;20220224;20220323
24;20231130;20240101
948;20150410;20150611
485;20180906;20181007
771;20200306;20200323
315;20160714;20160815
571;20240201;20240229
60;20110828;20110923
760;20130819;20130919
65;20170420;20170520
134;20110424;20110616
770;20220908;20221005
529;20191210;20200110
24;20151009;20151117
46;20170613;20170713
407;20200626;20200723
1;20160817;20160831
214;20180406;20180506
214;20181213;20190110
997;20171005;20171105
61;20180601;20180701
843;20190308;20190328
419;20200113;20200305
306;20111125;20120111
19;20170714;20170814
268;20130312;20130405
849;20210506;20210606
528;20170420;20170520
454;20140423;20140612
103;20220908;20221005
760;20240201;20240229
188;20140714;20140813
802;20190614;20190714
268;20160610;20160710
388;20160714;20160815
415;20250424;20250521
71;20210311;20210407
972;20160610;20160710
705;20180406;20180506
100;20250605;20250702
94;20140714;20140813
862;20140714;20140813
455;20211216;20220112
639;20211216;20220112
589;20230327;20230419
94;20151009;20151117
578;20201008;20201108
932;20190425;20190529
394;20250227;20250323
399;20181112;20181212
347;20141122;20150112
285;20191010;20191113
71;20170714;20170814
705;20181213;20190110
388;20240814;20240911
998;20200306;20200323
29;20170714;20170814
56;20200626;20200723
229;20201210;20210113
121;20170420;20170520
94;20250605;20250702
399;20190329;20190425
229;20210715;20210815
862;20260217;20260316
415;20231005;20231101
754;20201210;20210113
484;20220519;20220615
763;20240718;20240813
208;20170521;20170612
116;20160112;20160306
575;20220908;20221005
31;20250605;20250702
71;20230615;20230712
723;20140828;20141028
173;20230814;20230906
891;20230615;20230712
932;20201008;20201111
31;20190308;20190328
62;20190715;20190815
754;20201008;20201108
100;20180406;20180506
48;20211021;20211117
723;20191108;20191208
36;20190329;20190425
836;20200113;20200305
117;20200511;20200611
639;20130312;20130405
173;20190516;20190613
133;20220616;20220713
63;20250102;20250129
763;20111125;20120111
671;20180305;20180405
239;20160112;20160306
232;20230615;20230712
656;20230615;20230712
570;20140828;20141028
305;20140714;20140813
639;20180305;20180405
96;20250424;20250521
71;20240912;20241009
63;20260317;20260406
375;20150313;20150409
126;20180108;20180306
31;20231102;20231129
664;20201112;20201209
100;20210923;20211020
17;20110424;20110616
664;20190329;20190425
71;20190111;20190307
280;20241107;20241204
17;20140322;20140422
17;20220113;20220223
47;20250102;20250129
935;20220519;20220615
40;20230814;20230906
429;20210408;20210505
575;20200306;20200323
944;20221211;20230111
998;20210114;20210307
320;20200825;20200909
953;20230314;20230326
821;20200626;20200715
16;20220519;20220615
202;20210901;20210922
93;20170714;20170814
303;20250424;20250521
939;20220324;20220420
680;20210506;20210606
482;20210311;20210407
20;20210506;20210606
92;20200612;20200625
289;20181213;20190110
312;20170420;20170520
973;20201112;20201209
282;20160610;20160710
155;20220113;20220223
104;20250102;20250129
973;20151009;20151117
638;20200626;20200723
775;20191108;20191208
42;20220616;20220713
279;20190228;20190327
262;20190329;20190425
680;20170613;20170713
594;20230214;20230314
562;20110617;20110817
142;20120314;20120409
253;20150313;20150409
92;20180906;20181007
213;20170316;20170416
282;20200825;20200909
393;20200626;20200723
608;20201008;20201111
191;20160112;20160306
213;20110224;20110409
772;20191007;20191107
187;20180108;20180303
871;20211216;20220112
178;20190425;20190529
563;20200511;20200611
312;20230314;20230326
312;20180406;20180506
431;20220421;20220518
995;20170420;20170520
961;20220616;20220713
893;20251023;20251116
564;20180906;20181007
202;20220908;20221005
659;20201112;20201209
18;20230615;20230715
42;20171207;20180107
855;20140116;20140321
403;20191210;20200110
102;20230615;20230715
67;20200626;20200723
102;20140828;20141028
895;20190530;20190626
907;20190228;20190327
659;20231005;20231101
93;20241107;20241204
142;20110104;20110111
154;20160112;20160306
4;20130312;20130405
132;20131122;20140115
359;20191108;20191208
213;20200910;20201007
142;20160509;20160609
217;20250424;20250521
625;20180305;20180405
33;20140828;20141028
170;20181213;20190110
337;20130920;20131121
271;20200724;20200824
286;20190906;20191006
666;20220714;20220810
784;20191007;20191107
584;20231130;20240101
106;20250227;20250323
593;20110617;20110817
449;20190329;20190425
266;20250828;20250924
472;20260217;20260316
761;20220324;20220420
299;20250327;20250423
486;20190516;20190613
834;20180507;20180611
296;20161007;20161117
584;20221103;20221130
476;20150410;20150611
606;20181008;20181108
98;20250227;20250323
357;20190614;20190714
236;20220421;20220518
336;20211216;20220112
816;20240229;20240326
711;20250828;20250924
216;20150410;20150611
681;20210614;20210714
453;20210311;20210407
98;20200511;20200611
816;20190819;20190905
762;20190426;20190515
544;20160401;20160430
816;20221006;20221102
799;20251023;20251116
72;20171106;20171206
494;20150901;20151008
266;20240912;20241009
467;20200825;20200909
453;20221006;20221102
266;20210114;20210307
666;20140613;20140713
712;20241010;20241106
72;20200511;20200611
838;20170521;20170612
216;20210901;20210922
834;20180305;20180405
753;20230420;20230517
834;20181112;20181212
357;20220616;20220713
761;20220519;20220615
822;20170110;20170306
216;20170316;20170416
299;20220714;20220810
486;20170110;20170306
441;20230814;20230906
666;20130406;20130613
107;20180906;20181007
34;20190906;20191006
212;20120410;20120612
418;20200825;20200909
801;20210311;20210407
10;20250227;20250323
98;20221211;20230111
106;20220113;20220223
753;20201210;20210113
536;20220113;20220223
337;20170420;20170520
816;20190329;20190425
595;20230112;20230208
107;20250227;20250323
712;20250925;20251022
252;20170110;20170306
266;20171207;20180107
543;20160817;20160831
290;20180611;20180711
551;20161007;20161117
955;20181112;20181212
545;20221211;20230111
418;20220714;20220810
336;20180712;20180812
784;20220908;20221005
387;20140322;20140422
34;20260217;20260316
170;20220324;20220420
584;20220113;20220223
302;20110617;20110817
430;20170714;20170814
711;20211021;20211117
838;20180406;20180506
585;20220811;20220907
266;20130312;20130405
849;20231130;20240101
407;20130920;20131121
149;20180406;20180506
61;20190328;20190424
456;20150612;20150716
211;20211118;20211215
979;20180108;20180303
24;20250605;20250702
79;20190308;20190328
306;20141029;20141121
83;20181008;20181108
540;20170420;20170520
667;20230615;20230715
283;20220224;20220323
146;20170521;20170612
653;20230214;20230314
125;20220324;20220420
610;20210311;20210407
125;20250703;20250730
856;20170420;20170520
242;20110424;20110616
526;20190228;20190327
456;20111125;20120111
250;20191007;20191107
315;20200626;20200723
748;20110224;20110409
879;20220421;20220518
456;20141029;20141121
937;20200511;20200611
84;20190516;20190613
770;20220224;20220323
528;20161007;20161117
974;20180906;20181007
198;20200324;20200414
980;20250828;20250924
947;20210816;20210831
219;20201112;20201209
665;20210614;20210714
539;20220324;20220420
683;20210614;20210714
125;20220811;20220907
55;20210506;20210606
849;20220811;20220907
343;20230214;20230314
283;20231005;20231101
134;20120826;20120926
454;20130112;20130311
899;20230615;20230712
858;20170110;20170306
46;20191007;20191107
667;20181008;20181108
665;20190715;20190815
539;20141122;20150112
130;20141029;20141121
741;20150410;20150611
854;20171005;20171105
768;20210715;20210815
57;20210901;20210922
315;20160610;20160710
24;20180108;20180303
19;20160714;20160815
326;20240201;20240229
1;20190819;20190905
250;20190308;20190328
315;20121122;20130111
423;20170316;20170416
43;20210614;20210714
748;20151118;20160110
245;20230309;20230419
52;20170817;20170904
653;20200825;20200909
411;20160509;20160609
55;20130614;20130816
533;20211118;20211215
188;20220324;20220420
948;20180108;20180306
539;20231130;20240101
667;20220324;20220420
57;20251023;20251116
12;20200716;20200812
653;20200113;20200305
143;20220324;20220420
52;20160112;20160306
732;20221006;20221102
647;20260217;20260316
38;20180712;20180812
38;20181112;20181212
937;20240327;20240424
193;20180108;20180306
193;20250102;20250129
43;20230615;20230715
947;20110924;20111124
535;20210408;20210505
696;20211216;20220112
894;20181008;20181108
315;20181008;20181108
305;20171005;20171105
469;20210901;20210922
578;20110224;20110409
28;20240620;20240717
62;20231005;20231101
29;20190426;20190515
249;20200724;20200824
208;20130312;20130405
466;20110224;20110409
399;20170714;20170814
901;20120314;20120409
686;20180108;20180303
156;20171005;20171105
41;20220519;20220615
117;20181213;20190110
685;20180712;20180812
570;20231130;20240101
133;20230420;20230517
192;20131122;20140115
686;20220616;20220713
23;20160401;20160430
754;20200511;20200611
936;20190329;20190425
120;20220224;20220323
686;20241107;20241204
47;20220421;20220518
445;20141029;20141121
40;20190715;20190815
120;20211216;20220112
375;20180305;20180405
133;20200113;20200305
179;20230907;20231004
140;20120112;20120313
48;20210901;20210922
232;20201210;20210113
836;20240523;20240619
31;20180611;20180711
614;20140828;20141028
96;20120613;20120816
626;20250327;20250423
747;20141029;20141121
201;20140828;20141028
133;20171005;20171105
31;20111125;20120111
734;20240912;20241009
399;20210901;20210922
305;20150901;20151008
656;20220224;20220323
379;20190829;20190925
249;20180906;20181007
388;20240229;20240326
223;20171207;20180107
783;20210701;20210728
229;20160610;20160710
574;20180108;20180303
829;20251023;20251116
705;20161007;20161117
763;20190111;20190307
671;20220224;20220323
96;20180108;20180306
570;20190819;20190905
734;20200324;20200414
990;20151009;20151117
434;20170420;20170520
399;20160307;20160331
677;20140828;20141028
671;20121122;20130111
63;20200612;20200625
516;20181112;20181212
671;20160714;20160815
63;20201008;20201108
192;20170714;20170814
614;20220224;20220323
831;20200113;20200305
932;20190627;20190724
223;20220714;20220810
705;20240327;20240424
936;20160610;20160710
62;20250102;20250129
173;20220811;20220907
763;20190614;20190714
388;20170613;20170713
922;20210506;20210606
936;20221006;20221102
415;20170817;20170904
280;20201008;20201108
62;20210715;20210815
831;20231130;20240101
208;20200511;20200611
379;20260317;20260406
63;20200724;20200824
511;20200113;20200305
434;20211216;20220112
763;20200724;20200824
126;20210923;20211020
564;20190614;20190714
185;20210816;20210831
893;20211216;20220112
885;20150410;20150611
782;20191108;20191208
303;20220811;20220907
638;20160509;20160609
33;20140613;20140713
559;20260317;20260406
775;20200511;20200611
659;20140116;20140321
33;20210114;20210307
155;20190819;20190905
26;20210816;20210831
782;20220616;20220713
912;20160112;20160306
108;20150113;20150312
775;20200825;20200909
857;20221103;20221130
961;20190516;20190613
586;20141029;20141121
282;20201210;20210113
4;20180108;20180306
243;20231130;20240101
659;20150113;20150312
953;20180406;20180506
102;20160307;20160331
953;20181213;20190110
2;20191007;20191107
871;20251023;20251116
197;20200324;20200414
338;20120613;20120816
961;20210408;20210505
4;20190715;20190815
885;20221211;20230111
279;20260317;20260406
563;20220714;20220810
885;20230314;20230326
253;20200626;20200723
191;20231130;20240101
638;20140828;20141028
716;20240814;20240911
197;20150410;20150611
243;20110424;20110616
159;20200626;20200723
912;20191108;20191208
93;20180406;20180506
32;20210715;20210815
33;20190426;20190515
815;20171005;20171105
680;20120410;20120612
303;20220421;20220518
338;20151118;20160110
185;20190516;20190613
622;20160817;20160831
680;20191007;20191107
345;20130819;20130919
93;20150901;20151008
660;20201112;20201209
459;20151009;20151117
50;20170905;20171004
857;20211216;20220112
803;20191114;20191211
345;20240912;20241009
68;20200825;20200909
680;20110424;20110616
4;20221103;20221130
338;20230518;20230614
14;20200910;20201007
660;20210901;20210922
154;20230713;20230813
895;20181130;20181231
72;20210311;20210407
681;20160112;20160306
337;20241010;20241106
377;20110924;20111124
212;20141029;20141121
430;20220908;20221005
629;20251201;20251231
753;20190906;20191006
324;20180507;20180611
799;20190426;20190515
816;20240814;20240911
467;20110224;20110409
337;20120613;20120816
430;20120314;20120409
585;20241107;20241204
106;20231130;20240101
753;20220811;20220907
266;20210715;20210815
286;20160610;20160710
984;20150313;20150409
441;20221006;20221102
553;20201210;20210113
816;20231102;20231129
186;20250227;20250323
924;20190328;20190424
666;20131122;20140115
3;20140322;20140422
483;20110617;20110817
670;20181008;20181108
765;20210901;20210922
681;20210901;20210922
784;20160610;20160710
302;20181008;20181108
387;20210923;20211020
666;20180712;20180812
536;20260217;20260316
553;20190906;20191006
506;20210311;20210407
453;20190111;20190307
712;20240814;20240911
441;20211216;20220112
266;20210311;20210407
248;20221006;20221102
876;20230112;20230208
34;20220811;20220907
453;20170110;20170306
753;20241107;20241204
3;20120410;20120612
670;20171207;20180107
557;20200324;20200414
955;20240912;20241009
387;20211118;20211215
784;20120314;20120409
175;20231005;20231101
616;20230112;20230208
25;20200525;20200625
765;20210408;20210505
335;20210311;20210407
64;20180712;20180812
72;20220519;20220615
390;20180108;20180303
816;20230814;20230906
964;20250102;20250129
64;20220519;20220615
906;20200511;20200611
762;20230713;20230813
630;20200825;20200909
681;20170110;20170306
988;20190516;20190613
596;20140116;20140321
324;20181008;20181108
494;20150612;20150716
595;20160817;20160831
160;20220908;20221005
25;20211021;20211117
681;20250424;20250521
390;20250102;20250129
27;20190426;20190515
387;20231102;20231129
449;20220714;20220810
72;20220811;20220907
596;20150410;20150611
216;20171207;20180107
801;20110224;20110409
876;20150113;20150312
212;20110424;20110616
906;20220519;20220615
506;20180712;20180812
506;20140714;20140813
184;20181008;20181108
427;20201008;20201108
324;20191007;20191107
816;20211216;20220112
37;20220811;20220907
647;20140322;20140422
46;20120112;20120313
979;20250703;20250730
863;20201112;20201209
125;20241010;20241106
748;20140613;20140713
411;20170316;20170416
12;20190627;20190724
947;20221006;20221102
425;20220714;20220810
508;20240814;20240911
540;20250227;20250323
306;20160401;20160430
125;20221103;20221130
43;20130406;20130613
751;20230314;20230326
19;20190715;20190815
751;20190516;20190613
539;20220908;20221005
485;20211021;20211117
209;20121122;20130111
198;20240912;20241009
138;20181008;20181108
667;20200626;20200723
411;20190614;20190714
1;20260217;20260316
760;20200724;20200824
937;20121122;20130111
454;20110924;20111124
760;20210816;20210831
768;20230214;20230314
268;20241107;20241204
405;20190715;20190815
268;20250605;20250702
125;20160610;20160710
524;20220616;20220713
440;20110924;20111124
15;20230615;20230712
1;20260317;20260406
665;20180406;20180506
242;20180108;20180306
751;20150612;20150716
583;20170316;20170416
83;20210114;20210307
583;20160817;20160831
571;20250424;20250521
974;20250703;20250730
768;20221211;20230111
54;20190906;20191006
189;20250703;20250730
741;20170420;20170520
57;20250227;20250323
138;20160901;20160930
30;20180402;20180429
198;20181112;20181212
732;20250925;20251022
222;20210408;20210505
937;20240425;20240522
405;20211021;20211117
508;20191007;20191107
879;20171005;20171105
647;20210506;20210606
748;20120927;20121121
146;20190906;20191006
407;20170613;20170713
19;20150901;20151008
125;20250102;20250129
937;20240201;20240229
947;20200910;20201007
15;20231005;20231101
134;20160610;20160710
407;20250327;20250423
485;20151118;20160110
647;20110924;20111124
268;20230314;20230326
947;20201112;20201209
219;20190530;20190626
60;20231130;20240101
947;20210715;20210815
268;20210816;20210831
967;20120314;20120409
979;20240718;20240813
540;20230615;20230712
485;20220421;20220518
937;20240620;20240717
455;20160112;20160306
515;20150717;20150817
249;20201210;20210113
379;20251201;20251231
48;20210311;20210407
394;20210506;20210606
94;20130312;20130405
537;20150717;20150817
570;20171106;20171206
239;20240620;20240717
285;20230713;20230813
117;20190308;20190328
917;20161007;20161117
174;20200910;20201007
645;20210506;20210606
452;20120613;20120816
495;20230420;20230517
671;20191210;20200110
754;20191007;20191107
966;20251023;20251116
920;20250424;20250521
515;20180305;20180405
395;20140714;20140813
662;20250424;20250521
763;20160112;20160306
783;20190103;20190131
999;20220714;20220810
469;20211021;20211117
62;20200113;20200305
452;20230518;20230614
120;20171005;20171105
223;20200511;20200611
179;20240425;20240522
998;20190906;20191006
829;20250703;20250730
386;20190627;20190724
121;20230615;20230712
17;20230615;20230712
574;20201112;20201209
249;20251201;20251231
126;20170613;20170713
656;20140613;20140713
733;20230814;20230906
48;20171005;20171105
239;20170420;20170520
723;20161007;20161117
179;20240523;20240619
173;20191108;20191208
554;20250102;20250129
862;20201008;20201108
495;20250227;20250323
733;20210506;20210602
554;20190111;20190307
575;20221211;20230111
932;20180402;20180429
63;20151009;20151117
192;20240620;20240717
469;20200825;20200909
126;20210816;20210831
94;20191108;20191208
763;20211021;20211117
94;20240102;20240131
100;20170905;20171004
516;20200511;20200611
999;20191007;20191107
394;20201210;20210113
96;20150410;20150611
922;20200626;20200723
671;20130312;20130405
534;20190103;20190131
29;20210408;20210505
484;20140613;20140713
862;20200626;20200723
120;20200324;20200414
631;20140116;20140321
347;20130112;20130311
17;20221103;20221130
415;20230309;20230419
394;20260217;20260316
966;20190329;20190425
935;20171106;20171206
735;20190614;20190714
723;20151009;20151117
331;20210701;20210728
232;20190819;20190905
116;20211021;20211117
685;20191210;20200110
140;20150612;20150716
734;20240327;20240424
455;20231005;20231101
936;20200626;20200723
71;20210901;20210922
31;20240718;20240813
554;20160610;20160710
972;20130312;20130405
568;20151009;20151117
312;20180108;20180306
742;20151009;20151117
128;20210506;20210606
431;20190614;20190714
289;20220421;20220518
345;20250703;20250730
775;20181213;20190110
217;20210901;20210922
20;20190819;20190905
478;20211216;20220112
289;20251023;20251116
128;20180108;20180303
20;20201008;20201108
67;20180906;20181007
594;20240814;20240911
104;20171005;20171105
154;20230327;20230419
272;20180906;20181007
187;20191108;20191208
893;20220908;20221005
4;20180406;20180506
154;20160307;20160331
995;20250227;20250323
857;20151009;20151117
155;20160901;20160930
973;20200724;20200824
742;20170521;20170612
142;20220908;20221005
594;20150313;20150409
568;20200306;20200323
478;20180601;20180701
973;20160307;20160331
243;20200825;20200909
185;20210311;20210407
459;20201112;20201209
811;20150901;20151008
2;20120112;20120313
191;20180108;20180303
680;20210816;20210831
401;20200910;20201007
803;20200716;20200812
279;20260217;20260316
217;20150901;20151008
634;20250703;20250730
716;20250703;20250730
303;20171207;20180107
594;20240102;20240131
155;20201008;20201108
35;20220519;20220615
953;20171005;20171105
67;20220421;20220518
185;20201008;20201108
811;20191007;20191107
459;20220811;20220907
973;20220811;20220907
742;20190906;20191006
108;20170316;20170416
403;20211021;20211117
756;20190614;20190714
16;20140116;20140321
756;20180507;20180611
961;20150113;20150312
857;20180108;20180306
714;20150410;20150611
104;20200113;20200305
18;20190426;20190515
803;20200326;20200422
243;20211118;20211215
142;20160307;20160331
961;20121122;20130111
53;20200910;20201007
345;20150901;20151008
701;20171005;20171105
743;20250227;20250323
106;20210311;20210407
27;20230615;20230715
170;20160307;20160331
290;20240620;20240717
545;20171005;20171105
551;20181213;20190110
72;20190906;20191006
186;20211118;20211215
25;20190627;20190724
10;20220811;20220907
64;20220714;20220810
929;20180305;20180405
983;20190111;20190307
585;20181112;20181212
457;20200825;20200909
98;20231130;20240101
418;20160401;20160430
536;20200116;20200226
457;20160401;20160430
296;20201112;20201209
72;20230814;20230906
107;20150901;20151008
236;20201112;20201209
286;20200825;20200909
838;20170110;20170306
595;20240201;20240229
476;20210715;20210815
453;20161007;20161117
236;20230327;20230419
378;20110617;20110817
838;20181213;20190110
816;20171207;20180107
378;20130112;20130311
753;20231130;20240101
593;20191007;20191107
596;20220519;20220615
558;20181213;20190110
915;20210311;20210407
248;20211216;20220112
212;20120826;20120926
418;20130112;20130311
184;20160610;20160710
453;20171207;20180107
72;20240229;20240326
106;20190819;20190905
964;20110112;20110223
106;20110424;20110616
296;20160112;20160306
453;20210114;20210307
387;20160714;20160815
5;20160817;20160831
822;20200724;20200824
90;20151118;20160110
441;20190329;20190425
427;20180507;20180611
72;20260217;20260316
449;20181008;20181108
418;20160307;20160331
551;20250703;20250730
595;20250605;20250702
441;20240814;20240911
34;20140322;20140422
670;20180507;20180611
666;20220519;20220615
711;20200113;20200305
822;20110424;20110616
186;20260217;20260316
98;20201210;20210113
553;20221211;20230111
377;20190906;20191006
98;20220811;20220907
441;20240912;20241009
988;20200626;20200723
337;20160901;20160930
545;20190906;20191006
585;20140613;20140713
430;20150313;20150409
584;20141029;20141121
236;20241107;20241204
964;20220908;20221005
506;20161007;20161117
336;20210614;20210714
378;20140423;20140612
170;20201112;20201209
711;20220224;20220323
418;20210311;20210407
286;20240327;20240424
52;20180108;20180303
518;20130312;20130405
405;20190516;20190613
242;20190715;20190815
146;20210614;20210714
1;20151009;20151117
52;20211216;20220112
15;20210816;20210831
529;20200511;20200611
198;20240327;20240424
529;20220324;20220420
49;20170110;20170306
1;20140322;20140422
39;20180108;20180306
571;20160817;20160831
571;20171005;20171105
967;20120613;20120816
60;20151009;20151117
571;20240912;20241009
60;20260217;20260316
937;20200612;20200625
460;20160401;20160430
980;20210614;20210714
879;20201112;20201209
647;20260317;20260406
967;20151009;20151117
529;20200612;20200625
421;20121122;20130111
65;20160817;20160831
65;20201210;20210113
52;20150113;20150312
894;20140613;20140713
667;20230518;20230614
653;20250703;20250730
948;20250703;20250730
454;20130920;20131121
19;20220616;20220713
65;20160112;20160306
854;20231005;20231101
103;20200326;20200422
130;20210506;20210606
528;20180611;20180711
380;20201008;20201111
696;20170110;20170306
967;20180712;20180812
837;20250227;20250323
411;20121122;20130111
306;20210114;20210307
149;20140116;20140321
454;20120314;20120409
83;20230814;20230906
524;20260217;20260316
647;20220811;20220907
326;20170817;20170904
653;20190111;20190307
959;20130614;20130816
326;20160817;20160831
245;20220224;20220323
193;20180406;20180506
508;20251201;20251231
79;20171005;20171105
315;20220714;20220810
539;20130614;20130816
283;20200825;20200909
524;20220811;20220907
959;20210614;20210714
43;20230420;20230517
879;20190906;20191006
242;20200724;20200824
332;20170316;20170416
771;20200113;20200305
414;20211021;20211117
748;20181008;20181108
696;20230814;20230906
770;20170521;20170612
974;20211021;20211117
306;20150113;20150312
407;20210506;20210606
130;20140613;20140713
79;20180108;20180306
43;20240620;20240717
997;20230420;20230517
879;20180906;20181007
518;20110924;20111124
854;20170521;20170612
60;20170110;20170306
650;20180702;20180801
138;20240523;20240619
86;20230713;20230813
802;20220714;20220810
222;20160714;20160815
71;20200324;20200414
232;20140322;20140422
434;20190329;20190425
708;20210715;20210815
966;20120613;20120816
578;20160901;20160930
719;20170420;20170520
570;20230112;20230208
901;20160901;20160930
763;20171207;20180107
469;20190111;20190307
754;20200626;20200723
47;20211118;20211215
965;20220714;20220810
516;20180906;20181007
755;20171005;20171105
285;20211118;20211215
570;20130819;20130919
759;20190426;20190515
40;20120112;20120313
708;20220224;20220323
891;20161007;20161117
239;20220224;20220323
62;20240523;20240619
455;20250424;20250521
71;20150410;20150611
263;20140714;20140813
685;20181112;20181212
63;20110424;20110616
29;20210614;20210714
394;20151009;20151117
94;20240327;20240424
920;20201008;20201108
763;20170521;20170612
671;20140116;20140321
920;20220421;20220518
305;20121122;20130111
17;20260217;20260316
901;20210715;20210815
200;20190715;20190815
598;20210408;20210505
395;20180305;20180405
96;20150901;20151008
936;20181213;20190110
173;20181213;20190110
932;20250424;20250521
223;20220519;20220615
755;20201210;20210113
744;20251023;20251116
734;20150901;20151008
200;20171005;20171105
31;20191007;20191107
126;20160401;20160430
69;20190329;20190425
48;20170714;20170814
63;20190715;20190815
388;20250102;20250129
395;20260217;20260316
280;20200511;20200611
708;20120314;20120409
735;20131122;20140115
375;20250227;20250323
862;20130614;20130816
734;20150410;20150611
229;20141029;20141121
936;20171106;20171206
135;20210506;20210606
570;20230314;20230326
29;20130112;20130311
29;20241107;20241204
516;20190516;20190613
232;20191210;20200110
96;20211216;20220112
232;20251201;20251231
280;20210311;20210407
708;20171106;20171206
9;20180507;20180611
936;20180712;20180812
917;20170521;20170612
966;20160307;20160331
490;20170714;20170814
755;20170316;20170416
375;20230314;20230326
677;20220908;20221005
23;20190308;20190328
388;20210311;20210407
200;20240201;20240229
264;20130312;20130405
578;20160714;20160815
429;20190614;20190714
999;20220421;20220518
932;20220113;20220223
783;20190725;20190828
395;20190614;20190714
388;20191210;20200110
232;20111125;20120111
305;20141029;20141121
836;20230814;20230906
31;20250424;20250521
831;20221006;20221102
570;20260217;20260316
239;20190614;20190714
229;20220224;20220323
891;20170521;20170612
280;20170714;20170814
100;20230314;20230326
469;20200324;20200414
133;20160714;20160815
249;20220113;20220223
17;20200724;20200824
249;20120410;20120612
48;20150818;20150831
578;20161007;20161117
478;20210729;20210825
855;20230314;20230326
289;20180611;20180711
284;20151118;20160110
359;20170420;20170520
893;20210901;20210922
51;20210408;20210505
51;20210816;20210831
756;20191007;20191107
191;20160610;20160710
187;20161007;20161117
22;20181008;20181108
887;20221006;20221102
92;20211118;20211215
841;20210506;20210606
871;20210901;20210922
459;20160112;20160306
912;20171005;20171105
26;20150612;20150716
885;20220224;20220323
869;20230112;20230208
155;20161117;20170109
871;20190329;20190425
92;20201008;20201108
279;20250828;20250924
459;20150313;20150409
640;20190308;20190328
756;20140714;20140813
197;20240912;20241009
716;20250424;20250521
995;20231005;20231101
217;20140423;20140612
338;20181008;20181108
803;20190627;20190724
243;20210816;20210831
92;20120112;20120313
962;20190329;20190425
887;20230420;20230517
204;20210923;20211020
217;20221006;20221102
618;20190329;20190425
775;20200324;20200414
2;20111125;20120111
279;20220811;20220907
187;20190906;20191006
33;20250227;20250323
815;20130312;20130405
303;20160714;20160815
459;20171106;20171206
282;20230314;20230326
568;20231102;20231129
191;20241107;20241204
289;20190614;20190714
155;20200612;20200625
815;20181213;20190110
92;20201210;20210113
743;20220616;20220713
187;20170817;20170904
92;20230314;20230326
42;20200626;20200723
217;20241107;20241204
142;20150901;20151008
303;20121122;20130111
617;20160112;20160306
22;20220714;20220810
775;20220224;20220323
887;20211021;20211117
159;20180108;20180303
973;20141122;20150112
26;20120826;20120926
401;20160112;20160306
640;20210506;20210606
962;20201112;20201209
53;20220616;20220713
564;20191108;20191208
50;20190819;20190905
93;20221006;20221102
320;20190715;20190815
53;20190329;20190425
93;20230814;20230906
303;20220224;20220323
660;20220908;20221005
811;20221006;20221102
359;20180611;20180711
284;20190329;20190425
666;20170316;20170416
787;20150113;20150312
816;20250327;20250423
838;20191108;20191208
27;20191108;20191208
186;20160817;20160831
266;20190715;20190815
441;20160714;20160815
90;20121122;20130111
286;20240718;20240813
787;20191007;20191107
787;20190614;20190714
34;20241107;20241204
377;20170817;20170904
335;20190715;20190815
441;20171207;20180107
170;20211216;20220112
753;20221211;20230111
390;20241107;20241204
822;20180108;20180306
483;20150717;20150817
476;20161007;20161117
266;20170817;20170904
467;20220421;20220518
545;20191108;20191208
72;20240201;20240229
357;20170521;20170612
106;20211118;20211215
34;20230814;20230906
106;20260217;20260316
595;20210715;20210815
799;20250703;20250730
216;20230713;20230813
161;20200511;20200611
34;20170817;20170904
799;20210614;20210714
170;20210408;20210505
5;20190819;20190905
302;20160714;20160815
506;20210715;20210815
553;20241107;20241204
357;20220224;20220323
506;20140828;20141028
593;20181008;20181108
34;20211216;20220112
467;20140828;20141028
302;20200825;20200909
64;20161117;20170109
711;20220421;20220518
544;20210408;20210505
184;20150313;20150409
3;20230314;20230326
822;20150901;20151008
964;20160610;20160710
500;20141029;20141121
236;20180108;20180306
252;20200324;20200414
296;20251023;20251116
377;20120314;20120409
494;20140116;20140321
72;20241107;20241204
107;20120927;20121121
816;20160714;20160815
964;20231130;20240101
3;20210311;20210407
6;20200612;20200625
876;20211216;20220112
596;20151118;20160110
72;20140322;20140422
397;20180906;20181007
619;20180305;20180405
406;20171207;20180107
488;20240229;20240326
524;20200825;20200909
235;20191007;20191107
683;20170110;20170306
222;20181112;20181212
189;20251023;20251116
57;20241107;20241204
86;20220421;20220518
332;20210408;20210505
867;20210408;20210505
79;20150901;20151008
125;20150313;20150409
863;20160610;20160710
647;20190715;20190815
251;20210506;20210606
54;20160307;20160331
696;20180906;20181007
539;20230814;20230906
242;20140322;20140422
130;20110828;20110923
86;20190614;20190714
198;20240201;20240229
306;20211021;20211117
437;20190131;20190227
502;20220421;20220518
134;20210311;20210407
326;20240912;20241009
528;20180906;20181007
54;20220421;20220518
979;20240327;20240424
198;20150410;20150611
60;20140322;20140422
149;20150410;20150611
283;20120927;20121121
837;20191108;20191208
610;20200626;20200723
43;20240425;20240522
488;20141029;20141121
30;20190103;20190131
1;20210923;20211020
647;20251023;20251116
539;20181213;20190110
653;20160610;20160710
502;20150113;20150312
529;20121122;20130111
529;20240718;20240813
571;20250327;20250423
211;20191212;20200115
508;20170110;20170306
571;20170817;20170904
770;20220616;20220713
863;20160112;20160306
406;20130112;20130311
251;20190819;20190905
46;20211118;20211215
1;20210506;20210606
283;20130819;20130919
456;20190516;20190613
533;20200612;20200625
130;20180108;20180303
24;20210715;20210815
974;20260317;20260406
581;20260317;20260406
52;20170110;20170306
130;20200626;20200723
211;20200227;20200325
967;20140714;20140813
937;20200626;20200723
326;20260107;20260216
419;20181213;20190110
65;20171106;20171206
277;20110224;20110409
683;20160307;20160331
456;20180712;20180812
997;20151009;20151117
325;20220811;20220907
1;20220908;20221005
488;20200626;20200723
407;20170420;20170520
52;20230327;20230419
647;20210923;20211020
854;20220908;20221005
283;20250424;20250521
647;20140613;20140713
214;20190111;20190307
751;20191210;20200110
316;20160901;20160930
9;20200724;20200824
249;20210923;20211020
229;20200324;20200414
117;20180108;20180303
578;20121122;20130111
972;20201210;20210113
126;20110828;20110923
388;20251023;20251116
47;20110828;20110923
829;20200113;20200305
516;20220616;20220713
169;20151118;20160110
373;20230615;20230715
200;20190426;20190515
232;20190516;20190613
917;20211021;20211117
386;20200525;20200625
96;20171005;20171105
589;20210614;20210714
62;20160112;20160306
998;20180906;20181007
208;20220616;20220713
379;20210408;20210505
208;20240201;20240229
71;20240718;20240813
831;20230420;20230517
41;20181008;20181108
120;20170420;20170520
195;20200324;20200414
40;20240912;20241009
917;20221211;20230111
664;20221211;20230111
126;20170420;20170520
62;20181213;20190110
578;20211021;20211117
388;20140322;20140422
639;20170420;20170520
735;20151009;20151117
31;20170420;20170520
208;20170714;20170814
598;20210715;20210815
223;20110224;20110409
399;20110104;20110111
672;20220714;20220810
140;20220421;20220518
200;20220421;20220518
280;20150113;20150312
490;20110112;20110223
554;20141029;20141121
395;20171106;20171206
232;20180611;20180711
31;20190614;20190714
705;20240718;20240813
71;20140423;20140612
388;20190819;20190905
998;20151118;20160110
469;20240912;20241009
554;20210901;20210922
192;20220324;20220420
116;20251023;20251116
117;20200626;20200723
656;20220616;20220713
9;20180305;20180405
23;20190819;20190905
972;20171005;20171105
140;20211118;20211215
375;20190426;20190515
56;20170110;20170306
23;20220324;20220420
126;20251201;20251231
347;20150717;20150817
429;20190329;20190425
932;20240814;20240911
373;20170817;20170904
664;20250227;20250323
554;20170110;20170306
223;20120314;20120409
646;20240102;20240131
32;20201210;20210113
973;20160509;20160609
213;20190516;20190613
960;20171207;20180107
586;20220811;20220907
701;20240523;20240619
742;20201112;20201209
191;20151009;20151117
586;20250327;20250423
197;20230615;20230712
26;20150313;20150409
202;20170817;20170904
197;20190111;20190307
33;20220421;20220518
213;20171005;20171105
586;20210408;20210505
961;20240201;20240229
815;20200825;20200909
857;20180611;20180711
782;20240523;20240619
841;20220519;20220615
680;20211118;20211215
303;20250102;20250129
563;20211216;20220112
187;20230112;20230208
803;20200910;20201007
743;20241205;20250101
53;20191108;20191208
646;20120410;20120612
638;20210715;20210815
78;20220519;20220615
303;20240229;20240326
690;20191007;20191107
743;20180108;20180303
960;20180712;20180812
960;20110617;20110817
14;20210114;20210307
33;20190516;20190613
961;20170613;20170713
8;20150113;20150312
680;20170110;20170306
973;20111125;20120111
885;20170521;20170612
857;20260317;20260406
622;20150818;20150831
659;20150901;20151008
973;20170714;20170814
14;20230112;20230208
659;20211216;20220112
21;20170613;20170713
960;20201008;20201108
187;20210114;20210307
102;20200511;20200611
2;20120410;20120612
962;20200113;20200305
67;20180108;20180306
51;20241010;20241106
26;20181213;20190110
716;20190829;20190925
960;20210506;20210606
53;20200113;20200305
716;20210408;20210505
622;20220421;20220518
85;20210311;20210407
42;20231005;20231101
213;20120613;20120816
67;20161007;20161117
714;20200113;20200305
568;20220421;20220518
393;20210311;20210407
618;20170110;20170306
617;20220421;20220518
68;20170316;20170416
973;20170613;20170713
961;20141029;20141121
2;20210923;20211020
53;20200626;20200723
337;20240523;20240619
160;20210901;20210922
711;20171005;20171105
170;20170420;20170520
906;20180712;20180812
418;20221006;20221102
753;20190715;20190815
106;20110828;20110923
390;20210715;20210815
834;20200324;20200414
536;20220811;20220907
984;20151009;20151117
765;20200113;20200305
681;20191108;20191208
10;20200825;20200909
357;20180108;20180306
876;20140116;20140321
906;20150113;20150312
929;20190614;20190714
476;20110828;20110923
212;20170613;20170713
897;20121122;20130111
453;20160901;20160930
107;20240912;20241009
34;20240229;20240326
787;20151118;20160110
34;20210311;20210407
816;20240912;20241009
476;20160112;20160306
72;20210715;20210815
753;20171005;20171105
98;20190308;20190328
5;20191210;20200110
387;20190308;20190328
106;20210506;20210606
467;20180712;20180812
765;20231102;20231129
212;20190819;20190905
10;20190111;20190307
955;20181213;20190110
98;20210311;20210407
576;20250828;20250924
666;20190614;20190714
335;20220324;20220420
762;20220616;20220713
441;20141122;20150112
390;20210311;20210407
158;20210311;20210407
681;20200626;20200723
186;20170420;20170520
441;20250327;20250423
476;20211216;20220112
543;20110104;20110111
27;20210901;20210922
430;20210715;20210815
34;20221006;20221102
670;20160901;20160930
72;20170817;20170904
72;20211216;20220112
506;20150818;20150831
774;20220224;20220323
34;20231102;20231129
286;20220616;20220713
390;20260317;20260406
629;20200612;20200625
596;20240718;20240813
585;20190715;20190815
286;20191108;20191208
106;20210923;20211020
6;20230112;20230208
170;20230814;20230906
616;20200612;20200625
127;20241010;20241106
647;20151009;20151117
433;20130614;20130816
19;20120112;20120313
46;20220421;20220518
49;20240201;20240229
696;20250828;20250924
997;20200306;20200323
343;20170521;20170612
268;20160401;20160430
653;20231005;20231101
222;20250227;20250323
38;20220421;20220518
19;20200324;20200414
326;20250424;20250521
86;20180906;20181007
125;20210311;20210407
879;20140116;20140321
37;20220616;20220713
214;20210311;20210407
937;20141029;20141121
414;20220224;20220323
214;20210715;20210815
529;20241010;20241106
406;20221006;20221102
867;20240523;20240619
326;20171005;20171105
214;20201210;20210113
768;20210506;20210606
46;20250605;20250702
696;20161007;20161117
529;20190426;20190515
37;20170714;20170814
397;20210923;20211020
411;20150113;20150312
250;20200825;20200909
539;20170420;20170520
83;20201008;20201108
306;20231005;20231101
125;20111125;20120111
283;20190426;20190515
39;20170521;20170612
30;20250828;20250924
967;20150818;20150831
49;20181112;20181212
748;20200511;20200611
526;20250703;20250730
858;20190906;20191006
849;20190111;20190307
83;20170420;20170520
37;20190516;20190613
43;20110224;20110409
19;20150410;20150611
38;20190516;20190613
326;20250327;20250423
460;20220519;20220615
528;20230615;20230715
222;20240102;20240131
43;20120927;20121121
535;20180611;20180711
653;20170110;20170306
448;20210729;20210825
19;20250424;20250521
332;20200724;20200824
222;20191108;20191208
665;20210408;20210505
407;20211118;20211215
508;20170613;20170713
52;20230112;20230208
84;20190819;20190905
143;20210311;20210407
406;20120314;20120409
485;20240425;20240522
43;20200626;20200723
388;20220616;20220713
179;20230420;20230517
173;20190715;20190815
511;20160714;20160815
121;20160112;20160306
9;20210816;20210831
249;20140828;20141028
932;20181030;20181129
511;20240912;20241009
452;20180305;20180405
174;20220616;20220713
192;20140613;20140713
708;20130112;20130311
631;20150612;20150716
280;20220616;20220713
972;20150113;20150312
831;20211021;20211117
280;20240201;20240229
831;20251023;20251116
977;20211021;20211117
755;20181213;20190110
94;20160901;20160930
664;20171005;20171105
735;20250327;20250423
455;20230214;20230314
174;20181130;20181231
537;20200306;20200323
755;20120613;20120816
388;20210506;20210606
63;20160817;20160831
965;20210729;20210825
614;20180108;20180303
702;20130614;20130816
156;20231005;20231101
305;20200626;20200723
135;20200724;20200824
40;20211021;20211117
62;20150113;20150312
829;20191108;20191208
223;20230907;20231004
133;20250102;20250129
516;20240201;20240229
490;20181112;20181212
554;20211216;20220112
140;20180906;20181007
117;20140423;20140612
285;20210701;20210728
574;20241205;20250101
901;20200511;20200611
263;20181213;20190110
662;20210715;20210815
117;20160610;20160710
452;20160307;20160331
998;20240523;20240619
192;20230615;20230715
29;20251023;20251116
495;20190906;20191006
901;20201210;20210113
229;20180108;20180306
901;20161007;20161117
490;20130819;20130919
140;20200825;20200909
708;20251023;20251116
56;20170521;20170612
966;20140116;20140321
763;20220519;20220615
200;20140613;20140713
656;20260217;20260316
755;20160307;20160331
63;20120112;20120313
179;20110224;20110409
570;20140322;20140422
492;20201008;20201111
388;20250703;20250730
31;20250227;20250323
201;20230615;20230712
62;20230214;20230314
719;20240102;20240131
516;20230214;20230314
40;20200324;20200414
126;20210311;20210407
672;20160509;20160609
631;20150113;20150312
656;20200825;20200909
735;20140714;20140813
823;20190819;20190905
29;20241205;20250101
469;20231005;20231101
755;20210901;20210922
452;20140423;20140612
862;20171005;20171105
94;20190329;20190425
229;20200626;20200723
759;20200612;20200625
570;20210715;20210815
656;20140116;20140321
201;20210311;20210407
763;20210923;20211020
744;20160401;20160430
998;20181213;20190110
28;20170521;20170612
836;20220811;20220907
375;20230907;20231004
871;20200113;20200305
564;20151009;20151117
164;20121122;20130111
289;20201112;20201209
625;20190715;20190815
895;20180903;20181003
431;20181112;20181212
42;20230327;20230419
562;20220421;20220518
132;20230713;20230813
608;20230713;20230813
20;20200825;20200909
855;20240425;20240522
803;20200116;20200226
132;20130406;20130613
18;20200511;20200611
279;20201210;20210113
622;20140828;20141028
8;20211216;20220112
625;20220324;20220420
961;20110104;20110111
154;20140828;20141028
459;20151118;20160110
153;20200113;20200305
67;20230420;20230517
660;20211216;20220112
33;20190715;20190815
14;20201112;20201209
262;20180507;20180611
142;20111125;20120111
108;20180712;20180812
803;20190131;20190227
716;20201210;20210113
459;20140613;20140713
961;20180406;20180506
4;20141029;20141121
403;20210715;20210815
960;20140714;20140813
104;20170420;20170520
359;20181213;20190110
262;20220714;20220810
108;20150717;20150817
8;20170110;20170306
303;20170613;20170713
272;20220421;20220518
961;20260107;20260216
191;20230615;20230712
815;20181112;20181212
960;20220714;20220810
904;20190906;20191006
35;20190819;20190905
197;20160714;20160815
953;20220616;20220713
775;20250703;20250730
568;20151118;20160110
772;20220324;20220420
692;20190228;20190327
961;20181213;20190110
912;20221103;20221130
691;20170316;20170416
855;20190426;20190515
197;20230420;20230517
680;20210715;20210815
393;20210715;20210815
973;20180611;20180711
303;20150313;20150409
93;20140423;20140612
634;20181112;20181212
217;20190426;20190515
995;20250828;20250924
401;20190329;20190425
961;20241010;20241106
811;20200324;20200414
875;20181030;20181129
969;20260317;20260406
279;20200626;20200715
711;20191108;20191208
418;20151009;20151117
711;20160714;20160815
595;20210311;20210407
296;20221103;20221130
467;20220224;20220323
252;20190715;20190815
906;20160901;20160930
107;20140423;20140612
558;20170110;20170306
106;20170613;20170713
595;20231005;20231101
296;20221211;20230111
988;20250424;20250521
170;20251201;20251231
558;20250828;20250924
924;20200525;20200625
106;20191007;20191107
64;20190819;20190905
212;20111125;20120111
34;20240102;20240131
216;20240814;20240911
595;20191007;20191107
266;20151009;20151117
876;20220616;20220713
107;20140714;20140813
441;20250424;20250521
545;20220421;20220518
70;20161117;20170109
787;20190516;20190613
593;20110104;20110111
98;20220224;20220323
457;20201008;20201108
545;20220908;20221005
983;20201112;20201209
753;20180406;20180506
630;20201008;20201108
762;20191108;20191208
584;20180611;20180711
544;20211118;20211215
34;20250605;20250702
257;20220113;20220223
765;20180108;20180303
186;20160112;20160306
715;20200324;20200414
596;20120613;20120816
467;20200324;20200414
72;20231102;20231129
715;20230907;20231004
666;20190308;20190328
988;20190308;20190328
762;20140828;20141028
266;20240229;20240326
964;20140322;20140422
816;20180108;20180306
715;20171207;20180107
216;20230615;20230715
271;20200825;20200909
816;20200910;20201007
158;20201008;20201111
266;20170420;20170520
175;20230112;20230208
585;20180406;20180506
337;20171106;20171206
441;20200910;20201007
266;20120613;20120816
378;20150901;20151008
212;20171106;20171206
711;20200324;20200414
6;20120410;20120612
212;20251201;20251231
787;20140423;20140612
441;20240327;20240424
593;20220421;20220518
906;20210614;20210714
715;20240523;20240619
715;20150410;20150611
335;20220113;20220223
407;20191108;20191208
502;20130614;20130816
683;20250102;20250129
647;20231130;20240101
55;20210715;20210815
189;20160610;20160710
423;20180507;20180611
802;20181008;20181108
268;20210311;20210407
508;20180611;20180711
306;20160112;20160306
619;20241010;20241106
65;20120410;20120612
380;20190725;20190828
55;20171207;20180107
326;20171207;20180107
552;20210408;20210505
83;20190819;20190905
854;20220224;20220323
849;20210715;20210815
529;20111125;20120111
667;20161007;20161117
552;20201008;20201108
57;20160112;20160306
507;20141029;20141121
406;20140423;20140612
283;20141029;20141121
1;20250102;20250129
979;20210715;20210815
125;20210901;20210922
143;20190111;20190307
539;20160112;20160306
24;20140322;20140422
235;20170613;20170713
24;20230112;20230208
419;20210408;20210505
539;20190906;20191006
867;20220616;20220713
193;20171005;20171105
488;20160714;20160815
360;20201008;20201111
65;20180406;20180506
854;20180108;20180306
43;20220519;20220615
326;20160307;20160331
326;20160714;20160815
729;20171106;20171206
65;20190715;20190815
980;20190906;20191006
524;20200324;20200414
959;20160901;20160930
456;20220714;20220810
407;20250424;20250521
274;20200724;20200824
83;20240912;20241009
283;20250227;20250323
15;20220616;20220713
407;20110924;20111124
37;20190426;20190515
188;20170613;20170713
647;20220519;20220615
770;20230314;20230326
46;20230615;20230712
242;20260217;20260316
222;20230615;20230712
867;20190819;20190905
407;20251023;20251116
571;20171207;20180107
696;20190426;20190515
837;20181112;20181212
802;20140828;20141028
39;20230112;20230208
188;20190614;20190714
674;20230112;20230208
65;20180108;20180306
43;20230907;20231004
316;20170613;20170713
219;20190627;20190724
456;20181008;20181108
57;20190308;20190328
283;20191108;20191208
571;20121122;20130111
959;20171005;20171105
414;20200324;20200414
65;20250605;20250702
664;20221103;20221130
671;20130614;20130816
685;20221006;20221102
201;20201210;20210113
69;20140828;20141028
232;20230112;20230208
36;20180108;20180303
69;20150901;20151008
469;20120613;20120816
126;20231130;20240101
495;20220908;20221005
922;20210901;20210922
280;20220421;20220518
452;20220324;20220420
574;20250227;20250323
723;20140116;20140321
192;20200511;20200611
917;20200306;20200323
631;20151118;20160110
71;20250102;20250129
29;20250703;20250730
578;20181213;20190110
394;20180108;20180303
394;20250102;20250129
100;20181112;20181212
578;20200626;20200723
121;20210614;20210714
126;20210506;20210606
117;20240718;20240813
47;20121122;20130111
399;20170316;20170416
469;20120927;20121121
936;20210506;20210606
36;20200626;20200723
156;20150113;20150312
71;20190426;20190515
589;20170521;20170612
232;20260317;20260406
705;20231005;20231101
31;20140714;20140813
516;20180406;20180506
31;20220616;20220713
708;20220714;20220810
662;20221006;20221102
140;20250102;20250129
305;20190614;20190714
656;20231005;20231101
708;20201210;20210113
394;20191108;20191208
394;20160112;20160306
515;20150410;20150611
223;20170316;20170416
734;20230814;20230906
935;20200511;20200611
94;20190614;20190714
394;20231130;20240101
133;20250703;20250730
17;20170613;20170713
763;20190715;20190815
229;20240718;20240813
379;20190228;20190327
935;20210506;20210606
575;20190329;20190425
394;20230814;20230906
347;20110617;20110817
208;20221006;20221102
575;20190614;20190714
554;20150410;20150611
17;20180611;20180711
399;20150313;20150409
394;20210311;20210407
48;20120613;20120816
96;20210901;20210922
708;20140116;20140321
62;20180406;20180506
200;20110112;20110223
140;20180611;20180711
29;20241010;20241106
40;20180108;20180306
173;20180108;20180306
672;20110104;20110111
48;20181213;20190110
917;20241205;20250101
395;20110617;20110817
195;20220908;20221005
232;20250102;20250129
71;20200626;20200723
862;20130312;20130405
429;20170420;20170520
48;20160307;20160331
932;20180702;20180801
48;20151009;20151117
217;20150113;20150312
960;20181112;20181212
562;20221006;20221102
279;20220113;20220223
659;20230214;20230314
128;20180611;20180711
93;20180611;20180711
308;20181112;20181212
939;20191007;20191107
564;20221211;20230111
743;20230314;20230326
128;20231130;20240101
871;20191108;20191208
659;20171207;20180107
191;20190819;20190905
213;20220324;20220420
401;20240620;20240717
191;20220113;20220223
634;20140116;20140321
92;20190715;20190815
431;20191210;20200110
279;20190627;20190724
345;20201210;20210113
67;20240912;20241009
640;20240201;20240229
459;20130614;20130816
282;20201008;20201108
303;20110104;20110111
303;20181213;20190110
608;20191010;20191113
478;20210311;20210407
197;20230814;20230906
973;20190426;20190515
308;20191108;20191208
563;20160401;20160430
282;20120410;20120612
953;20210901;20210922
108;20170817;20170904
92;20150901;20151008
514;20220113;20220223
132;20230907;20231004
4;20251201;20251231
564;20221103;20221130
155;20191007;20191107
26;20230112;20230208
961;20221006;20221102
213;20201112;20201209
323;20210923;20211020
871;20230615;20230712
514;20210923;20211020
690;20190111;20190307
594;20190329;20190425
701;20220714;20220810
895;20240912;20241009
187;20240620;20240717
308;20210614;20210714
108;20230615;20230715
142;20181008;20181108
618;20171207;20180107
279;20191114;20191211
32;20220908;20221005
272;20250703;20250730
617;20141029;20141121
338;20140714;20140813
191;20201210;20210113
568;20190906;20191006
782;20250424;20250521
262;20181008;20181108
197;20210311;20210407
35;20211118;20211215
191;20191210;20200110
940;20210114;20210307
16;20120314;20120409
217;20170714;20170814
16;20150410;20150611
701;20240425;20240522
660;20211021;20211117
197;20170110;20170306
459;20220421;20220518
93;20180906;20181007
756;20161007;20161117
618;20150901;20151008
6;20121122;20130111
467;20160714;20160815
558;20230814;20230906
596;20140818;20140827
34;20220324;20220420
123;20200825;20200909
946;20180611;20180711
915;20251023;20251116
72;20240102;20240131
453;20250925;20251022
170;20180611;20180711
5;20230314;20230326
212;20130819;20130919
983;20200113;20200305
212;20180611;20180711
10;20220224;20220323
592;20251023;20251116
160;20210506;20210606
387;20250227;20250323
266;20250605;20250702
302;20151009;20151117
630;20190614;20190714
387;20220519;20220615
557;20231005;20231101
212;20201210;20210113
3;20230112;20230208
553;20180406;20180506
593;20150818;20150831
988;20230615;20230712
557;20200626;20200723
799;20200113;20200305
630;20151009;20151117
98;20210715;20210815
336;20170613;20170713
27;20140828;20141028
430;20210311;20210407
784;20210901;20210922
335;20210923;20211020
471;20140322;20140422
761;20190715;20190815
596;20240620;20240717
584;20231005;20231101
711;20190715;20190815
387;20141122;20150112
553;20181213;20190110
10;20190426;20190515
441;20171005;20171105
706;20211118;20211215
72;20110104;20110111
106;20160610;20160710
834;20151118;20160110
337;20250828;20250924
236;20150901;20151008
175;20190906;20191006
616;20190715;20190815
765;20240102;20240131
765;20151009;20151117
596;20230713;20230813
712;20190819;20190905
915;20211216;20220112
377;20110617;20110817
762;20180906;20181007
286;20240912;20241009
553;20190111;20190307
175;20191108;20191208
545;20230420;20230517
449;20151009;20151117
387;20201210;20210113
964;20241107;20241204
64;20170613;20170713
106;20110112;20110223
387;20231130;20240101
5;20121122;20130111
929;20201210;20210113
816;20161007;20161117
630;20220224;20220323
593;20150901;20151008
419;20250703;20250730
696;20150113;20150312
647;20231102;20231129
539;20201008;20201108
19;20240201;20240229
316;20170905;20171004
214;20200113;20200305
24;20260217;20260316
947;20210311;20210407
974;20240425;20240522
219;20200716;20200812
528;20200626;20200723
974;20230420;20230517
947;20220714;20220810
84;20210816;20210831
771;20241205;20250101
454;20170817;20170904
130;20160401;20160430
15;20120112;20120313
39;20200511;20200611
967;20140828;20141028
485;20180611;20180711
54;20230327;20230419
485;20140828;20141028
518;20120314;20120409
947;20170420;20170520
849;20250227;20250323
251;20190308;20190328
84;20210506;20210606
433;20130312;20130405
326;20210408;20210505
326;20121122;20130111
19;20141029;20141121
405;20230420;20230517
433;20220908;20221005
250;20180507;20180611
947;20241205;20250101
571;20210408;20210505
802;20251023;20251116
292;20220324;20220420
235;20220714;20220810
539;20140714;20140813
250;20181008;20181108
222;20180108;20180303
1;20111125;20120111
647;20111125;20120111
138;20151118;20160110
24;20201008;20201108
125;20170817;20170904
768;20200825;20200909
770;20191108;20191208
268;20180611;20180711
771;20221103;20221130
683;20170817;20170904
539;20171207;20180107
571;20160714;20160815
425;20130112;20130311
771;20230314;20230326
683;20180406;20180506
647;20250605;20250702
571;20251023;20251116
245;20140116;20140321
348;20220113;20220223
456;20200511;20200611
502;20210901;20210922
24;20201210;20210113
967;20211021;20211117
433;20151009;20151117
306;20220811;20220907
245;20190906;20191006
610;20260217;20260316
948;20230314;20230326
38;20160714;20160815
647;20190308;20190328
306;20190516;20190613
198;20190426;20190515
49;20120112;20120313
571;20160307;20160331
667;20180305;20180405
937;20160817;20160831
770;20160714;20160815
19;20190111;20190307
529;20150113;20150312
437;20210729;20210825
235;20210506;20210606
251;20170905;20171004
425;20150313;20150409
967;20210715;20210815
52;20230309;20230419
149;20231005;20231101
24;20220113;20220223
397;20180406;20180506
683;20241107;20241204
138;20170817;20170904
360;20200227;20200325
425;20221006;20221102
425;20251023;20251116
251;20170613;20170713
242;20180906;20181007
373;20150901;20151008
836;20211021;20211117
48;20150313;20150409
763;20231102;20231129
121;20200306;20200323
331;20220616;20220713
917;20190614;20190714
664;20160714;20160815
388;20160112;20160306
554;20200324;20200414
455;20240201;20240229
280;20221006;20221102
388;20170521;20170612
972;20130614;20130816
47;20160714;20160815
223;20170714;20170814
179;20171005;20171105
759;20191108;20191208
966;20171005;20171105
708;20260217;20260316
999;20191210;20200110
40;20240327;20240424
62;20211216;20220112
966;20130112;20130311
140;20231005;20231101
891;20190906;20191006
96;20190111;20190307
686;20250828;20250924
347;20130406;20130613
386;20220324;20220420
901;20180712;20180812
484;20220324;20220420
208;20250703;20250730
263;20110617;20110817
229;20240912;20241009
495;20190426;20190515
116;20181112;20181212
379;20230713;20230813
554;20201008;20201108
755;20220908;20221005
685;20160901;20160930
133;20220421;20220518
656;20220811;20220907
229;20150410;20150611
936;20161007;20161117
495;20220421;20220518
631;20220224;20220323
386;20190328;20190424
69;20181008;20181108
394;20190906;20191006
31;20201008;20201108
656;20240718;20240813
495;20220616;20220713
797;20251201;20251231
862;20200324;20200414
71;20160610;20160710
399;20191210;20200110
280;20250703;20250730
705;20230814;20230906
201;20240201;20240229
56;20210614;20210714
140;20251201;20251231
932;20260217;20260316
174;20190328;20190424
17;20231130;20240101
17;20231005;20231101
415;20230327;20230419
935;20191210;20200110
554;20180108;20180306
135;20180507;20180611
935;20240523;20240619
664;20150410;20150611
705;20190906;20191006
179;20130406;20130613
63;20200825;20200909
29;20120927;20121121
208;20220421;20220518
140;20190715;20190815
455;20180406;20180506
664;20180108;20180303
305;20180507;20180611
574;20200306;20200323
48;20120314;20120409
455;20150901;20151008
116;20160714;20160815
29;20250327;20250423
998;20150313;20150409
516;20221006;20221102
223;20120927;20121121
734;20140613;20140713
140;20170613;20170713
456;20140828;20141028
198;20210901;20210922
651;20141029;20141121
433;20190614;20190714
974;20181112;20181212
54;20200511;20200611
268;20251201;20251231
251;20210311;20210407
60;20140828;20141028
802;20171106;20171206
760;20170110;20170306
198;20250703;20250730
796;20120314;20120409
571;20210114;20210307
526;20220908;20221005
949;20241205;20250101
83;20190715;20190815
250;20190111;20190307
315;20151009;20151117
83;20220224;20220323
768;20180108;20180303
189;20190516;20190613
741;20211216;20220112
407;20240229;20240326
524;20190426;20190515
332;20210923;20211020
405;20180906;20181007
571;20150313;20150409
405;20201210;20210113
667;20180507;20180611
235;20241010;20241106
214;20170714;20170814
647;20170613;20170713
315;20220908;20221005
405;20171005;20171105
894;20110828;20110923
46;20171106;20171206
748;20220519;20220615
460;20201008;20201108
837;20231102;20231129
528;20240620;20240717
60;20130819;20130919
508;20151009;20151117
997;20151118;20160110
325;20201008;20201111
193;20160112;20160306
460;20210408;20210505
325;20250424;20250521
696;20251023;20251116
52;20200324;20200414
947;20240523;20240619
405;20230214;20230314
138;20171207;20180107
980;20220714;20220810
79;20220421;20220518
533;20170316;20170416
421;20151118;20160110
407;20210614;20210714
83;20231102;20231129
508;20170420;20170520
1;20180611;20180711
647;20180611;20180711
406;20141029;20141121
524;20170714;20170814
768;20250102;20250129
899;20190308;20190328
43;20170817;20170904
130;20180108;20180306
485;20230420;20230517
433;20190516;20190613
315;20160307;20160331
997;20230314;20230326
130;20230814;20230906
533;20210715;20210815
235;20220113;20220223
539;20250227;20250323
863;20160714;20160815
292;20150717;20150817
949;20201112;20201209
326;20251023;20251116
15;20150901;20151008
414;20220714;20220810
325;20210211;20210310
529;20170817;20170904
425;20260217;20260316
665;20180611;20180711
683;20191108;20191208
802;20210311;20210407
251;20210816;20210831
43;20210901;20210922
130;20201008;20201108
306;20210614;20210714
360;20220714;20220810
796;20150313;20150409
879;20190426;20190515
693;20200724;20200824
315;20210506;20210606
760;20210311;20210407
65;20120112;20120313
967;20191007;20191107
552;20220519;20220615
326;20150313;20150409
571;20180406;20180506
867;20191007;20191107
502;20171207;20180107
502;20140714;20140813
867;20130920;20131121
647;20240718;20240813
947;20251023;20251116
879;20151009;20151117
268;20180906;20181007
937;20250731;20250827
57;20220421;20220518
696;20240201;20240229
552;20170905;20171004
683;20240201;20240229
619;20201008;20201108
948;20220224;20220323
571;20250703;20250730
214;20241107;20241204
43;20131122;20140115
306;20210408;20210505
529;20190111;20190307
326;20180406;20180506
425;20210506;20210606
83;20140322;20140422
214;20240523;20240619
858;20170905;20171004
125;20110224;20110409
854;20240201;20240229
12;20190131;20190227
751;20210816;20210831
83;20211118;20211215
529;20211021;20211117
667;20160307;20160331
411;20180305;20180405
696;20140714;20140813
667;20171207;20180107
283;20200626;20200723
222;20151009;20151117
894;20140828;20141028
947;20211216;20220112
571;20240229;20240326
86;20171005;20171105
138;20140423;20140612
19;20160401;20160430
24;20260317;20260406
268;20181213;20190110
37;20210901;20210922
146;20190426;20190515
937;20130312;20130405
967;20190614;20190714
268;20150901;20151008
222;20150410;20150611
417;20220113;20220223
610;20200511;20200611
967;20200324;20200414
485;20250703;20250730
43;20160509;20160609
235;20201008;20201108
867;20210923;20211020
79;20140613;20140713
947;20241107;20241204
1;20250227;20250323
858;20190426;20190515
39;20170420;20170520
456;20160307;20160331
406;20120613;20120816
407;20151118;20160110
292;20200724;20200824
138;20110224;20110409
591;20220113;20220223
86;20180108;20180306
86;20201112;20201209
528;20180108;20180306
138;20220714;20220810
37;20181112;20181212
796;20110224;20110409
533;20191007;20191107
306;20250703;20250730
214;20190426;20190515
456;20201008;20201108
508;20241010;20241106
529;20160112;20160306
316;20200825;20200909
316;20190715;20190815
283;20150901;20151008
19;20250102;20250129
46;20140322;20140422
529;20130112;20130311
30;20190829;20190925
524;20201008;20201108
802;20200626;20200723
411;20151009;20151117
283;20181213;20190110
991;20130312;20130405
696;20180406;20180506
802;20260217;20260316
251;20160401;20160430
508;20190308;20190328
326;20160112;20160306
38;20210506;20210606
149;20150113;20150312
959;20220714;20220810
65;20111125;20120111
245;20230112;20230208
57;20150113;20150312
411;20130312;20130405
222;20190329;20190425
647;20170420;20170520
15;20211118;20211215
552;20210311;20210407
397;20180108;20180306
837;20190906;20191006
552;20190111;20190307
949;20220224;20220323
407;20250605;20250702
437;20210311;20210407
245;20220616;20220713
423;20200724;20200824
768;20220224;20220323
306;20250828;20250924
591;20191114;20191211
947;20190329;20190425
748;20110617;20110817
770;20180406;20180506
189;20190906;20191006
407;20171106;20171206
425;20160401;20160430
149;20190516;20190613
980;20171207;20180107
802;20211216;20220112
242;20121122;20130111
79;20180906;20181007
57;20220616;20220713
423;20170905;20171004
508;20240523;20240619
211;20190103;20190131
667;20120927;20121121
425;20210715;20210815
250;20180305;20180405
407;20160307;20160331
837;20170420;20170520
997;20260317;20260406
343;20200113;20200305
326;20150113;20150312
454;20110617;20110817
306;20251023;20251116
502;20201210;20210113
57;20250424;20250521
456;20220908;20221005
151;20170420;20170520
55;20170316;20170416
38;20191210;20200110
55;20140423;20140612
138;20120314;20120409
146;20140828;20141028
4;20200724;20200824
586;20240201;20240229
33;20201112;20201209
16;20161007;20161117
312;20170521;20170612
638;20200511;20200611
743;20231102;20231129
142;20160901;20160930
217;20220616;20220713
33;20190906;20191006
303;20170110;20170306
243;20230615;20230712
303;20250703;20250730
815;20110224;20110409
345;20220421;20220518
308;20210408;20210505
962;20230615;20230712
568;20171005;20171105
961;20181112;20181212
303;20190819;20190905
323;20240102;20240131
995;20221006;20221102
197;20250828;20250924
961;20160610;20160710
562;20211021;20211117
284;20210715;20210815
743;20220224;20220323
995;20210816;20210831
338;20150410;20150611
962;20160714;20160815
128;20220421;20220518
217;20200511;20200611
85;20180712;20180812
26;20180108;20180306
459;20220616;20220713
857;20150410;20150611
155;20220519;20220615
586;20160509;20160609
284;20200626;20200723
2;20171106;20171206
303;20210506;20210606
564;20231102;20231129
185;20250102;20250129
995;20110924;20111124
104;20180108;20180306
459;20221103;20221130
403;20210311;20210407
213;20140714;20140813
282;20111125;20120111
586;20190111;20190307
16;20181008;20181108
213;20210408;20210505
586;20210614;20210714
782;20211216;20220112
857;20170420;20170520
338;20230907;20231004
320;20210311;20210407
587;20141029;20141121
67;20210506;20210606
562;20220714;20220810
622;20220714;20220810
303;20220616;20220713
284;20150313;20150409
361;20190819;20190905
359;20221211;20230111
303;20251023;20251116
608;20221006;20221102
857;20190614;20190714
284;20181008;20181108
885;20170110;20170306
14;20231005;20231101
338;20170521;20170612
323;20220324;20220420
20;20161117;20170109
85;20220714;20220810
53;20230713;20230813
782;20180108;20180306
33;20170316;20170416
320;20160401;20160430
568;20180611;20180711
243;20180906;20181007
973;20201210;20210113
568;20220616;20220713
973;20220421;20220518
887;20250424;20250521
323;20220714;20220810
159;20210715;20210815
303;20191210;20200110
4;20190516;20190613
132;20190614;20190714
393;20251023;20251116
308;20230420;20230517
289;20221211;20230111
885;20190906;20191006
155;20190308;20190328
482;20191210;20200110
871;20220224;20220323
618;20161007;20161117
8;20160307;20160331
995;20141122;20150112
42;20190426;20190515
742;20180611;20180711
633;20121122;20130111
4;20200612;20200625
393;20260217;20260316
638;20260217;20260316
2;20231130;20240101
563;20180507;20180611
35;20191007;20191107
919;20200825;20200909
640;20171005;20171105
393;20210901;20210922
154;20190329;20190425
904;20201112;20201209
142;20201210;20210113
21;20190819;20190905
338;20190614;20190714
92;20231130;20240101
885;20210614;20210714
871;20160714;20160815
104;20231005;20231101
2;20160112;20160306
912;20220224;20220323
961;20191007;20191107
345;20150113;20150312
217;20160112;20160306
961;20250703;20250730
32;20260217;20260316
289;20151009;20151117
617;20231005;20231101
217;20210311;20210407
187;20190329;20190425
153;20250424;20250521
93;20201210;20210113
282;20170905;20171004
35;20201008;20201108
625;20180712;20180812
459;20240718;20240813
243;20160112;20160306
323;20220519;20220615
403;20210901;20210922
960;20190614;20190714
960;20110224;20110409
159;20200511;20200611
338;20120927;20121121
33;20250102;20250129
995;20250703;20250730
562;20140828;20141028
680;20150313;20150409
26;20150901;20151008
213;20211216;20220112
35;20190516;20190613
961;20171106;20171206
128;20201210;20210113
132;20250703;20250730
995;20250731;20250827
756;20140828;20141028
338;20220519;20220615
973;20211118;20211215
217;20201210;20210113
618;20200626;20200723
92;20180406;20180506
714;20221103;20221130
953;20250703;20250730
563;20160817;20160831
197;20190308;20190328
21;20210715;20210815
782;20160714;20160815
345;20250424;20250521
68;20241010;20241106
617;20190715;20190815
4;20120410;20120612
638;20150113;20150312
431;20140828;20141028
282;20141029;20141121
701;20170316;20170416
875;20191114;20191211
871;20241205;20250101
586;20110104;20110111
939;20170316;20170416
338;20110617;20110817
217;20220811;20220907
807;20140613;20140713
253;20220224;20220323
431;20151009;20151117
78;20220714;20220810
33;20250424;20250521
253;20120613;20120816
50;20160901;20160930
482;20211021;20211117
973;20220324;20220420
345;20180611;20180711
128;20190516;20190613
617;20140116;20140321
4;20180611;20180711
243;20120410;20120612
67;20180108;20180303
962;20241205;20250101
16;20210614;20210714
431;20221006;20221102
912;20230420;20230517
197;20151009;20151117
660;20210408;20210505
191;20260317;20260406
272;20241107;20241204
617;20180906;20181007
841;20200724;20200824
857;20190329;20190425
51;20210311;20210407
803;20180903;20181003
361;20170905;20171004
102;20150113;20150312
714;20140116;20140321
68;20191007;20191107
191;20231005;20231101
995;20160307;20160331
775;20161007;20161117
32;20220224;20220323
51;20170905;20171004
303;20160112;20160306
16;20200626;20200723
885;20201112;20201209
995;20151009;20151117
811;20220224;20220323
33;20160401;20160430
33;20251023;20251116
303;20170817;20170904
782;20200324;20200414
995;20241107;20241204
756;20220224;20220323
960;20140828;20141028
361;20170316;20170416
16;20240718;20240813
617;20250424;20250521
213;20181008;20181108
22;20180507;20180611
92;20200724;20200824
191;20251201;20251231
586;20211216;20220112
35;20181008;20181108
282;20180611;20180711
640;20130819;20130919
625;20190516;20190613
815;20170714;20170814
815;20160509;20160609
197;20251023;20251116
16;20110224;20110409
14;20211216;20220112
871;20220421;20220518
961;20250327;20250423
323;20230713;20230813
51;20220519;20220615
904;20190715;20190815
282;20250102;20250129
608;20190725;20190828
742;20231102;20231129
128;20220616;20220713
782;20190715;20190815
562;20200511;20200611
308;20241205;20250101
841;20200612;20200625
26;20160112;20160306
272;20240327;20240424
26;20190516;20190613
594;20230314;20230326
213;20250327;20250423
338;20200626;20200723
912;20151118;20160110
690;20241010;20241106
213;20230814;20230906
775;20221211;20230111
202;20150113;20150312
680;20140322;20140422
782;20181213;20190110
659;20210901;20210922
289;20180108;20180303
243;20230112;20230208
431;20150818;20150831
660;20220616;20220713
213;20251201;20251231
92;20220421;20220518
132;20220519;20220615
197;20211216;20220112
67;20190516;20190613
973;20190819;20190905
855;20220616;20220713
92;20140828;20141028
714;20230615;20230712
564;20190906;20191006
961;20170521;20170612
272;20171005;20171105
646;20140828;20141028
8;20230309;20230419
953;20220224;20220323
459;20240912;20241009
102;20190329;20190425
253;20190329;20190425
594;20200324;20200414
320;20170316;20170416
93;20120613;20120816
586;20191007;20191107
459;20171207;20180107
345;20180906;20181007
995;20260107;20260216
887;20251023;20251116
187;20200626;20200723
33;20130614;20130816
680;20201008;20201108
995;20170714;20170814
213;20190614;20190714
625;20170316;20170416
320;20170905;20171004
345;20210901;20210922
995;20240425;20240522
403;20251023;20251116
960;20221006;20221102
93;20140714;20140813
338;20210614;20210714
811;20211021;20211117
93;20161007;20161117
811;20110617;20110817
104;20240620;20240717
775;20240327;20240424
775;20190906;20191006
217;20180906;20181007
875;20211118;20211215
807;20150410;20150611
811;20141029;20141121
308;20200306;20200323
33;20190111;20190307
617;20250102;20250129
345;20220811;20220907
32;20211021;20211117
912;20180906;20181007
53;20240201;20240229
187;20220616;20220713
646;20120112;20120313
272;20190715;20190815
885;20161007;20161117
53;20180406;20180506
659;20190614;20190714
638;20181213;20190110
742;20220224;20220323
18;20210901;20210922
361;20190516;20190613
102;20210614;20210714
78;20190308;20190328
995;20241205;20250101
191;20190516;20190613
756;20220908;20221005
782;20250227;20250323
204;20201210;20210113
279;20210211;20210310
338;20150717;20150817
284;20140714;20140813
618;20231005;20231101
646;20190426;20190515
303;20171106;20171206
586;20181213;20190110
962;20220421;20220518
128;20230214;20230314
213;20180611;20180711
403;20221006;20221102
586;20221006;20221102
312;20231102;20231129
289;20140116;20140321
303;20150113;20150312
202;20180406;20180506
756;20200324;20200414
622;20200511;20200611
714;20201112;20201209
586;20160610;20160710
960;20200626;20200723
893;20220421;20220518
772;20140613;20140713
308;20240425;20240522
2;20170110;20170306
33;20250703;20250730
401;20180108;20180306
811;20171207;20180107
303;20180406;20180506
323;20191007;20191107
611;20200626;20200723
50;20170613;20170713
102;20200626;20200723
811;20121122;20130111
204;20201008;20201111
586;20180406;20180506
756;20260217;20260316
459;20220224;20220323
841;20190819;20190905
912;20190906;20191006
887;20190715;20190815
78;20161117;20170109
104;20170521;20170612
217;20201008;20201108
102;20170521;20170612
323;20210816;20210831
21;20190111;20190307
262;20160610;20160710
102;20170110;20170306
701;20230420;20230517
640;20200626;20200723
68;20170905;20171004
26;20140322;20140422
2;20260217;20260316
26;20160817;20160831
855;20180906;20181007
42;20211216;20220112
640;20120927;20121121
185;20200612;20200625
197;20221006;20221102
153;20170817;20170904
772;20181008;20181108
202;20231005;20231101
26;20210715;20210815
594;20220224;20220323
142;20180305;20180405
197;20180108;20180306
855;20250227;20250323
197;20120613;20120816
289;20221103;20221130
187;20170420;20170520
634;20211021;20211117
701;20250703;20250730
178;20191212;20200115
459;20170316;20170416
243;20221103;20221130
459;20160714;20160815
338;20140818;20140827
53;20210614;20210714
159;20170110;20170306
289;20241205;20250101
128;20250102;20250129
638;20171207;20180107
659;20161007;20161117
459;20130920;20131121
213;20161007;20161117
338;20171207;20180107
272;20231130;20240101
361;20220519;20220615
217;20230814;20230906
68;20210311;20210407
359;20221103;20221130
459;20181112;20181212
563;20110104;20110111
807;20141029;20141121
459;20231005;20231101
919;20191007;20191107
640;20240912;20241009
743;20161007;20161117
716;20250828;20250924
961;20240102;20240131
312;20190614;20190714
617;20240523;20240619
178;20220113;20220223
191;20141029;20141121
855;20230615;20230712
701;20110924;20111124
659;20250424;20250521
282;20180906;20181007
564;20241205;20250101
253;20200324;20200414
742;20161007;20161117
962;20221103;20221130
756;20211021;20211117
108;20130614;20130816
108;20131122;20140115
904;20200113;20200305
919;20220908;20221005
2;20210311;20210407
885;20200306;20200323
33;20170714;20170814
912;20200113;20200305
204;20190131;20190227
33;20240814;20240911
282;20190516;20190613
85;20180507;20180611
345;20160610;20160710
960;20200511;20200611
323;20190614;20190714
940;20180406;20180506
961;20160509;20160609
459;20140828;20141028
338;20190111;20190307
701;20140818;20140827
26;20110828;20110923
482;20200825;20200909
714;20241205;20250101
8;20210614;20210714
803;20220908;20221005
742;20140828;20141028
586;20170110;20170306
253;20130112;20130311
659;20170110;20170306
16;20230907;20231004
953;20221211;20230111
279;20250424;20250521
625;20210311;20210407
132;20130920;20131121
202;20170714;20170814
303;20170521;20170612
559;20141029;20141121
811;20190614;20190714
403;20211216;20220112
4;20121122;20130111
345;20211021;20211117
871;20220616;20220713
14;20161007;20161117
4;20150901;20151008
284;20251023;20251116
893;20191210;20200110
815;20220421;20220518
284;20210506;20210606
272;20180406;20180506
586;20240620;20240717
815;20110104;20110111
885;20250703;20250730
93;20201008;20201108
617;20230214;20230314
159;20241107;20241204
53;20170110;20170306
564;20220421;20220518
622;20191007;20191107
617;20200113;20200305
756;20201008;20201108
940;20200910;20201007
459;20240814;20240911
50;20180507;20180611
202;20211216;20220112
618;20200910;20201007
312;20250703;20250730
961;20190111;20190307
253;20130312;20130405
345;20140116;20140321
594;20121122;20130111
361;20241010;20241106
303;20210114;20210307
564;20230420;20230517
359;20200113;20200305
563;20110224;20110409
345;20180108;20180306
354;20121122;20130111
691;20160817;20160831
743;20190329;20190425
960;20110104;20110111
282;20150313;20150409
660;20190329;20190425
803;20211021;20211117
393;20200511;20200611
323;20251201;20251231
2;20190819;20190905
885;20231102;20231129
16;20150113;20150312
155;20210923;20211020
904;20190111;20190307
155;20220714;20220810
775;20180108;20180303
594;20110112;20110223
594;20120410;20120612
243;20150612;20150716
217;20211021;20211117
775;20200626;20200723
586;20250828;20250924
939;20190715;20190815
775;20190308;20190328
995;20160401;20160430
743;20200113;20200305
4;20110112;20110223
2;20241107;20241204
638;20180712;20180812
187;20170714;20170814
973;20191210;20200110
142;20140116;20140321
132;20240814;20240911
303;20241107;20241204
431;20201210;20210113
887;20240201;20240229
202;20201112;20201209
67;20200511;20200611
92;20251201;20251231
961;20160401;20160430
885;20180406;20180506
857;20181213;20190110
93;20200626;20200723
2;20140322;20140422
622;20111125;20120111
2;20210715;20210815
617;20190426;20190515
187;20150113;20150312
701;20230907;20231004
108;20130112;20130311
42;20201112;20201209
586;20240229;20240326
855;20190906;20191006
284;20191007;20191107
459;20220714;20220810
142;20211021;20211117
16;20180507;20180611
159;20230420;20230517
262;20200626;20200723
26;20221103;20221130
197;20200626;20200723
568;20220908;20221005
586;20170521;20170612
857;20160714;20160815
289;20170420;20170520
815;20211021;20211117
289;20211216;20220112
919;20221006;20221102
459;20170521;20170612
586;20160307;20160331
459;20121122;20130111
912;20161007;20161117
782;20190111;20190307
586;20241010;20241106
940;20201112;20201209
197;20181213;20190110
312;20210408;20210505
338;20200511;20200611
154;20200324;20200414
279;20190425;20190529
323;20211118;20211215
308;20180906;20181007
810;20211021;20211117
213;20110104;20110111
197;20231005;20231101
4;20230615;20230712
197;20181112;20181212
743;20230420;20230517
811;20140714;20140813
586;20180108;20180306
562;20190614;20190714
282;20151009;20151117
92;20170110;20170306
142;20200324;20200414
26;20211118;20211215
811;20210901;20210922
973;20110224;20110409
284;20141029;20141121
478;20211021;20211117
153;20200324;20200414
213;20160509;20160609
197;20180406;20180506
811;20220908;20221005
320;20161117;20170109
85;20211118;20211215
26;20120112;20120313
594;20130920;20131121
961;20240523;20240619
701;20210614;20210714
18;20230214;20230314
659;20220908;20221005
22;20200825;20200909
586;20241107;20241204
960;20200825;20200909
772;20160112;20160306
875;20240425;20240522
714;20210901;20210922
197;20250703;20250730
586;20260107;20260216
4;20180906;20181007
885;20211021;20211117
21;20161117;20170109
104;20230214;20230314
811;20180712;20180812
154;20230615;20230715
282;20190715;20190815
185;20221103;20221130
875;20240229;20240326
912;20210901;20210922
634;20150410;20150611
272;20230615;20230712
303;20240912;20241009
617;20240327;20240424
431;20160817;20160831
875;20230713;20230813
995;20161007;20161117
608;20191212;20200115
961;20160112;20160306
102;20250102;20250129
431;20180507;20180611
782;20190426;20190515
154;20180406;20180506
564;20170110;20170306
159;20250102;20250129
282;20160112;20160306
20;20160901;20160930
303;20171005;20171105
35;20161117;20170109
680;20160401;20160430
857;20230615;20230712
638;20181112;20181212
680;20150612;20150716
973;20120613;20120816
973;20190329;20190425
459;20250327;20250423
803;20200525;20200625
973;20220224;20220323
568;20180108;20180303
68;20190516;20190613
961;20171005;20171105
562;20180507;20180611
810;20211216;20220112
8;20140116;20140321
782;20230214;20230314
289;20200113;20200305
743;20240425;20240522
303;20180108;20180306
608;20220714;20220810
253;20130614;20130816
563;20170714;20170814
21;20220714;20220810
338;20170714;20170814
4;20140828;20141028
563;20200626;20200723
35;20190715;20190815
92;20120826;20120926
289;20170110;20170306
308;20190906;20191006
401;20170714;20170814
459;20220324;20220420
680;20130819;20130919
608;20210923;20211020
953;20210614;20210714
92;20141029;20141121
154;20211216;20220112
478;20201112;20201209
253;20170316;20170416
562;20111125;20120111
202;20170521;20170612
660;20250703;20250730
303;20120927;20121121
159;20210506;20210606
716;20220908;20221005
961;20140828;20141028
213;20160817;20160831
202;20220224;20220323
841;20191007;20191107
108;20180305;20180405
811;20160307;20160331
960;20150818;20150831
42;20180108;20180306
775;20231130;20240101
243;20110828;20110923
716;20200626;20200715
323;20200724;20200824
995;20210715;20210815
155;20181008;20181108
102;20220908;20221005
811;20171106;20171206
857;20160112;20160306
262;20151118;20160110
14;20220616;20220713
638;20220908;20221005
973;20180406;20180506
478;20240912;20241009
969;20141029;20141121
807;20160901;20160930
338;20140613;20140713
961;20130312;20130405
960;20211021;20211117
871;20170110;20170306
217;20120927;20121121
692;20211118;20211215
132;20120613;20120816
345;20160714;20160815
197;20160610;20160710
253;20191210;20200110
213;20220421;20220518
594;20130819;20130919
973;20240912;20241009
51;20170316;20170416
93;20221211;20230111
213;20240814;20240911
50;20200825;20200909
253;20160509;20160609
303;20211021;20211117
810;20200511;20200611
586;20110224;20110409
885;20251023;20251116
841;20180712;20180812
282;20170420;20170520
132;20250828;20250924
14;20241107;20241204
272;20170110;20170306
303;20130112;20130311
887;20190516;20190613
586;20160817;20160831
320;20190516;20190613
338;20170316;20170416
912;20180108;20180303
659;20180906;20181007
159;20201210;20210113
4;20210923;20211020
660;20221211;20230111
459;20111125;20120111
782;20160610;20160710
213;20130614;20130816
857;20240425;20240522
622;20181008;20181108
659;20140828;20141028
811;20140828;20141028
690;20200612;20200625
78;20201008;20201108
716;20210603;20210630
885;20240102;20240131
564;20180108;20180306
995;20250605;20250702
815;20190614;20190714
2;20180406;20180506
919;20200324;20200414
243;20250227;20250323
93;20220421;20220518
289;20161007;20161117
18;20180108;20180306
154;20161007;20161117
893;20201210;20210113
622;20140714;20140813
78;20210311;20210407
197;20190426;20190515
564;20181213;20190110
262;20121122;20130111
108;20180507;20180611
743;20220421;20220518
973;20210901;20210922
253;20201210;20210113
359;20181112;20181212
204;20250828;20250924
185;20250605;20250702
85;20161117;20170109
154;20170817;20170904
775;20220616;20220713
646;20250605;20250702
743;20180906;20181007
50;20241010;20241106
907;20220224;20220323
961;20180108;20180306
743;20180406;20180506
568;20230420;20230517
14;20171005;20171105
185;20160610;20160710
243;20160714;20160815
178;20201008;20201111
660;20190426;20190515
622;20181213;20190110
14;20150901;20151008
354;20151118;20160110
618;20200113;20200305
782;20231130;20240101
155;20200724;20200824
153;20170110;20170306
243;20150901;20151008
660;20160112;20160306
20;20210311;20210407
459;20140322;20140422
756;20151009;20151117
312;20191108;20191208
887;20250227;20250323
939;20180305;20180405
153;20190329;20190425
262;20260217;20260316
33;20241010;20241106
213;20140613;20140713
742;20170420;20170520
359;20200306;20200323
154;20220616;20220713
338;20120314;20120409
594;20140423;20140612
93;20200511;20200611
185;20151009;20151117
756;20181213;20190110
962;20230314;20230326
887;20200511;20200611
960;20140423;20140612
51;20190516;20190613
995;20200910;20201007
701;20230615;20230715
743;20181213;20190110
78;20210715;20210815
586;20150113;20150312
995;20240201;20240229
243;20190516;20190613
594;20210901;20210922
743;20221103;20221130
692;20181130;20181231
4;20260217;20260316
617;20160714;20160815
8;20170521;20170612
284;20220224;20220323
213;20130312;20130405
187;20230713;20230813
33;20240620;20240717
16;20170714;20170814
459;20190614;20190714
128;20221211;20230111
887;20191108;20191208
995;20250102;20250129
16;20160509;20160609
617;20150410;20150611
459;20230814;20230906
716;20210211;20210310
447;20230112;20230208
345;20190111;20190307
953;20190614;20190714
586;20160112;20160306
92;20230112;20230208
308;20170420;20170520
807;20140828;20141028
659;20230615;20230715
775;20250424;20250521
22;20170905;20171004
18;20190614;20190714
253;20210715;20210815
22;20190819;20190905
995;20181112;20181212
563;20201008;20201108
153;20230214;20230314
213;20221103;20221130
303;20130614;20130816
42;20170817;20170904
714;20181112;20181212
33;20141029;20141121
973;20230814;20230906
772;20120314;20120409
35;20210311;20210407
20;20190516;20190613
775;20210311;20210407
2;20181213;20190110
782;20180406;20180506
53;20170817;20170904
482;20210901;20210922
289;20230615;20230712
622;20200626;20200723
142;20200511;20200611
815;20160901;20160930
303;20200724;20200824
459;20180712;20180812
243;20121122;20130111
32;20201008;20201108
284;20220714;20220810
904;20210408;20210505
855;20151118;20160110
401;20220421;20220518
562;20110224;20110409
303;20190111;20190307
714;20190329;20190425
953;20180108;20180306
8;20200113;20200305
68;20190715;20190815
594;20240201;20240229
33;20250327;20250423
204;20210729;20210825
217;20190715;20190815
640;20201008;20201108
308;20220616;20220713
14;20180108;20180306
904;20180108;20180303
359;20171005;20171105
617;20211021;20211117
594;20110828;20110923
961;20180507;20180611
26;20180406;20180506
262;20150113;20150312
586;20130614;20130816
756;20181008;20181108
961;20241107;20241204
33;20140714;20140813
756;20160509;20160609
338;20160509;20160609
85;20201008;20201108
811;20201210;20210113
586;20251023;20251116
562;20150901;20151008
961;20110224;20110409
586;20220908;20221005
2;20110112;20110223
185;20140828;20141028
960;20141029;20141121
154;20250424;20250521
303;20160817;20160831
960;20151118;20160110
359;20231102;20231129
33;20250828;20250924
618;20150113;20150312
638;20160307;20160331
253;20170714;20170814
634;20231102;20231129
93;20190308;20190328
202;20160112;20160306
459;20180611;20180711
312;20240102;20240131
640;20251023;20251116
995;20241010;20241106
756;20200626;20200723
26;20200724;20200824
338;20110104;20110111
51;20180305;20180405
262;20251023;20251116
459;20140714;20140813
885;20230615;20230712
895;20190131;20190227
33;20190614;20190714
742;20181213;20190110
20;20170613;20170713
22;20210311;20210407
272;20200511;20200611
303;20180507;20180611
21;20210506;20210606
714;20210408;20210505
961;20130112;20130311
338;20190308;20190328
33;20180611;20180711
973;20241010;20241106
646;20210311;20210407
159;20230214;20230314
4;20201210;20210113
885;20140116;20140321
586;20140828;20141028
939;20170613;20170713
142;20170714;20170814
33;20240102;20240131
14;20230713;20230813
93;20190715;20190815
586;20130920;20131121
659;20160112;20160306
33;20200724;20200824
617;20180611;20180711
646;20170420;20170520
782;20221211;20230111
811;20150818;20150831
22;20190111;20190307
338;20240425;20240522
312;20240425;20240522
743;20190906;20191006
33;20210901;20210922
401;20230214;20230314
178;20210923;20211020
782;20240201;20240229
939;20210408;20210505
159;20200113;20200305
33;20111125;20120111
973;20250828;20250924
459;20210408;20210505
33;20251201;20251231
213;20250703;20250730
478;20180903;20181003
401;20180611;20180711
142;20141029;20141121
611;20210506;20210606
841;20160901;20160930
680;20230615;20230712
586;20120927;20121121
282;20200724;20200824
345;20160112;20160306
284;20200324;20200414
213;20250424;20250521
217;20230615;20230712
26;20220421;20220518
611;20260217;20260316
93;20150113;20150312
345;20250227;20250323
625;20180507;20180611
42;20230112;20230208
431;20110104;20110111
893;20211021;20211117
92;20111125;20120111
857;20220616;20220713
213;20220811;20220907
586;20220224;20220323
338;20240523;20240619
22;20220519;20220615
961;20170817;20170904
92;20110112;20110223
618;20170714;20170814
35;20190111;20190307
284;20160714;20160815
961;20210614;20210714
8;20230713;20230813
564;20210614;20210714
78;20190819;20190905
67;20250102;20250129
33;20120927;20121121
132;20110617;20110817
887;20210506;20210606
775;20230615;20230712
284;20220908;20221005
634;20180406;20180506
742;20180108;20180303
308;20151009;20151117
18;20210614;20210714
562;20171106;20171206
178;20211118;20211215
253;20151009;20151117
213;20210901;20210922
312;20230615;20230712
92;20170613;20170713
995;20240814;20240911
289;20220616;20220713
154;20210114;20210307
742;20211216;20220112
303;20250828;20250924
253;20150113;20150312
253;20160610;20160710
895;20200626;20200715
33;20170521;20170612
282;20180108;20180303
154;20231005;20231101
973;20170420;20170520
202;20200113;20200305
772;20180507;20180611
16;20190906;20191006
272;20180108;20180306
361;20180507;20180611
742;20200113;20200305
893;20210506;20210606
611;20200511;20200611
262;20171106;20171206
308;20190614;20190714
618;20230112;20230208
312;20181213;20190110
940;20190715;20190815
4;20220113;20220223
756;20120613;20120816
961;20250424;20250521
912;20170110;20170306
857;20250227;20250323
772;20210614;20210714
128;20230420;20230517
185;20210715;20210815
14;20140116;20140321
885;20240425;20240522
68;20160401;20160430
772;20160901;20160930
855;20180611;20180711
459;20201210;20210113
50;20220519;20220615
253;20220908;20221005
690;20220324;20220420
586;20250703;20250730
154;20191108;20191208
213;20140828;20141028
742;20180406;20180506
961;20130614;20130816
815;20150901;20151008
35;20210816;20210831
563;20200825;20200909
53;20150901;20151008
282;20140828;20141028
742;20150410;20150611
659;20210614;20210714
961;20111125;20120111
217;20250227;20250323
21;20200825;20200909
815;20140714;20140813
92;20160401;20160430
272;20191108;20191208
756;20120314;20120409
8;20201112;20201209
634;20220421;20220518
775;20241107;20241204
33;20180712;20180812
622;20171005;20171105
815;20200511;20200611
622;20110224;20110409
659;20200626;20200723
104;20230309;20230419
50;20160401;20160430
289;20180406;20180506
338;20130406;20130613
401;20150113;20150312
104;20140828;20141028
904;20180406;20180506
2;20220421;20220518
132;20120927;20121121
885;20191108;20191208
973;20161007;20161117
680;20171106;20171206
939;20180507;20180611
42;20241107;20241204
178;20220714;20220810
680;20160714;20160815
660;20230314;20230326
153;20211216;20220112
153;20161007;20161117
50;20220714;20220810
807;20110224;20110409
42;20150901;20151008
775;20231005;20231101
154;20241107;20241204
272;20200626;20200723
159;20181112;20181212
359;20180108;20180303
93;20140613;20140713
811;20110104;20110111
32;20221006;20221102
284;20110224;20110409
904;20180611;20180711
2;20230314;20230326
308;20180406;20180506
447;20260317;20260406
132;20240620;20240717
459;20161007;20161117
320;20180507;20180611
617;20240912;20241009
756;20221006;20221102
568;20221211;20230111
782;20210901;20210922
191;20200825;20200909
154;20190906;20191006
973;20250731;20250827
303;20210614;20210714
482;20221006;20221102
197;20170714;20170814
22;20160401;20160430
8;20241107;20241204
586;20250424;20250521
217;20200113;20200305
756;20210311;20210407
53;20171207;20180107
142;20260217;20260316
857;20210614;20210714
108;20171207;20180107
68;20200724;20200824
253;20120314;20120409
772;20170420;20170520
35;20160401;20160430
586;20190426;20190515
622;20190614;20190714
638;20220714;20220810
912;20151009;20151117
393;20201210;20210113
815;20171106;20171206
142;20150313;20150409
815;20180305;20180405
35;20200825;20200909
345;20260217;20260316
961;20120927;20121121
282;20121122;20130111
995;20210901;20210922
638;20201210;20210113
20;20191007;20191107
187;20140116;20140321
185;20150313;20150409
775;20251023;20251116
153;20171207;20180107
625;20210816;20210831
178;20201210;20210113
153;20200910;20201007
187;20200113;20200305
857;20190426;20190515
32;20200324;20200414
995;20171207;20180107
953;20170521;20170612
478;20200716;20200812
2;20211118;20211215
338;20131122;20140115
841;20210715;20210815
361;20160901;20160930
14;20170817;20170904
646;20130312;20130405
282;20160817;20160831
153;20230309;20230419
857;20220224;20220323
197;20190906;20191006
50;20161117;20170109
638;20130112;20130311
8;20191108;20191208
871;20140116;20140321
185;20220616;20220713
782;20180906;20181007
191;20121122;20130111
618;20241107;20241204
904;20180906;20181007
197;20210901;20210922
102;20230214;20230314
197;20240718;20240813
904;20200910;20201007
320;20210816;20210831
213;20190426;20190515
284;20200825;20200909
659;20180406;20180506
338;20230420;20230517
586;20170817;20170904
401;20250102;20250129
323;20160817;20160831
142;20181112;20181212
262;20160714;20160815
680;20200825;20200909
312;20180611;20180711
995;20190111;20190307
93;20220811;20220907
895;20220908;20221005
132;20150410;20150611
213;20210923;20211020
20;20210715;20210815
289;20210901;20210922
586;20180507;20180611
8;20230112;20230208
660;20251023;20251116
680;20230112;20230208
2;20200724;20200824
279;20180430;20180531
345;20190715;20190815
594;20250102;20250129
132;20160307;20160331
594;20160307;20160331
35;20180305;20180405
128;20250227;20250323
857;20201112;20201209
622;20151009;20151117
625;20200612;20200625
939;20190111;20190307
142;20190516;20190613
191;20130312;20130405
2;20180108;20180303
869;20260317;20260406
742;20180906;20181007
638;20171005;20171105
807;20181008;20181108
562;20140714;20140813
962;20210408;20210505
782;20220421;20220518
701;20181008;20181108
887;20160714;20160815
202;20140116;20140321
680;20231130;20240101
659;20170714;20170814
2;20150901;20151008
202;20150901;20151008
912;20231102;20231129
875;20250925;20251022
33;20240912;20241009
775;20180611;20180711
973;20181213;20190110
14;20150113;20150312
638;20210506;20210606
815;20111125;20120111
128;20190906;20191006
568;20170521;20170612
197;20250102;20250129
962;20181112;20181212
919;20211216;20220112
104;20240201;20240229
482;20201008;20201108
197;20160112;20160306
303;20240620;20240717
742;20210901;20210922
692;20210923;20211020
961;20130920;20131121
701;20240814;20240911
586;20171005;20171105
282;20150612;20150716
253;20171005;20171105
202;20180108;20180306
568;20190329;20190425
401;20220908;20221005
191;20160714;20160815
961;20240620;20240717
204;20200326;20200422
93;20250424;20250521
961;20251023;20251116
359;20260317;20260406
142;20210901;20210922
185;20180406;20180506
8;20190906;20191006
961;20220224;20220323
217;20190308;20190328
995;20160509;20160609
253;20210311;20210407
108;20140423;20140612
940;20200113;20200305
33;20140322;20140422
8;20231005;20231101
42;20190329;20190425
92;20230615;20230712
640;20250828;20250924
26;20190715;20190815
323;20181008;20181108
564;20161007;20161117
895;20191114;20191211
743;20170420;20170520
213;20190308;20190328
459;20141029;20141121
961;20190426;20190515
618;20220616;20220713
646;20161007;20161117
92;20180108;20180306
782;20250703;20250730
159;20191108;20191208
68;20180507;20180611
459;20190111;20190307
640;20230214;20230314
640;20110828;20110923
187;20230327;20230419
312;20180906;20181007
756;20210715;20210815
282;20130312;20130405
282;20220616;20220713
939;20200724;20200824
37;20240201;20240229
61;20200116;20200226
54;20180906;20181007
49;20120410;20120612
84;20211118;20211215
30;20190228;20190327
332;20220113;20220223
991;20160509;20160609
526;20180903;20181003
1;20190516;20190613
454;20190614;20190714
632;20251201;20251231
741;20210614;20210714
83;20190308;20190328
38;20130614;20130816
61;20210603;20210630
86;20241107;20241204
1;20191210;20200110
748;20140714;20140813
854;20230214;20230314
610;20200825;20200909
937;20160509;20160609
488;20150612;20150716
189;20150113;20150312
524;20210311;20210407
65;20180611;20180711
12;20220324;20220420
539;20181008;20181108
751;20220421;20220518
867;20181112;20181212
326;20220616;20220713
52;20230615;20230715
414;20210311;20210407
193;20241107;20241204
949;20171005;20171105
732;20211021;20211117
591;20180402;20180429
456;20130614;20130816
242;20220908;20221005
19;20220224;20220323
198;20140116;20140321
667;20130406;20130613
802;20180712;20180812
571;20220616;20220713
696;20231005;20231101
326;20201210;20210113
879;20180406;20180506
732;20211216;20220112
741;20140322;20140422
647;20190614;20190714
65;20170613;20170713
974;20170521;20170612
571;20190906;20191006
54;20210114;20210307
198;20120613;20120816
732;20210408;20210505
19;20151009;20151117
448;20181130;20181231
251;20160901;20160930
24;20231005;20231101
529;20171207;20180107
748;20240718;20240813
15;20181213;20190110
65;20140322;20140422
508;20160901;20160930
423;20180305;20180405
214;20220811;20220907
526;20200116;20200226
38;20160610;20160710
947;20210408;20210505
967;20190329;20190425
667;20171005;20171105
405;20191108;20191208
539;20240912;20241009
60;20201210;20210113
130;20211021;20211117
856;20160817;20160831
867;20250731;20250827
448;20190530;20190626
250;20170905;20171004
83;20190111;20190307
193;20170714;20170814
39;20200626;20200723
937;20140828;20141028
188;20160610;20160710
959;20170316;20170416
571;20160112;20160306
571;20150113;20150312
86;20160307;20160331
858;20180611;20180711
411;20171207;20180107
770;20181213;20190110
79;20220811;20220907
39;20190614;20190714
619;20210715;20210815
251;20180507;20180611
540;20241205;20250101
130;20120613;20120816
189;20250227;20250323
189;20231130;20240101
52;20220224;20220323
997;20240425;20240522
134;20210506;20210606
49;20230112;20230208
419;20161007;20161117
448;20240912;20241009
19;20231130;20240101
843;20200724;20200824
947;20211021;20211117
125;20211021;20211117
38;20130312;20130405
539;20250327;20250423
151;20250828;20250924
879;20210408;20210505
315;20110617;20110817
899;20200113;20200305
997;20180611;20180711
529;20190715;20190815
454;20170316;20170416
591;20250424;20250521
539;20240620;20240717
539;20200724;20200824
245;20180406;20180506
947;20130112;20130311
991;20120826;20120926
146;20230309;20230419
19;20140116;20140321
235;20160901;20160930
39;20171207;20180107
508;20171106;20171206
665;20200612;20200625
283;20160610;20160710
380;20191212;20200115
411;20220908;20221005
405;20250703;20250730
219;20211216;20220112
19;20190906;20191006
283;20180108;20180303
83;20160714;20160815
79;20190715;20190815
456;20180507;20180611
61;20210311;20210407
533;20241010;20241106
193;20191108;20191208
24;20190516;20190613
571;20220811;20220907
653;20221006;20221102
325;20200626;20200715
854;20191108;20191208
242;20120112;20120313
242;20220421;20220518
849;20190308;20190328
24;20160714;20160815
524;20240327;20240424
980;20150113;20150312
419;20230314;20230326
405;20210311;20210407
306;20241205;20250101
979;20250828;20250924
571;20210311;20210407
837;20230420;20230517
54;20190426;20190515
732;20201112;20201209
571;20241010;20241106
325;20210408;20210505
571;20191210;20200110
37;20250102;20250129
948;20140828;20141028
54;20170714;20170814
55;20151118;20160110
949;20250227;20250323
417;20191007;20191107
306;20130112;20130311
937;20170817;20170904
125;20190111;20190307
949;20210614;20210714
103;20210729;20210825
54;20220616;20220713
539;20141029;20141121
768;20220616;20220713
15;20210715;20210815
316;20200724;20200824
326;20171106;20171206
198;20250102;20250129
899;20200825;20200909
937;20240102;20240131
535;20200612;20200625
189;20160112;20160306
235;20190819;20190905
19;20200825;20200909
189;20231005;20231101
188;20210614;20210714
57;20190906;20191006
407;20140322;20140422
55;20220908;20221005
647;20140714;20140813
533;20210506;20210606
46;20220113;20220223
189;20200626;20200723
849;20200324;20200414
456;20110224;20110409
508;20250828;20250924
83;20231130;20240101
863;20200626;20200723
947;20161007;20161117
454;20160509;20160609
57;20230214;20230314
696;20220811;20220907
49;20190715;20190815
222;20210901;20210922
37;20160610;20160710
959;20240620;20240717
854;20250102;20250129
332;20220324;20220420
533;20160401;20160430
37;20150901;20151008
306;20241010;20241106
55;20220224;20220323
83;20210901;20210922
283;20230814;20230906
974;20240102;20240131
79;20201210;20210113
748;20190111;20190307
326;20210901;20210922
979;20171005;20171105
46;20190819;20190905
134;20160714;20160815
751;20121122;20130111
149;20230214;20230314
571;20210901;20210922
508;20210614;20210714
571;20140322;20140422
43;20110104;20110111
770;20180611;20180711
647;20201008;20201108
125;20240620;20240717
967;20111125;20120111
198;20190715;20190815
771;20160112;20160306
245;20170714;20170814
37;20141029;20141121
837;20171005;20171105
552;20190819;20190905
43;20190308;20190328
967;20220714;20220810
134;20191210;20200110
315;20140116;20140321
419;20170420;20170520
894;20190516;20190613
12;20210729;20210825
83;20250227;20250323
529;20210923;20211020
696;20221006;20221102
83;20201210;20210113
419;20220224;20220323
751;20190715;20190815
683;20230615;20230715
647;20250227;20250323
283;20170110;20170306
325;20190425;20190529
748;20190614;20190714
325;20240814;20240911
24;20111125;20120111
60;20250227;20250323
65;20180906;20181007
974;20211216;20220112
30;20251201;20251231
937;20231102;20231129
55;20150113;20150312
193;20220616;20220713
397;20210114;20210307
49;20180108;20180306
768;20230420;20230517
283;20211216;20220112
967;20201210;20210113
460;20181008;20181108
268;20200612;20200625
748;20150717;20150817
448;20180802;20180902
979;20221211;20230111
488;20130614;20130816
571;20200511;20200611
214;20160714;20160815
959;20151118;20160110
947;20250828;20250924
647;20180712;20180812
760;20201210;20210113
937;20210923;20211020
283;20160112;20160306
433;20140714;20140813
193;20240201;20240229
771;20190329;20190425
937;20110104;20110111
454;20150113;20150312
539;20120927;20121121
760;20230314;20230326
802;20191210;20200110
751;20110424;20110616
242;20220616;20220713
364;20151118;20160110
949;20161007;20161117
539;20200626;20200723
948;20190614;20190714
937;20190308;20190328
46;20160610;20160710
37;20180108;20180303
653;20220224;20220323
55;20160817;20160831
407;20241010;20241106
867;20231130;20240101
214;20200825;20200909
456;20140116;20140321
454;20170714;20170814
867;20180108;20180306
899;20231130;20240101
623;20191010;20191113
508;20180507;20180611
751;20160714;20160815
849;20161007;20161117
667;20240620;20240717
528;20160307;20160331
437;20190627;20190724
49;20230314;20230326
854;20140828;20141028
46;20210506;20210606
242;20170420;20170520
683;20150113;20150312
937;20190426;20190515
867;20200910;20201007
86;20220908;20221005
949;20210408;20210505
15;20191007;20191107
524;20150410;20150611
83;20220519;20220615
502;20111125;20120111
528;20210614;20210714
326;20200511;20200611
571;20170110;20170306
61;20200525;20200625
949;20160714;20160815
751;20141029;20141121
49;20150901;20151008
406;20151118;20160110
134;20200825;20200909
508;20160307;20160331
292;20190308;20190328
485;20200113;20200305
219;20240912;20241009
649;20190725;20190828
528;20180108;20180303
198;20171005;20171105
138;20240718;20240813
974;20151118;20160110
529;20240201;20240229
529;20230814;20230906
868;20141029;20141121
283;20140423;20140612
411;20141029;20141121
360;20190725;20190828
57;20200113;20200305
326;20181112;20181212
406;20191210;20200110
524;20180108;20180303
405;20160610;20160710
937;20251023;20251116
138;20170714;20170814
326;20191210;20200110
748;20170521;20170612
653;20211216;20220112
508;20250703;20250730
674;20141029;20141121
947;20170817;20170904
407;20210715;20210815
488;20151009;20151117
268;20210715;20210815
79;20250424;20250521
647;20190906;20191006
437;20190328;20190424
1;20171106;20171206
193;20230615;20230715
488;20180108;20180306
251;20161117;20170109
867;20130614;20130816
849;20190426;20190515
30;20190425;20190529
802;20120314;20120409
760;20210506;20210606
647;20220616;20220713
937;20220908;20221005
149;20190426;20190515
456;20161007;20161117
696;20260217;20260316
837;20200306;20200323
54;20180611;20180711
198;20220224;20220323
130;20151009;20151117
533;20220113;20220223
696;20210311;20210407
770;20210614;20210714
696;20250424;20250521
867;20221103;20221130
529;20231102;20231129
149;20180611;20180711
316;20180507;20180611
315;20160817;20160831
571;20260107;20260216
38;20210901;20210922
979;20190906;20191006
1;20230314;20230326
867;20240102;20240131
55;20190516;20190613
149;20250424;20250521
138;20210614;20210714
198;20230420;20230517
12;20180903;20181003
610;20220224;20220323
502;20160817;20160831
683;20160112;20160306
57;20160714;20160815
571;20170521;20170612
997;20220908;20221005
419;20150410;20150611
19;20250703;20250730
83;20141122;20150112
696;20160401;20160430
485;20161007;20161117
665;20201112;20201209
667;20230907;20231004
591;20200626;20200715
539;20251201;20251231
425;20110617;20110817
650;20230713;20230813
854;20180406;20180506
979;20220616;20220713
693;20150717;20150817
189;20221006;20221102
540;20231102;20231129
552;20170613;20170713
19;20171005;20171105
57;20220224;20220323
571;20250102;20250129
343;20200324;20200414
488;20230713;20230813
425;20191007;20191107
38;20150818;20150831
502;20170316;20170416
751;20221103;20221130
52;20240201;20240229
268;20201210;20210113
235;20210715;20210815
879;20220616;20220713
138;20130112;20130311
306;20151009;20151117
193;20200511;20200611
219;20210603;20210630
268;20190516;20190613
667;20230420;20230517
571;20221103;20221130
488;20141122;20150112
83;20250102;20250129
937;20250703;20250730
61;20220908;20221005
419;20180108;20180306
858;20210114;20210307
539;20111125;20120111
571;20241107;20241204
488;20201112;20201209
533;20210311;20210407
539;20190614;20190714
741;20110224;20110409
937;20210901;20210922
315;20191210;20200110
12;20220616;20220713
899;20240718;20240813
57;20220811;20220907
54;20230713;20230813
198;20250828;20250924
802;20161007;20161117
997;20180906;20181007
214;20250227;20250323
57;20230615;20230712
837;20180406;20180506
417;20160901;20160930
417;20210408;20210505
143;20200825;20200909
405;20210506;20210606
539;20200612;20200625
979;20231130;20240101
193;20150113;20150312
741;20190111;20190307
57;20190516;20190613
854;20170714;20170814
980;20230518;20230614
610;20200324;20200414
61;20211216;20220112
485;20260317;20260406
508;20111125;20120111
52;20220616;20220713
65;20210923;20211020
12;20210311;20210407
899;20230420;20230517
188;20140818;20140827
214;20220616;20220713
198;20240523;20240619
667;20250703;20250730
528;20250102;20250129
332;20170905;20171004
863;20141029;20141121
524;20190906;20191006
947;20160112;20160306
46;20110112;20110223
665;20180108;20180306
456;20171005;20171105
867;20240425;20240522
948;20190426;20190515
524;20120613;20120816
647;20191108;20191208
540;20180108;20180303
508;20180108;20180306
899;20260217;20260316
306;20250327;20250423
411;20160714;20160815
251;20210923;20211020
647;20200626;20200723
535;20260317;20260406
407;20160901;20160930
768;20240523;20240619
623;20190627;20190724
268;20201008;20201108
19;20210311;20210407
529;20260317;20260406
65;20150901;20151008
591;20220908;20221005
306;20240620;20240717
134;20250227;20250323
12;20191114;20191211
843;20251201;20251231
591;20201008;20201111
741;20150717;20150817
417;20210923;20211020
130;20161007;20161117
79;20190426;20190515
83;20260217;20260316
24;20210816;20210831
417;20180712;20180812
326;20241107;20241204
406;20181112;20181212
539;20190516;20190613
325;20180702;20180801
189;20220811;20220907
947;20250227;20250323
242;20130819;20130919
529;20240102;20240131
149;20220616;20220713
529;20210614;20210714
937;20250925;20251022
524;20200626;20200723
867;20211118;20211215
760;20181213;20190110
49;20260317;20260406
433;20151118;20160110
326;20170714;20170814
539;20220113;20220223
539;20180611;20180711
245;20150901;20151008
43;20120613;20120816
619;20210816;20210831
751;20191007;20191107
991;20110924;20111124
937;20210506;20210606
242;20250227;20250323
552;20191007;20191107
937;20130112;20130311
37;20190111;20190307
130;20130819;20130919
19;20140714;20140813
502;20190614;20190714
425;20151118;20160110
306;20140828;20141028
653;20241107;20241204
653;20220811;20220907
683;20240620;20240717
326;20250102;20250129
397;20200612;20200625
760;20220421;20220518
488;20160610;20160710
524;20230615;20230712
57;20200324;20200414
189;20211216;20220112
46;20160112;20160306
326;20170521;20170612
411;20171005;20171105
528;20230327;20230419
245;20241107;20241204
837;20180108;20180306
524;20151009;20151117
188;20240229;20240326
508;20220714;20220810
43;20250703;20250730
83;20240620;20240717
130;20190308;20190328
967;20200511;20200611
948;20220616;20220713
83;20250424;20250521
508;20190819;20190905
60;20120112;20120313
24;20170420;20170520
43;20130112;20130311
84;20191007;20191107
502;20180305;20180405
83;20130614;20130816
959;20230420;20230517
283;20210311;20210407
136;20151118;20160110
647;20210114;20210307
406;20140116;20140321
751;20130312;20130405
315;20160401;20160430
348;20210614;20210714
46;20180108;20180303
315;20161007;20161117
360;20190425;20190529
125;20160817;20160831
348;20260317;20260406
103;20200716;20200812
417;20220324;20220420
19;20250828;20250924
315;20130112;20130311
502;20191210;20200110
49;20171106;20171206
508;20220224;20220323
411;20220421;20220518
696;20220421;20220518
397;20190906;20191006
967;20220421;20220518
947;20181213;20190110
54;20200324;20200414
683;20170521;20170612
60;20210506;20210606
316;20190819;20190905
143;20190516;20190613
407;20250227;20250323
785;20230112;20230208
130;20110112;20110223
55;20171005;20171105
245;20240620;20240717
667;20210901;20210922
751;20181112;20181212
571;20141122;20150112
407;20160401;20160430
125;20240425;20240522
79;20260217;20260316
245;20180108;20180306
222;20190426;20190515
528;20200511;20200611
189;20140423;20140612
49;20180611;20180711
343;20180108;20180306
526;20240425;20240522
894;20180507;20180611
84;20170316;20170416
665;20170905;20171004
79;20201008;20201108
540;20160714;20160815
188;20160817;20160831
245;20230713;20230813
15;20221103;20221130
571;20240620;20240717
143;20241010;20241106
15;20160401;20160430
748;20220714;20220810
540;20190906;20191006
65;20231005;20231101
683;20200626;20200723
856;20170316;20170416
524;20190715;20190815
526;20251201;20251231
43;20110924;20111124
103;20200116;20200226
52;20190329;20190425
433;20170316;20170416
419;20221103;20221130
619;20190715;20190815
460;20220324;20220420
138;20131122;20140115
125;20180611;20180711
326;20120927;20121121
391;20121122;20130111
411;20140828;20141028
189;20250828;20250924
760;20150313;20150409
683;20150901;20151008
454;20160901;20160930
198;20141029;20141121
242;20201008;20201108
856;20171106;20171206
222;20161007;20161117
623;20200626;20200715
134;20210715;20210815
854;20200626;20200723
980;20160509;20160609
425;20211216;20220112
751;20160610;20160710
937;20190819;20190905
879;20250227;20250323
348;20190111;20190307
591;20190228;20190327
437;20200910;20201007
423;20210923;20211020
86;20170420;20170520
540;20211021;20211117
125;20190516;20190613
849;20200113;20200305
189;20170110;20170306
524;20110112;20110223
528;20191108;20191208
149;20201008;20201108
24;20150612;20150716
326;20180108;20180306
343;20220224;20220323
529;20180611;20180711
54;20170420;20170520
1;20110112;20110223
406;20220908;20221005
414;20200626;20200723
306;20250605;20250702
37;20221211;20230111
488;20250327;20250423
508;20260217;20260316
55;20200626;20200723
433;20220224;20220323
46;20150313;20150409
454;20190308;20190328
79;20250227;20250323
251;20190111;20190307
306;20150313;20150409
571;20211021;20211117
696;20190111;20190307
46;20230314;20230326
125;20240102;20240131
332;20190715;20190815
315;20171005;20171105
947;20210114;20210307
529;20240425;20240522
103;20190627;20190724
86;20210614;20210714
49;20170905;20171004
693;20190819;20190905
406;20160610;20160710
43;20160307;20160331
508;20130112;20130311
997;20231102;20231129
60;20260317;20260406
326;20211021;20211117
130;20210311;20210407
125;20150113;20150312
539;20210923;20211020
760;20250102;20250129
39;20150113;20150312
760;20140828;20141028
138;20190614;20190714
222;20220616;20220713
54;20250102;20250129
242;20170110;20170306
397;20210614;20210714
980;20240814;20240911
198;20110828;20110923
771;20161007;20161117
456;20200825;20200909
947;20110104;20110111
59;20151118;20160110
188;20170110;20170306
937;20160307;20160331
768;20240718;20240813
894;20140714;20140813
529;20140828;20141028
43;20120314;20120409
949;20210901;20210922
647;20250731;20250827
130;20220616;20220713
454;20170521;20170612
134;20160112;20160306
571;20180108;20180306
948;20230420;20230517
315;20120314;20120409
949;20181213;20190110
947;20191007;20191107
667;20240425;20240522
326;20160401;20160430
49;20210816;20210831
407;20260107;20260216
528;20190906;20191006
406;20130312;20130405
879;20251023;20251116
343;20171207;20180107
406;20130614;20130816
55;20180507;20180611
802;20110617;20110817
867;20220811;20220907
214;20180611;20180711
947;20160509;20160609
193;20210614;20210714
49;20230615;20230712
696;20200511;20200611
899;20221006;20221102
268;20221103;20221130
948;20210408;20210505
315;20110224;20110409
571;20180507;20180611
19;20210506;20210606
46;20130819;20130919
143;20210408;20210505
149;20240912;20241009
405;20240523;20240619
508;20110924;20111124
83;20170316;20170416
948;20240102;20240131
948;20181112;20181212
526;20220113;20220223
326;20240620;20240717
125;20220908;20221005
454;20130614;20130816
741;20171106;20171206
146;20170817;20170904
524;20200113;20200305
949;20170110;20170306
508;20220519;20220615
1;20220113;20220223
326;20240523;20240619
760;20181112;20181212
38;20141029;20141121
138;20190111;20190307
283;20231130;20240101
760;20180406;20180506
407;20220224;20220323
863;20250327;20250423
46;20170420;20170520
222;20250703;20250730
947;20250703;20250730
407;20201112;20201209
306;20130614;20130816
43;20230518;20230614
37;20201008;20201108
125;20200511;20200611
647;20241205;20250101
414;20210901;20210922
508;20170817;20170904
528;20230713;20230813
748;20170316;20170416
535;20220113;20220223
751;20150313;20150409
325;20250703;20250730
274;20220324;20220420
768;20190906;20191006
879;20211021;20211117
79;20240912;20241009
508;20200511;20200611
974;20231102;20231129
38;20140714;20140813
326;20161007;20161117
193;20200626;20200723
979;20210901;20210922
38;20190614;20190714
315;20120613;20120816
306;20190426;20190515
508;20160401;20160430
149;20120927;20121121
83;20151009;20151117
440;20151009;20151117
326;20190111;20190307
61;20181130;20181231
771;20181213;20190110
326;20201008;20201108
149;20220224;20220323
425;20161007;20161117
407;20141122;20150112
460;20210715;20210815
837;20240102;20240131
49;20220616;20220713
937;20181008;20181108
332;20211118;20211215
948;20220908;20221005
49;20200825;20200909
696;20180108;20180306
647;20221103;20221130
15;20110112;20110223
529;20220714;20220810
899;20181213;20190110
949;20180906;20181007
57;20240201;20240229
222;20221103;20221130
454;20240718;20240813
419;20220421;20220518
867;20180406;20180506
130;20140714;20140813
650;20190228;20190327
1;20110828;20110923
55;20191210;20200110
524;20251023;20251116
242;20191210;20200110
849;20180108;20180303
84;20210311;20210407
125;20181112;20181212
83;20231005;20231101
189;20181213;20190110
306;20170110;20170306
771;20211216;20220112
619;20200612;20200625
454;20120927;20121121
55;20190614;20190714
411;20140714;20140813
65;20130819;20130919
406;20220224;20220323
456;20190614;20190714
130;20241107;20241204
621;20230112;20230208
419;20171005;20171105
696;20140116;20140321
326;20180507;20180611
949;20180406;20180506
524;20241107;20241204
867;20190516;20190613
407;20240620;20240717
250;20210506;20210606
39;20231005;20231101
967;20180305;20180405
83;20161007;20161117
696;20200626;20200723
460;20210311;20210407
235;20200825;20200909
83;20190516;20190613
967;20150901;20151008
134;20191007;20191107
751;20220113;20220223
292;20251201;20251231
854;20190329;20190425
406;20171005;20171105
802;20150901;20151008
49;20140828;20141028
306;20250424;20250521
188;20140613;20140713
423;20190308;20190328
193;20150901;20151008
193;20140116;20140321
125;20180406;20180506
43;20171005;20171105
283;20190715;20190815
867;20231005;20231101
315;20191007;20191107
411;20110617;20110817
837;20221103;20221130
858;20170420;20170520
849;20190906;20191006
751;20180906;20181007
947;20240229;20240326
407;20220519;20220615
947;20191210;20200110
24;20110112;20110223
650;20190103;20190131
696;20150901;20151008
485;20200306;20200323
49;20110112;20110223
188;20180108;20180306
979;20230814;20230906
526;20190627;20190724
60;20210715;20210815
60;20210311;20210407
571;20201008;20201108
19;20120613;20120816
947;20210901;20210922
456;20140714;20140813
974;20221211;20230111
650;20210211;20210310
149;20120613;20120816
796;20130312;20130405
959;20160307;20160331
39;20230713;20230813
250;20170316;20170416
138;20200324;20200414
163;20121122;20130111
37;20180406;20180506
411;20180712;20180812
899;20190516;20190613
57;20230814;20230906
947;20160610;20160710
406;20150113;20150312
433;20220714;20220810
306;20240201;20240229
15;20180406;20180506
360;20201210;20210113
411;20160610;20160710
125;20250731;20250827
65;20240201;20240229
867;20151009;20151117
508;20141122;20150112
837;20230314;20230326
198;20180406;20180506
12;20211021;20211117
242;20180108;20180303
947;20220908;20221005
894;20190111;20190307
283;20140613;20140713
485;20190614;20190714
696;20240912;20241009
242;20160610;20160710
540;20221103;20221130
146;20160112;20160306
143;20180305;20180405
57;20170110;20170306
741;20191007;20191107
250;20220324;20220420
283;20180406;20180506
143;20170905;20171004
665;20220113;20220223
407;20220714;20220810
407;20260217;20260316
198;20150901;20151008
539;20181112;20181212
539;20170316;20170416
283;20190111;20190307
879;20180611;20180711
854;20170110;20170306
30;20180430;20180531
771;20240102;20240131
103;20200525;20200625
419;20190426;20190515
15;20230112;20230208
49;20231130;20240101
667;20200511;20200611
24;20210311;20210407
771;20180406;20180506
15;20170613;20170713
653;20180406;20180506
60;20220616;20220713
138;20150410;20150611
667;20160509;20160609
571;20190111;20190307
948;20210901;20210922
768;20171005;20171105
696;20250227;20250323
665;20210923;20211020
770;20250703;20250730
959;20240523;20240619
1;20211118;20211215
189;20180406;20180506
849;20190715;20190815
508;20190906;20191006
188;20250327;20250423
222;20190906;20191006
854;20210614;20210714
696;20160714;20160815
138;20140714;20140813
539;20151118;20160110
529;20210506;20210606
894;20150717;20150817
974;20160112;20160306
130;20180611;20180711
937;20260317;20260406
632;20220519;20220615
83;20250327;20250423
198;20181213;20190110
306;20200724;20200824
433;20121122;20130111
529;20250925;20251022
222;20180406;20180506
49;20210506;20210606
332;20200612;20200625
397;20201112;20201209
49;20260217;20260316
54;20220224;20220323
539;20190329;20190425
423;20211118;20211215
60;20230615;20230712
508;20231130;20240101
57;20201210;20210113
539;20160509;20160609
86;20180611;20180711
770;20170420;20170520
407;20231102;20231129
149;20171005;20171105
508;20250731;20250827
959;20181008;20181108
60;20201008;20201108
974;20140828;20141028
149;20241107;20241204
524;20250227;20250323
283;20221006;20221102
125;20220421;20220518
315;20210715;20210815
138;20140818;20140827
508;20210114;20210307
524;20230420;20230517
37;20150113;20150312
306;20170714;20170814
997;20221211;20230111
539;20240814;20240911
37;20190715;20190815
768;20240327;20240424
899;20181112;20181212
433;20200324;20200414
242;20260317;20260406
49;20210923;20211020
696;20231130;20240101
947;20231005;20231101
502;20151009;20151117
274;20251201;20251231
306;20160509;20160609
405;20190308;20190328
54;20180108;20180303
653;20181213;20190110
460;20191007;20191107
316;20170316;20170416
49;20110828;20110923
508;20210311;20210407
46;20220908;20221005
974;20200306;20200323
667;20151118;20160110
524;20210506;20210606
306;20220421;20220518
235;20190111;20190307
863;20170110;20170306
37;20240523;20240619
948;20180906;20181007
948;20170521;20170612
949;20181112;20181212
529;20220113;20220223
146;20191108;20191208
306;20240229;20240326
332;20190308;20190328
242;20221103;20221130
54;20190329;20190425
552;20210816;20210831
60;20170420;20170520
974;20220421;20220518
242;20190819;20190905
843;20190819;20190905
529;20201210;20210113
624;20151118;20160110
980;20230615;20230715
539;20250102;20250129
60;20250605;20250702
571;20250227;20250323
526;20210408;20210505
423;20241010;20241106
79;20200511;20200611
149;20240327;20240424
540;20260317;20260406
937;20201008;20201108
770;20200306;20200323
306;20191007;20191107
326;20210614;20210714
696;20191108;20191208
134;20190516;20190613
879;20191108;20191208
57;20181112;20181212
948;20180611;20180711
306;20110104;20110111
879;20160112;20160306
306;20220908;20221005
524;20160714;20160815
86;20200626;20200723
103;20190328;20190424
591;20190627;20190724
425;20110224;20110409
947;20240718;20240813
419;20220616;20220713
84;20210715;20210815
125;20240523;20240619
268;20190715;20190815
138;20110924;20111124
125;20151118;20160110
242;20151009;20151117
518;20150313;20150409
456;20210311;20210407
425;20190329;20190425
360;20221006;20221102
130;20180406;20180506
619;20160901;20160930
149;20180108;20180306
508;20190111;20190307
974;20220908;20221005
423;20190819;20190905
222;20200113;20200305
508;20240229;20240326
433;20210506;20210606
508;20160112;20160306
49;20201210;20210113
405;20200113;20200305
332;20201008;20201108
937;20140322;20140422
748;20130406;20130613
937;20151009;20151117
134;20160817;20160831
526;20201210;20210113
456;20191007;20191107
198;20140714;20140813
843;20220324;20220420
37;20250703;20250730
130;20160112;20160306
125;20160509;20160609
146;20200626;20200723
647;20211118;20211215
528;20210901;20210922
771;20170110;20170306
419;20230420;20230517
306;20180712;20180812
283;20220421;20220518
283;20190906;20191006
979;20211216;20220112
83;20240814;20240911
15;20250605;20250702
979;20181213;20190110
667;20180712;20180812
211;20230713;20230813
306;20221006;20221102
751;20180611;20180711
802;20120613;20120816
125;20170316;20170416
306;20201210;20210113
380;20190103;20190131
741;20160901;20160930
770;20240102;20240131
751;20240201;20240229
454;20250703;20250730
433;20160714;20160815
130;20231130;20240101
306;20240814;20240911
405;20240327;20240424
37;20210715;20210815
423;20220113;20220223
86;20190906;20191006
306;20130920;20131121
60;20190819;20190905
760;20220616;20220713
533;20200825;20200909
316;20160401;20160430
419;20210901;20210922
19;20240912;20241009
837;20260317;20260406
591;20260317;20260406
653;20240912;20241009
397;20190715;20190815
38;20110617;20110817
198;20140423;20140612
65;20110828;20110923
508;20191108;20191208
55;20151009;20151117
683;20140116;20140321
219;20220616;20220713
619;20180507;20180611
899;20180108;20180303
539;20241010;20241106
748;20120314;20120409
748;20240425;20240522
198;20110112;20110223
316;20210506;20210606
419;20180406;20180506
456;20171106;20171206
15;20191210;20200110
79;20200626;20200723
619;20161117;20170109
193;20170521;20170612
849;20220224;20220323
854;20230309;20230419
802;20160714;20160815
760;20210715;20210815
125;20110104;20110111
867;20120613;20120816
283;20250703;20250730
30;20210408;20210505
189;20230814;20230906
306;20220324;20220420
508;20241107;20241204
198;20180611;20180711
524;20141029;20141121
967;20161007;20161117
696;20120112;20120313
43;20161007;20161117
937;20170613;20170713
425;20200825;20200909
414;20191210;20200110
894;20180305;20180405
732;20230214;20230314
849;20220616;20220713
997;20180108;20180303
283;20140116;20140321
937;20210114;20210307
653;20230814;20230906
250;20220113;20220223
189;20161007;20161117
405;20231005;20231101
268;20230615;20230712
770;20231102;20231129
647;20250828;20250924
802;20181213;20190110
19;20201210;20210113
214;20210901;20210922
770;20140828;20141028
83;20200910;20201007
188;20200612;20200625
24;20160401;20160430
130;20230615;20230712
24;20210506;20210606
407;20190111;20190307
879;20221103;20221130
315;20211216;20220112
79;20190516;20190613
524;20160401;20160430
610;20210901;20210922
83;20141029;20141121
653;20200324;20200414
665;20180906;20181007
665;20190906;20191006
49;20160401;20160430
650;20180402;20180429
407;20231130;20240101
751;20170613;20170713
849;20231005;20231101
854;20170420;20170520
508;20240425;20240522
770;20151009;20151117
947;20241010;20241106
316;20220113;20220223
937;20210311;20210407
134;20170420;20170520
552;20180507;20180611
654;20170316;20170416
83;20150113;20150312
86;20191108;20191208
414;20201210;20210113
283;20260217;20260316
858;20180108;20180303
245;20190614;20190714
130;20190906;20191006
326;20231102;20231129
189;20160714;20160815
406;20170714;20170814
796;20160509;20160609
524;20150901;20151008
130;20191108;20191208
605;20121122;20130111
610;20201210;20210113
949;20220421;20220518
647;20230814;20230906
189;20240912;20241009
348;20191108;20191208
332;20180507;20180611
979;20201008;20201108
770;20221211;20230111
785;20260317;20260406
125;20161007;20161117
15;20110424;20110616
665;20210114;20210307
130;20250227;20250323
937;20210715;20210815
138;20110617;20110817
974;20171005;20171105
37;20210311;20210407
198;20180906;20181007
245;20160112;20160306
15;20120826;20120926
433;20190329;20190425
760;20160817;20160831
283;20220616;20220713
419;20140828;20141028
937;20190906;20191006
15;20241107;20241204
55;20140714;20140813
979;20250102;20250129
947;20190819;20190905
198;20160401;20160430
867;20240814;20240911
134;20150313;20150409
65;20220421;20220518
974;20180108;20180306
19;20190516;20190613
647;20190329;20190425
245;20180611;20180711
189;20120613;20120816
43;20190906;20191006
57;20141029;20141121
539;20210506;20210606
407;20230814;20230906
326;20130312;20130405
146;20170420;20170520
348;20200113;20200305
980;20120613;20120816
526;20230713;20230813
771;20181112;20181212
667;20220519;20220615
632;20190308;20190328
163;20130312;20130405
406;20211021;20211117
760;20160112;20160306
103;20220324;20220420
343;20180611;20180711
802;20190329;20190425
405;20240718;20240813
529;20190516;20190613
222;20251023;20251116
653;20161007;20161117
696;20150410;20150611
425;20120314;20120409
425;20220908;20221005
425;20200324;20200414
732;20190426;20190515
947;20170613;20170713
979;20240201;20240229
508;20251023;20251116
83;20190329;20190425
650;20200626;20200715
849;20180611;20180711
84;20160901;20160930
529;20250731;20250827
83;20181213;20190110
867;20221006;20221102
748;20230420;20230517
30;20230713;20230813
748;20230713;20230813
268;20191210;20200110
315;20150313;20150409
419;20221211;20230111
967;20220224;20220323
37;20230214;20230314
250;20190516;20190613
130;20250424;20250521
30;20221103;20221130
83;20160610;20160710
130;20200511;20200611
949;20220908;20221005
315;20221006;20221102
419;20250227;20250323
980;20140423;20140612
448;20250605;20250702
980;20120314;20120409
867;20150113;20150312
539;20200511;20200611
125;20240201;20240229
125;20201210;20210113
854;20200324;20200414
732;20250102;20250129
440;20120314;20120409
529;20170316;20170416
997;20190329;20190425
83;20180406;20180506
235;20161117;20170109
653;20190516;20190613
732;20221211;20230111
38;20121122;20130111
306;20161007;20161117
751;20251201;20251231
219;20181130;20181231
425;20120613;20120816
665;20191108;20191208
647;20141122;20150112
283;20241107;20241204
15;20190819;20190905
391;20130312;20130405
732;20231102;20231129
760;20191007;20191107
849;20240718;20240813
130;20260217;20260316
751;20210923;20211020
65;20211118;20211215
138;20140116;20140321
214;20150901;20151008
245;20250424;20250521
460;20220714;20220810
947;20180406;20180506
306;20160817;20160831
535;20210614;20210714
15;20120410;20120612
837;20240425;20240522
774;20190329;20190425
184;20180305;20180405
616;20201008;20201108
107;20180611;20180711
765;20241205;20250101
988;20240201;20240229
553;20210506;20210606
286;20180906;20181007
337;20210614;20210714
715;20110224;20110409
271;20211118;20211215
175;20230713;20230813
457;20241010;20241106
536;20220908;20221005
476;20250424;20250521
107;20190516;20190613
266;20260317;20260406
787;20181112;20181212
257;20230713;20230813
296;20190906;20191006
606;20160401;20160430
3;20170905;20171004
453;20211216;20220112
127;20160901;20160930
595;20120826;20120926
70;20210816;20210831
816;20210614;20210714
216;20110224;20110409
170;20250327;20250423
816;20250424;20250521
964;20200825;20200909
629;20150901;20151008
441;20180108;20180306
543;20180507;20180611
453;20220324;20220420
545;20221103;20221130
378;20130312;20130405
584;20150313;20150409
296;20250227;20250323
449;20160610;20160710
494;20171207;20180107
10;20240523;20240619
596;20190906;20191006
430;20110617;20110817
336;20130614;20130816
955;20160610;20160710
486;20181213;20190110
774;20211021;20211117
212;20200825;20200909
834;20200825;20200909
34;20170521;20170612
906;20151118;20160110
712;20220714;20220810
476;20140423;20140612
838;20211216;20220112
553;20210311;20210407
551;20160112;20160306
186;20200612;20200625
453;20181213;20190110
715;20180305;20180405
390;20120826;20120926
543;20160307;20160331
585;20210311;20210407
387;20260217;20260316
476;20250102;20250129
337;20211021;20211117
801;20181112;20181212
170;20161007;20161117
378;20181213;20190110
543;20201008;20201108
271;20190111;20190307
106;20120826;20120926
302;20190329;20190425
762;20160307;20160331
5;20160714;20160815
988;20181213;20190110
302;20140116;20140321
290;20180108;20180306
553;20170110;20170306
418;20220908;20221005
290;20170521;20170612
681;20240201;20240229
186;20180108;20180303
72;20231130;20240101
822;20200612;20200625
988;20200113;20200305
715;20240620;20240717
441;20130312;20130405
387;20250424;20250521
286;20231130;20240101
286;20170714;20170814
387;20130614;20130816
712;20210114;20210307
585;20250703;20250730
545;20240425;20240522
787;20220714;20220810
184;20190329;20190425
216;20130920;20131121
553;20240201;20240229
286;20200113;20200305
441;20130614;20130816
335;20220519;20220615
606;20180108;20180303
302;20150612;20150716
98;20230814;20230906
712;20170905;20171004
302;20160307;20160331
186;20220421;20220518
630;20160714;20160815
98;20251023;20251116
335;20190819;20190905
584;20201008;20201108
377;20130112;20130311
472;20251201;20251231
596;20170521;20170612
762;20250102;20250129
681;20250102;20250129
34;20231130;20240101
955;20180108;20180303
494;20121122;20130111
606;20170110;20170306
711;20250424;20250521
106;20150313;20150409
266;20211118;20211215
616;20120112;20120313
483;20210614;20210714
801;20181213;20190110
629;20180611;20180711
753;20221006;20221102
34;20160112;20160306
186;20151009;20151117
712;20220324;20220420
336;20160610;20160710
681;20211216;20220112
453;20170521;20170612
257;20191010;20191113
175;20200910;20201007
377;20151118;20160110
929;20130312;20130405
715;20120927;20121121
630;20200324;20200414
606;20230713;20230813
988;20170714;20170814
476;20140714;20140813
324;20220519;20220615
418;20150113;20150312
266;20110924;20111124
506;20130614;20130816
72;20160112;20160306
337;20110924;20111124
430;20130112;20130311
799;20181112;20181212
175;20241107;20241204
946;20190715;20190815
494;20180507;20180611
27;20200626;20200723
453;20180406;20180506
536;20191114;20191211
278;20171106;20171206
545;20150410;20150611
471;20141029;20141121
838;20190614;20190714
706;20190725;20190828
543;20130112;20130311
584;20220421;20220518
787;20200626;20200723
506;20170316;20170416
337;20211216;20220112
430;20160610;20160710
34;20171106;20171206
983;20180406;20180506
170;20110104;20110111
670;20200626;20200723
585;20230420;20230517
544;20210816;20210831
834;20171005;20171105
712;20231005;20231101
290;20220421;20220518
467;20190614;20190714
616;20170420;20170520
335;20210506;20210606
377;20210614;20210714
897;20151118;20160110
629;20170905;20171004
915;20220908;20221005
336;20141029;20141121
924;20200116;20200226
377;20230713;20230813
337;20160307;20160331
5;20220616;20220713
266;20250424;20250521
27;20220908;20221005
236;20230309;20230419
593;20190614;20190714
337;20231005;20231101
106;20151009;20151117
337;20111125;20120111
630;20171106;20171206
266;20130112;20130311
929;20211021;20211117
988;20201210;20210113
337;20250703;20250730
486;20230112;20230208
72;20181213;20190110
822;20140828;20141028
5;20200825;20200909
378;20150113;20150312
72;20170521;20170612
6;20181213;20190110
337;20180108;20180306
946;20200910;20201007
762;20180108;20180303
257;20221006;20221102
506;20190614;20190714
266;20191210;20200110
988;20220421;20220518
545;20170110;20170306
175;20160307;20160331
558;20201210;20210113
302;20191007;20191107
816;20240201;20240229
441;20220616;20220713
753;20240523;20240619
596;20161007;20161117
6;20160714;20160815
616;20210311;20210407
834;20210715;20210815
906;20250828;20250924
387;20260317;20260406
536;20180903;20181003
715;20120613;20120816
337;20130112;20130311
711;20160610;20160710
6;20171106;20171206
715;20110104;20110111
170;20160509;20160609
387;20230814;20230906
271;20191007;20191107
175;20211216;20220112
915;20191007;20191107
378;20140828;20141028
453;20211021;20211117
302;20181112;20181212
906;20160307;20160331
34;20160714;20160815
593;20111125;20120111
765;20251023;20251116
558;20190426;20190515
377;20230907;20231004
337;20260217;20260316
107;20210901;20210922
302;20221006;20221102
34;20181213;20190110
494;20200511;20200611
157;20220113;20220223
801;20220224;20220323
184;20160817;20160831
252;20190426;20190515
584;20190715;20190815
449;20191210;20200110
467;20210901;20210922
486;20160401;20160430
476;20140116;20140321
630;20150113;20150312
10;20210901;20210922
670;20211021;20211117
430;20211021;20211117
430;20130312;20130405
10;20180611;20180711
506;20141029;20141121
170;20240814;20240911
784;20171207;20180107
506;20140423;20140612
593;20140714;20140813
681;20230327;20230419
123;20190516;20190613
536;20190228;20190327
377;20150410;20150611
34;20180406;20180506
964;20170110;20170306
494;20111125;20120111
715;20170316;20170416
266;20210506;20210606
784;20160714;20160815
216;20120613;20120816
72;20190308;20190328
784;20200324;20200414
551;20241205;20250101
670;20171106;20171206
324;20210816;20210831
377;20250828;20250924
761;20181008;20181108
106;20160714;20160815
302;20220908;20221005
467;20191007;20191107
476;20250703;20250730
377;20171207;20180107
266;20251023;20251116
278;20170316;20170416
670;20151118;20160110
212;20250227;20250323
666;20240814;20240911
838;20170420;20170520
27;20180108;20180303
34;20120613;20120816
585;20240718;20240813
453;20150313;20150409
629;20221103;20221130
955;20231005;20231101
486;20150612;20150716
427;20170613;20170713
64;20210408;20210505
453;20130920;20131121
670;20160714;20160815
441;20240201;20240229
157;20210701;20210728
712;20181008;20181108
337;20220224;20220323
929;20200511;20200611
834;20210311;20210407
107;20250424;20250521
184;20150113;20150312
390;20231130;20240101
453;20190308;20190328
838;20210408;20210505
467;20160610;20160710
161;20211021;20211117
357;20230420;20230517
483;20110924;20111124
666;20181008;20181108
357;20151118;20160110
838;20230420;20230517
596;20140613;20140713
271;20210506;20210606
753;20240718;20240813
252;20230615;20230712
357;20180611;20180711
206;20220714;20220810
715;20220324;20220420
595;20130312;20130405
186;20120410;20120612
596;20190308;20190328
3;20250102;20250129
486;20220616;20220713
765;20180406;20180506
476;20221006;20221102
157;20201210;20210113
715;20130920;20131121
593;20181213;20190110
494;20110617;20110817
784;20151009;20151117
212;20201008;20201108
681;20180406;20180506
964;20210506;20210606
10;20150901;20151008
106;20190516;20190613
506;20130312;20130405
377;20140116;20140321
3;20180108;20180303
72;20180406;20180506
816;20210311;20210407
302;20210901;20210922
378;20150818;20150831
483;20140116;20140321
453;20250102;20250129
5;20150313;20150409
593;20110224;20110409
453;20220811;20220907
681;20201112;20201209
302;20191210;20200110
170;20210923;20211020
629;20201210;20210113
252;20191108;20191208
784;20121122;20130111
252;20210715;20210815
787;20170316;20170416
337;20260107;20260216
816;20190906;20191006
6;20231005;20231101
486;20120410;20120612
266;20160714;20160815
801;20171207;20180107
278;20250828;20250924
483;20250703;20250730
64;20180305;20180405
184;20121122;20130111
337;20220714;20220810
681;20150901;20151008
430;20121122;20130111
876;20201112;20201209
946;20190906;20191006
557;20230615;20230712
506;20121122;20130111
799;20211021;20211117
715;20131122;20140115
252;20220811;20220907
834;20130312;20130405
596;20240425;20240522
170;20190426;20190515
838;20221211;20230111
476;20120112;20120313
5;20201210;20210113
929;20210901;20210922
324;20190715;20190815
186;20111125;20120111
266;20220616;20220713
357;20140116;20140321
5;20181112;20181212
271;20201008;20201108
337;20200511;20200611
816;20220616;20220713
387;20161007;20161117
160;20201008;20201108
3;20110828;20110923
427;20210311;20210407
630;20150612;20150716
278;20160817;20160831
266;20220714;20220810
834;20130614;20130816
915;20210715;20210815
10;20180906;20181007
838;20220421;20220518
816;20231130;20240101
337;20160401;20160430
184;20170714;20170814
955;20230214;20230314
453;20160817;20160831
551;20200306;20200323
441;20180406;20180506
711;20220811;20220907
267;20130312;20130405
378;20220908;20221005
964;20180108;20180303
551;20150410;20150611
543;20170714;20170814
248;20211021;20211117
430;20160714;20160815
387;20231005;20231101
296;20190329;20190425
712;20180507;20180611
286;20180611;20180711
378;20211216;20220112
988;20240718;20240813
337;20240718;20240813
248;20220224;20220323
929;20190516;20190613
596;20131122;20140115
536;20260317;20260406
929;20141029;20141121
6;20160401;20160430
787;20201008;20201108
206;20191010;20191113
25;20211216;20220112
127;20170316;20170416
157;20220714;20220810
476;20180406;20180506
453;20180507;20180611
34;20250828;20250924
761;20180507;20180611
170;20130312;20130405
834;20191210;20200110
629;20210923;20211020
765;20190426;20190515
467;20110104;20110111
486;20241107;20241204
787;20130614;20130816
715;20170714;20170814
876;20200324;20200414
483;20160901;20160930
876;20220224;20220323
299;20230814;20230906
252;20240718;20240813
107;20181112;20181212
34;20161007;20161117
616;20221103;20221130
302;20170714;20170814
299;20210506;20210602
838;20231102;20231129
476;20221211;20230111
3;20211118;20211215
387;20250327;20250423
670;20150113;20150312
799;20150410;20150611
186;20180611;20180711
34;20190329;20190425
822;20170905;20171004
551;20211021;20211117
467;20181008;20181108
983;20180611;20180711
271;20220714;20220810
335;20180712;20180812
286;20250227;20250323
378;20140714;20140813
801;20140116;20140321
3;20160401;20160430
186;20170613;20170713
838;20140828;20141028
170;20221103;20221130
551;20201112;20201209
553;20171005;20171105
378;20180712;20180812
784;20180305;20180405
25;20201112;20201209
595;20120410;20120612
299;20180601;20180701
236;20220908;20221005
387;20151009;20151117
816;20260107;20260216
946;20200612;20200625
6;20210506;20210606
390;20221103;20221130
5;20141029;20141121
337;20190111;20190307
787;20210715;20210815
486;20171106;20171206
981;20130312;20130405
157;20220519;20220615
236;20211216;20220112
629;20180906;20181007
984;20110924;20111124
629;20160610;20160710
441;20260107;20260216
302;20150113;20150312
5;20260217;20260316
206;20221006;20221102
441;20200626;20200723
670;20160401;20160430
606;20140818;20140827
387;20190516;20190613
467;20181213;20190110
290;20240201;20240229
449;20260217;20260316
494;20151118;20160110
761;20160901;20160930
357;20231102;20231129
72;20250828;20250924
584;20250227;20250323
801;20130112;20130311
337;20220616;20220713
553;20211021;20211117
761;20200612;20200625
787;20211216;20220112
70;20160901;20160930
765;20220616;20220713
106;20170110;20170306
761;20201008;20201108
378;20210901;20210922
585;20230615;20230712
593;20210311;20210407
378;20171106;20171206
3;20201210;20210113
777;20141029;20141121
377;20200324;20200414
670;20260217;20260316
266;20220224;20220323
457;20170905;20171004
711;20180906;20181007
545;20230615;20230712
107;20160610;20160710
186;20221103;20221130
988;20180108;20180303
324;20200825;20200909
377;20190111;20190307
834;20220908;20221005
553;20180108;20180306
616;20190819;20190905
252;20251023;20251116
711;20170714;20170814
248;20220714;20220810
558;20250102;20250129
545;20160112;20160306
761;20200724;20200824
545;20231102;20231129
98;20180108;20180303
558;20180406;20180506
106;20141029;20141121
916;20141029;20141121
6;20190819;20190905
955;20241107;20241204
816;20200626;20200723
765;20250703;20250730
6;20211118;20211215
762;20230309;20230419
595;20200612;20200625
123;20170905;20171004
666;20130614;20130816
212;20180906;20181007
596;20230420;20230517
955;20221006;20221102
70;20190516;20190613
494;20181112;20181212
558;20190516;20190613
34;20160307;20160331
302;20160901;20160930
596;20140714;20140813
170;20130614;20130816
585;20140423;20140612
6;20260317;20260406
630;20191210;20200110
711;20190426;20190515
266;20241205;20250101
929;20260217;20260316
337;20170817;20170904
70;20170613;20170713
545;20210614;20210714
290;20220908;20221005
335;20160901;20160930
337;20221006;20221102
715;20230420;20230517
816;20180406;20180506
186;20250102;20250129
551;20140116;20140321
629;20141029;20141121
453;20180108;20180306
25;20200326;20200422
248;20191210;20200110
337;20160112;20160306
476;20140613;20140713
486;20231005;20231101
984;20120826;20120926
5;20171106;20171206
670;20251023;20251116
184;20130312;20130405
457;20210506;20210606
483;20170714;20170814
801;20150612;20150716
378;20160307;20160331
486;20210816;20210831
816;20220811;20220907
784;20170316;20170416
337;20220519;20220615
557;20231130;20240101
296;20151009;20151117
186;20180406;20180506
427;20210715;20210815
453;20240523;20240619
449;20251023;20251116
606;20160610;20160710
427;20220113;20220223
584;20260317;20260406
670;20121122;20130111
337;20191108;20191208
486;20230615;20230712
711;20220616;20220713
72;20161007;20161117
252;20170714;20170814
286;20140714;20140813
5;20120826;20120926
834;20150113;20150312
377;20120613;20120816
10;20190516;20190613
384;20141029;20141121
34;20140714;20140813
290;20230214;20230314
72;20211118;20211215
681;20140116;20140321
206;20230713;20230813
158;20250828;20250924
983;20180906;20181007
453;20221103;20221130
252;20201008;20201108
753;20180108;20180303
822;20210923;20211020
266;20191007;20191107
302;20150313;20150409
453;20241107;20241204
774;20240102;20240131
106;20230112;20230208
25;20240912;20241009
3;20110112;20110223
418;20160610;20160710
390;20171106;20171206
337;20231130;20240101
787;20171005;20171105
553;20201008;20201108
175;20230309;20230419
390;20150612;20150716
10;20250102;20250129
774;20220908;20221005
506;20211021;20211117
584;20120112;20120313
6;20240201;20240229
876;20150901;20151008
553;20170714;20170814
266;20170613;20170713
988;20190715;20190815
544;20170613;20170713
34;20220224;20220323
387;20200910;20201007
266;20240523;20240619
606;20210614;20210714
206;20201008;20201111
955;20220421;20220518
170;20210901;20210922
252;20200626;20200723
418;20170714;20170814
5;20110828;20110923
390;20160714;20160815
822;20240201;20240229
486;20180406;20180506
457;20220324;20220420
616;20210506;20210606
822;20181213;20190110
801;20190329;20190425
390;20130312;20130405
753;20200626;20200723
816;20221103;20221130
822;20220113;20220223
543;20111125;20120111
670;20210506;20210606
494;20140423;20140612
34;20210408;20210505
711;20161007;20161117
123;20210408;20210505
170;20220811;20220907
799;20201112;20201209
72;20220224;20220323
98;20181213;20190110
337;20190906;20191006
629;20220421;20220518
816;20160112;20160306
955;20251023;20251116
715;20180712;20180812
236;20240201;20240229
377;20161007;20161117
296;20211216;20220112
851;20121122;20130111
302;20211216;20220112
585;20200626;20200723
629;20190516;20190613
711;20201210;20210113
266;20240620;20240717
5;20240201;20240229
666;20200324;20200414
64;20181008;20181108
906;20130406;20130613
630;20160901;20160930
801;20111125;20120111
596;20160307;20160331
762;20200324;20200414
467;20201210;20210113
418;20191007;20191107
983;20210614;20210714
170;20250424;20250521
266;20221103;20221130
418;20150313;20150409
801;20150901;20151008
3;20260217;20260316
10;20150113;20150312
483;20230907;20231004
596;20130406;20130613
494;20190516;20190613
494;20210901;20210922
357;20211021;20211117
165;20121122;20130111
876;20230309;20230419
160;20210311;20210407
157;20230713;20230813
801;20200324;20200414
453;20171005;20171105
107;20221211;20230111
70;20241010;20241106
6;20120112;20120313
762;20200910;20201007
834;20170714;20170814
964;20220113;20220223
964;20151009;20151117
337;20210311;20210407
629;20250102;20250129
906;20181008;20181108
296;20210408;20210505
681;20241107;20241204
476;20240327;20240424
337;20240229;20240326
299;20220616;20220713
390;20121122;20130111
681;20210114;20210307
929;20121122;20130111
430;20180507;20180611
784;20190329;20190425
430;20171207;20180107
551;20190614;20190714
784;20120613;20120816
257;20191212;20200115
753;20190308;20190328
441;20190516;20190613
834;20151009;20151117
453;20160112;20160306
710;20260317;20260406
787;20110224;20110409
787;20181008;20181108
472;20210603;20210630
467;20120314;20120409
834;20110104;20110111
378;20160817;20160831
170;20150113;20150312
34;20211118;20211215
27;20170420;20170520
378;20151118;20160110
787;20220421;20220518
206;20220113;20220223
557;20221211;20230111
216;20250703;20250730
337;20210114;20210307
441;20211118;20211215
630;20140116;20140321
584;20241107;20241204
551;20200113;20200305
822;20231130;20240101
10;20230214;20230314
876;20180108;20180306
670;20220908;20221005
418;20160901;20160930
430;20210506;20210606
558;20210901;20210922
476;20220421;20220518
584;20180108;20180306
584;20250102;20250129
988;20250227;20250323
378;20150313;20150409
158;20210729;20210825
551;20221103;20221130
584;20130312;20130405
6;20140322;20140422
336;20140613;20140713
72;20160307;20160331
3;20230615;20230712
98;20161007;20161117
616;20180611;20180711
441;20170613;20170713
955;20221211;20230111
453;20170714;20170814
236;20191108;20191208
799;20230314;20230326
337;20141122;20150112
543;20200825;20200909
584;20200612;20200625
378;20220714;20220810
453;20210901;20210922
449;20160401;20160430
390;20210506;20210606
212;20110112;20110223
545;20200306;20200323
286;20150901;20151008
6;20170613;20170713
127;20220324;20220420
787;20151009;20151117
476;20211021;20211117
494;20140714;20140813
616;20120410;20120612
476;20240523;20240619
286;20160401;20160430
441;20241010;20241106
276;20151118;20160110
252;20220616;20220713
964;20231005;20231101
387;20240814;20240911
483;20190111;20190307
666;20110224;20110409
286;20120927;20121121
302;20210715;20210815
72;20250327;20250423
160;20200626;20200723
595;20150612;20150716
236;20170521;20170612
774;20210408;20210505
175;20250102;20250129
851;20151118;20160110
558;20171005;20171105
553;20220811;20220907
252;20190906;20191006
387;20190329;20190425
34;20250327;20250423
441;20191007;20191107
5;20251201;20251231
212;20151009;20151117
486;20160112;20160306
593;20221006;20221102
545;20180108;20180306
595;20121122;20130111
72;20201210;20210113
816;20191007;20191107
787;20200324;20200414
418;20210715;20210815
387;20150113;20150312
876;20160112;20160306
711;20240327;20240424
3;20120826;20120926
494;20150313;20150409
453;20220421;20220518
666;20171005;20171105
753;20180108;20180306
506;20171207;20180107
584;20150612;20150716
6;20110112;20110223
606;20240718;20240813
337;20250605;20250702
506;20180305;20180405
107;20200511;20200611
286;20190111;20190307
161;20210506;20210606
175;20180108;20180303
216;20171005;20171105
876;20230327;20230419
186;20190819;20190905
449;20171106;20171206
457;20180305;20180405
715;20160307;20160331
170;20110924;20111124
924;20190530;20190626
3;20210816;20210831
441;20150113;20150312
816;20160509;20160609
184;20130614;20130816
5;20170905;20171004
98;20200324;20200414
234;20200724;20200824
453;20150113;20150312
596;20180712;20180812
551;20220224;20220323
715;20210901;20210922
584;20240201;20240229
3;20181213;20190110
6;20210923;20211020
715;20230615;20230715
390;20140828;20141028
248;20210311;20210407
816;20110104;20110111
545;20161007;20161117
984;20140322;20140422
186;20250605;20250702
543;20210506;20210606
6;20130819;20130919
670;20181112;20181212
799;20220224;20220323
799;20181213;20190110
558;20170714;20170814
616;20160401;20160430
170;20190308;20190328
387;20160610;20160710
234;20200306;20200323
584;20191210;20200110
377;20240620;20240717
453;20140828;20141028
543;20160401;20160430
816;20250703;20250730
384;20230112;20230208
670;20180712;20180812
816;20150113;20150312
271;20160901;20160930
629;20181112;20181212
441;20160509;20160609
801;20200825;20200909
774;20171005;20171105
929;20181112;20181212
127;20190308;20190328
449;20180712;20180812
616;20111125;20120111
630;20260217;20260316
929;20180712;20180812
787;20161007;20161117
357;20161007;20161117
324;20190111;20190307
441;20240523;20240619
296;20180108;20180303
302;20151118;20160110
186;20201008;20201108
681;20190906;20191006
629;20240201;20240229
5;20160401;20160430
834;20160817;20160831
441;20110104;20110111
175;20150113;20150312
774;20181112;20181212
955;20250424;20250521
427;20190819;20190905
337;20241107;20241204
378;20190516;20190613
441;20160610;20160710
543;20210311;20210407
711;20230814;20230906
765;20190906;20191006
924;20200626;20200715
212;20150901;20151008
236;20180906;20181007
630;20121122;20130111
784;20220224;20220323
170;20160610;20160710
762;20170420;20170520
715;20160509;20160609
453;20160307;20160331
774;20180906;20181007
983;20210408;20210505
236;20180611;20180711
616;20210816;20210831
212;20170420;20170520
457;20170316;20170416
441;20250703;20250730
236;20210901;20210922
377;20140818;20140827
3;20141029;20141121
483;20190906;20191006
34;20110224;20110409
216;20230518;20230614
801;20211021;20211117
335;20180305;20180405
127;20210311;20210407
816;20160610;20160710
441;20240102;20240131
964;20181213;20190110
157;20210923;20211020
3;20120112;20120313
816;20170613;20170713
98;20240912;20241009
516;20231005;20231101
305;20181008;20181108
570;20120410;20120612
23;20180305;20180405
201;20210816;20210831
100;20171106;20171206
744;20211216;20220112
41;20220714;20220810
495;20151118;20160110
94;20221103;20221130
208;20191108;20191208
63;20180108;20180303
192;20250703;20250730
574;20140116;20140321
117;20190906;20191006
836;20150113;20150312
56;20230112;20230208
388;20241107;20241204
686;20210311;20210407
388;20220908;20221005
515;20141029;20141121
96;20161007;20161117
62;20221006;20221102
201;20160112;20160306
56;20180108;20180306
755;20161007;20161117
126;20110112;20110223
239;20200324;20200414
708;20200511;20200611
96;20230814;20230906
662;20150901;20151008
490;20250703;20250730
570;20170905;20171004
23;20211118;20211215
662;20170110;20170306
47;20190516;20190613
347;20230907;20231004
62;20250424;20250521
280;20220811;20220907
71;20231005;20231101
677;20190426;20190515
31;20190906;20191006
662;20140714;20140813
47;20231130;20240101
195;20211216;20220112
831;20230615;20230712
263;20161007;20161117
469;20150410;20150611
671;20220421;20220518
734;20231005;20231101
29;20151009;20151117
48;20201008;20201108
944;20190426;20190515
62;20220811;20220907
388;20190906;20191006
686;20230814;20230906
179;20170316;20170416
734;20190516;20190613
763;20240102;20240131
656;20200113;20200305
173;20250424;20250521
574;20231102;20231129
999;20220224;20220323
388;20200910;20201007
920;20200324;20200414
920;20220224;20220323
719;20260317;20260406
173;20211216;20220112
578;20191007;20191107
386;20220616;20220713
936;20191007;20191107
373;20171207;20180107
280;20180406;20180506
48;20221006;20221102
399;20191007;20191107
36;20210614;20210714
48;20210506;20210606
735;20170110;20170306
759;20170905;20171004
977;20190329;20190425
56;20160112;20160306
936;20140423;20140612
490;20190426;20190515
208;20180406;20180506
484;20240523;20240619
179;20140613;20140713
174;20200716;20200812
156;20250424;20250521
708;20150612;20150716
168;20191210;20200110
452;20170521;20170612
492;20200227;20200325
29;20240620;20240717
578;20190614;20190714
829;20190614;20190714
100;20220113;20220223
249;20170613;20170713
229;20240201;20240229
686;20201210;20210113
208;20220324;20220420
375;20220224;20220323
891;20190614;20190714
201;20210923;20211020
656;20200324;20200414
719;20221103;20221130
639;20140613;20140713
375;20200324;20200414
719;20251023;20251116
511;20250424;20250521
708;20110104;20110111
645;20251023;20251116
229;20240327;20240424
168;20251023;20251116
429;20180906;20181007
515;20130312;20130405
966;20130614;20130816
735;20210614;20210714
490;20251023;20251116
575;20180108;20180306
484;20240425;20240522
763;20260317;20260406
239;20170521;20170612
733;20190725;20190828
173;20221006;20221102
972;20211021;20211117
662;20231005;20231101
829;20201112;20201209
94;20180108;20180306
395;20161007;20161117
589;20180108;20180303
614;20200113;20200305
379;20250424;20250521
375;20130312;20130405
347;20131122;20140115
347;20240620;20240717
723;20180108;20180306
755;20151118;20160110
705;20180108;20180303
671;20150612;20150716
280;20220324;20220420
116;20190426;20190515
208;20220811;20220907
249;20180611;20180711
664;20210408;20210505
100;20120410;20120612
932;20220811;20220907
575;20160714;20160815
31;20160509;20160609
133;20210901;20210922
723;20231102;20231129
94;20190308;20190328
208;20140613;20140713
120;20200626;20200723
62;20140423;20140612
723;20171005;20171105
574;20151009;20151117
388;20180406;20180506
578;20180507;20180611
347;20240523;20240619
280;20211021;20211117
347;20150410;20150611
452;20161007;20161117
201;20250605;20250702
614;20180611;20180711
195;20210901;20210922
121;20150410;20150611
631;20150901;20151008
763;20210614;20210714
394;20171005;20171105
413;20180406;20180506
47;20230615;20230712
656;20160714;20160815
656;20220421;20220518
763;20230814;20230906
469;20120112;20120313
249;20181112;20181212
415;20241107;20241204
173;20210311;20210407
663;20230112;20230208
686;20161007;20161117
492;20221006;20221102
965;20240327;20240424
56;20180108;20180303
702;20160610;20160710
140;20200724;20200824
388;20221103;20221130
662;20150410;20150611
201;20151009;20151117
280;20260107;20260216
580;20250828;20250924
966;20260217;20260316
168;20220908;20221005
239;20171207;20180107
388;20141122;20150112
664;20220224;20220323
388;20181213;20190110
685;20151118;20160110
686;20200113;20200305
445;20130312;20130405
229;20160401;20160430
998;20210901;20210922
71;20211216;20220112
388;20210114;20210307
28;20210901;20210922
208;20260107;20260216
589;20231005;20231101
201;20190715;20190815
836;20161007;20161117
97;20241010;20241106
71;20160714;20160815
469;20210715;20210815
239;20220421;20220518
554;20120613;20120816
744;20190516;20190613
429;20211021;20211117
966;20151118;20160110
168;20210901;20210922
388;20211021;20211117
829;20160714;20160815
944;20191108;20191208
429;20220421;20220518
708;20210311;20210407
229;20191108;20191208
200;20250424;20250521
575;20220224;20220323
31;20210114;20210307
36;20200910;20201007
239;20170714;20170814
388;20150313;20150409
208;20140828;20141028
223;20170521;20170612
978;20160817;20160831
117;20250227;20250323
399;20251023;20251116
135;20190111;20190307
671;20151118;20160110
96;20170110;20170306
972;20140116;20140321
490;20220616;20220713
120;20201112;20201209
126;20230615;20230712
173;20250703;20250730
379;20240425;20240522
156;20160307;20160331
677;20220421;20220518
133;20240523;20240619
71;20190715;20190815
972;20220908;20221005
201;20231130;20240101
754;20210506;20210606
702;20200626;20200723
862;20190329;20190425
686;20171005;20171105
434;20180406;20180506
998;20160307;20160331
97;20180712;20180812
31;20191108;20191208
434;20241107;20241204
495;20211021;20211117
554;20180406;20180506
917;20230314;20230326
516;20200324;20200414
394;20250424;20250521
495;20221103;20221130
31;20180712;20180812
280;20191210;20200110
388;20110104;20110111
373;20210901;20210922
229;20200113;20200305
94;20201112;20201209
229;20190906;20191006
232;20170905;20171004
662;20211216;20220112
917;20170110;20170306
631;20200324;20200414
829;20220224;20220323
280;20140613;20140713
94;20211216;20220112
754;20220421;20220518
373;20240201;20240229
47;20190715;20190815
223;20161007;20161117
48;20171106;20171206
100;20181213;20190110
121;20170110;20170306
944;20200113;20200305
645;20191210;20200110
631;20190329;20190425
977;20241205;20250101
31;20200626;20200723
126;20151009;20151117
516;20160714;20160815
631;20180305;20180405
744;20120314;20120409
455;20201112;20201209
499;20141029;20141121
28;20200910;20201007
232;20220908;20221005
936;20211216;20220112
121;20251023;20251116
972;20180712;20180812
280;20200626;20200723
495;20170420;20170520
29;20250605;20250702
578;20111125;20120111
232;20180108;20180303
744;20181213;20190110
614;20170420;20170520
534;20191212;20200115
935;20241010;20241106
208;20200626;20200723
631;20211021;20211117
40;20220421;20220518
94;20151118;20160110
29;20220714;20220810
469;20230214;20230314
223;20190308;20190328
29;20150313;20150409
379;20220908;20221005
192;20190614;20190714
434;20170714;20170814
56;20220224;20220323
734;20200113;20200305
63;20210816;20210831
120;20230713;20230813
96;20120112;20120313
232;20221103;20221130
63;20140322;20140422
179;20200626;20200723
836;20160112;20160306
570;20110112;20110223
452;20181008;20181108
117;20210311;20210407
94;20170316;20170416
763;20220113;20220223
763;20241205;20250101
305;20111125;20120111
29;20220113;20220223
9;20190819;20190905
399;20130312;20130405
156;20170110;20170306
723;20170521;20170612
156;20190329;20190425
685;20180507;20180611
239;20220908;20221005
23;20210715;20210815
305;20200511;20200611
232;20110112;20110223
932;20221103;20221130
208;20140714;20140813
41;20220324;20220420
744;20151009;20151117
686;20240201;20240229
140;20141029;20141121
575;20230615;20230712
69;20140714;20140813
31;20250731;20250827
69;20200626;20200723
9;20220113;20220223
347;20170316;20170416
263;20210901;20210922
763;20180611;20180711
399;20141029;20141121
97;20220714;20220810
140;20120826;20120926
201;20160714;20160815
662;20241107;20241204
280;20190715;20190815
901;20190329;20190425
29;20140828;20141028
96;20140423;20140612
554;20170714;20170814
656;20120613;20120816
664;20211216;20220112
195;20210311;20210407
56;20191108;20191208
516;20180108;20180306
516;20211021;20211117
515;20130614;20130816
48;20191007;20191107
831;20161007;20161117
797;20200724;20200824
515;20220324;20220420
977;20221211;20230111
589;20210114;20210307
455;20200626;20200723
249;20220908;20221005
829;20150410;20150611
97;20210923;20211020
399;20110617;20110817
40;20221211;20230111
901;20210506;20210606
40;20200511;20200611
126;20140828;20141028
379;20250828;20250924
48;20130312;20130405
664;20180906;20181007
455;20171207;20180107
705;20220224;20220323
200;20240523;20240619
836;20181213;20190110
917;20240425;20240522
936;20110617;20110817
280;20250925;20251022
516;20241107;20241204
135;20200825;20200909
94;20250731;20250827
554;20220421;20220518
744;20150313;20150409
495;20170110;20170306
331;20250731;20250827
639;20181008;20181108
631;20130112;20130311
920;20231130;20240101
554;20190715;20190815
62;20250703;20250730
48;20130614;20130816
763;20240425;20240522
375;20200910;20201007
614;20251023;20251116
935;20171207;20180107
263;20220908;20221005
999;20211021;20211117
116;20230314;20230326
570;20151009;20151117
829;20180108;20180303
40;20190308;20190328
723;20190906;20191006
373;20211216;20220112
201;20171106;20171206
239;20180906;20181007
126;20121122;20130111
631;20140423;20140612
56;20220908;20221005
434;20231005;20231101
208;20120927;20121121
71;20200825;20200909
94;20220324;20220420
734;20221211;20230111
71;20220616;20220713
40;20231130;20240101
598;20190819;20190905
917;20180611;20180711
455;20240620;20240717
17;20220421;20220518
455;20180108;20180306
47;20110424;20110616
116;20220224;20220323
280;20210816;20210831
62;20140116;20140321
375;20170316;20170416
305;20110617;20110817
135;20160401;20160430
511;20160610;20160710
998;20180108;20180303
677;20210614;20210714
972;20180305;20180405
891;20201112;20201209
208;20190715;20190815
223;20190111;20190307
29;20130920;20131121
671;20201210;20210113
434;20200626;20200723
229;20201008;20201108
831;20210715;20210815
829;20210408;20210505
388;20240912;20241009
120;20210114;20210307
469;20181112;20181212
208;20180108;20180306
28;20250424;20250521
223;20160509;20160609
305;20200825;20200909
672;20151009;20151117
754;20220908;20221005
671;20180712;20180812
280;20140714;20140813
490;20141029;20141121
379;20200116;20200226
40;20190516;20190613
862;20210506;20210606
69;20181213;20190110
121;20201112;20201209
708;20161007;20161117
631;20130312;20130405
763;20210816;20210831
179;20230713;20230813
998;20200724;20200824
708;20200324;20200414
429;20260317;20260406
305;20201210;20210113
836;20201210;20210113
763;20220714;20220810
719;20201112;20201209
677;20170420;20170520
229;20251023;20251116
96;20250703;20250730
249;20190715;20190815
452;20190308;20190328
31;20210816;20210831
672;20150113;20150312
239;20200511;20200611
100;20180906;20181007
578;20260217;20260316
862;20180305;20180405
94;20240425;20240522
744;20181008;20181108
135;20170905;20171004
31;20240620;20240717
223;20110104;20110111
375;20130920;20131121
516;20220224;20220323
192;20140714;20140813
263;20140828;20141028
836;20140423;20140612
232;20210923;20211020
708;20211216;20220112
239;20140828;20141028
373;20180906;20181007
490;20160714;20160815
755;20130312;20130405
434;20220616;20220713
56;20140116;20140321
656;20140714;20140813
140;20220616;20220713
69;20210311;20210407
862;20220714;20220810
972;20150612;20150716
69;20201008;20201108
490;20180108;20180303
140;20230112;20230208
829;20230314;20230326
490;20220224;20220323
708;20120613;20120816
208;20180507;20180611
94;20210923;20211020
223;20230713;20230813
69;20221006;20221102
672;20210715;20210815
96;20181213;20190110
656;20250828;20250924
334;20191010;20191113
28;20230615;20230715
662;20231130;20240101
156;20220908;20221005
598;20161117;20170109
662;20191108;20191208
891;20220616;20220713
686;20220811;20220907
388;20250227;20250323
69;20191007;20191107
36;20210114;20210307
490;20120613;20120816
375;20210901;20210922
685;20110104;20110111
9;20241010;20241106
200;20240327;20240424
702;20200612;20200625
285;20190425;20190529
379;20210603;20210630
917;20230615;20230712
656;20180611;20180711
656;20141029;20141121
891;20251023;20251116
201;20210506;20210606
578;20110104;20110111
759;20210614;20210714
280;20251201;20251231
656;20150410;20150611
445;20150313;20150409
672;20201008;20201108
126;20170110;20170306
511;20190516;20190613
862;20180712;20180812
511;20180906;20181007
662;20220616;20220713
656;20120112;20120313
47;20201210;20210113
28;20200113;20200305
116;20190329;20190425
249;20220421;20220518
48;20121122;20130111
47;20251201;20251231
28;20160112;20160306
140;20210506;20210606
554;20190426;20190515
723;20190614;20190714
469;20201210;20210113
672;20160901;20160930
831;20240718;20240813
156;20200324;20200414
639;20180507;20180611
47;20210506;20210606
232;20170420;20170520
62;20190426;20190515
598;20200825;20200909
763;20180712;20180812
598;20180712;20180812
836;20200626;20200723
754;20220714;20220810
117;20210506;20210606
598;20220519;20220615
17;20180108;20180303
386;20240912;20241009
195;20220224;20220323
932;20180903;20181003
40;20141029;20141121
382;20150313;20150409
232;20260217;20260316
280;20180507;20180611
966;20181112;20181212
208;20111125;20120111
223;20240425;20240522
96;20180906;20181007
263;20110104;20110111
120;20170110;20170306
239;20180611;20180711
686;20181213;20190110
903;20250828;20250924
901;20220714;20220810
719;20241205;20250101
922;20201008;20201108
903;20160817;20160831
31;20241205;20250101
375;20180611;20180711
121;20191108;20191208
656;20240201;20240229
455;20210614;20210714
399;20160401;20160430
386;20200910;20201007
63;20210715;20210815
574;20251023;20251116
388;20111125;20120111
71;20251023;20251116
734;20240201;20240229
998;20211118;20211215
723;20260317;20260406
223;20250703;20250730
639;20160901;20160930
708;20110224;20110409
280;20111125;20120111
173;20231130;20240101
631;20201210;20210113
445;20160509;20160609
966;20160610;20160710
29;20250424;20250521
966;20220908;20221005
677;20260317;20260406
734;20120112;20120313
735;20220324;20220420
662;20200113;20200305
100;20130819;20130919
263;20160509;20160609
631;20200825;20200909
570;20120112;20120313
120;20230112;20230208
901;20120613;20120816
29;20240201;20240229
29;20130614;20130816
62;20240327;20240424
733;20180802;20180902
754;20220224;20220323
201;20200612;20200625
140;20120410;20120612
31;20260107;20260216
755;20181008;20181108
578;20160401;20160430
140;20230314;20230326
783;20200227;20200325
662;20200825;20200909
31;20170613;20170713
920;20190426;20190515
686;20190308;20190328
685;20110224;20110409
734;20250424;20250521
656;20230814;20230906
373;20180406;20180506
574;20220616;20220713
375;20230214;20230314
9;20170613;20170713
97;20210506;20210606
901;20181213;20190110
399;20190516;20190613
285;20190103;20190131
574;20170420;20170520
179;20240814;20240911
373;20140828;20141028
936;20220714;20220810
63;20190516;20190613
31;20201112;20201209
263;20120314;20120409
121;20190906;20191006
29;20211118;20211215
645;20211216;20220112
56;20240620;20240717
575;20240102;20240131
719;20200113;20200305
179;20190906;20191006
36;20150113;20150312
96;20180406;20180506
388;20130112;20130311
455;20200511;20200611
208;20190614;20190714
17;20210816;20210831
723;20170110;20170306
135;20220519;20220615
686;20231005;20231101
156;20230327;20230419
280;20180611;20180711
972;20151118;20160110
29;20220421;20220518
347;20160509;20160609
495;20230314;20230326
829;20170420;20170520
920;20180611;20180711
229;20260217;20260316
490;20181213;20190110
69;20141029;20141121
662;20220224;20220323
94;20180611;20180711
598;20210816;20210831
29;20170316;20170416
747;20230112;20230208
862;20171207;20180107
208;20251201;20251231
901;20110617;20110817
429;20180611;20180711
452;20250703;20250730
570;20180108;20180303
578;20150901;20151008
672;20180712;20180812
656;20201210;20210113
28;20250102;20250129
395;20160307;20160331
179;20230615;20230715
373;20230214;20230314
120;20210614;20210714
763;20201210;20210113
920;20200511;20200611
733;20180301;20180401
944;20240229;20240326
763;20250925;20251022
469;20150113;20150312
671;20200324;20200414
705;20160610;20160710
375;20170420;20170520
117;20200113;20200305
413;20180108;20180306
201;20141029;20141121
36;20200113;20200305
920;20191108;20191208
94;20250227;20250323
836;20231005;20231101
415;20190329;20190425
570;20250102;20250129
511;20220224;20220323
589;20240620;20240717
671;20190516;20190613
201;20250227;20250323
41;20210311;20210407
47;20240201;20240229
686;20210901;20210922
998;20231102;20231129
29;20240814;20240911
636;20220519;20220615
972;20171106;20171206
388;20121122;20130111
554;20230420;20230517
263;20171106;20171206
685;20220421;20220518
565;20171106;20171206
645;20191007;20191107
836;20170110;20170306
388;20190111;20190307
100;20160817;20160831
452;20110104;20110111
40;20210506;20210606
755;20180305;20180405
386;20201112;20201209
179;20210614;20210714
705;20211021;20211117
395;20170316;20170416
47;20181112;20181212
452;20240814;20240911
200;20250703;20250730
922;20221006;20221102
755;20160610;20160710
686;20220421;20220518
966;20191210;20200110
192;20180507;20180611
495;20180108;20180303
48;20160401;20160430
664;20220616;20220713
249;20211118;20211215
36;20230112;20230208
755;20200626;20200723
31;20211118;20211215
598;20160401;20160430
239;20230309;20230419
662;20250703;20250730
94;20241205;20250101
17;20130819;20130919
575;20170521;20170612
347;20150113;20150312
168;20200324;20200414
452;20160509;20160609
347;20130614;20130816
305;20140828;20141028
413;20190715;20190815
763;20210506;20210606
29;20221006;20221102
399;20200324;20200414
511;20200324;20200414
515;20120314;20120409
686;20180906;20181007
28;20150113;20150312
201;20121122;20130111
429;20230314;20230326
759;20180108;20180306
126;20160714;20160815
901;20171005;20171105
280;20151118;20160110
829;20250227;20250323
69;20211216;20220112
598;20170613;20170713
936;20130112;20130311
686;20250703;20250730
71;20120927;20121121
966;20161007;20161117
229;20250227;20250323
63;20231005;20231101
516;20251023;20251116
685;20211216;20220112
71;20210715;20210815
836;20190906;20191006
63;20230112;20230208
36;20231005;20231101
399;20150612;20150716
686;20250424;20250521
280;20170521;20170612
663;20141029;20141121
156;20180108;20180303
972;20210901;20210922
56;20230327;20230419
719;20160714;20160815
9;20210923;20211020
140;20111125;20120111
232;20120112;20120313
192;20110224;20110409
200;20200626;20200723
836;20210311;20210407
415;20240201;20240229
891;20250227;20250323
469;20240523;20240619
117;20231005;20231101
249;20170420;20170520
754;20200324;20200414
831;20160610;20160710
100;20170110;20170306
100;20180108;20180306
388;20250828;20250924
69;20200324;20200414
734;20220421;20220518
829;20180906;20181007
173;20200626;20200723
399;20150901;20151008
511;20240201;20240229
334;20190425;20190529
415;20230615;20230715
515;20150113;20150312
28;20140828;20141028
192;20230518;20230614
575;20190906;20191006
972;20190614;20190714
977;20231130;20240101
429;20180108;20180306
40;20201210;20210113
40;20250227;20250323
208;20151118;20160110
708;20151009;20151117
434;20170817;20170904
239;20230214;20230314
23;20210311;20210407
168;20220224;20220323
570;20110828;20110923
71;20200113;20200305
373;20200324;20200414
656;20161007;20161117
672;20160307;20160331
229;20120112;20120313
966;20210715;20210815
626;20240814;20240911
515;20160610;20160710
62;20140714;20140813
469;20160610;20160710
664;20170420;20170520
40;20140714;20140813
373;20200511;20200611
229;20140116;20140321
17;20110112;20110223
966;20210901;20210922
574;20160112;20160306
469;20240201;20240229
836;20241107;20241204
990;20120314;20120409
63;20231130;20240101
388;20240620;20240717
200;20120927;20121121
9;20170905;20171004
192;20180305;20180405
388;20171207;20180107
195;20221006;20221102
932;20250703;20250730
932;20260317;20260406
29;20191007;20191107
223;20130406;20130613
744;20170714;20170814
662;20250227;20250323
47;20120826;20120926
434;20160112;20160306
763;20170316;20170416
394;20200626;20200723
744;20221006;20221102
395;20201210;20210113
347;20130920;20131121
631;20110617;20110817
63;20171106;20171206
490;20150410;20150611
388;20180507;20180611
63;20220616;20220713
96;20140613;20140713
69;20190614;20190714
71;20220224;20220323
263;20181112;20181212
94;20260217;20260316
664;20220421;20220518
901;20160714;20160815
29;20200724;20200824
208;20200724;20200824
40;20110828;20110923
656;20190111;20190307
200;20201008;20201108
645;20210715;20210815
920;20230615;20230712
201;20130312;20130405
672;20171106;20171206
9;20220519;20220615
156;20230309;20230419
23;20201008;20201108
395;20160401;20160430
382;20160509;20160609
232;20151009;20151117
382;20110224;20110409
936;20160714;20160815
469;20170714;20170814
734;20181112;20181212
399;20220224;20220323
763;20260217;20260316
263;20170316;20170416
936;20171207;20180107
862;20160610;20160710
998;20220421;20220518
686;20231130;20240101
394;20231005;20231101
121;20250227;20250323
29;20160509;20160609
719;20220224;20220323
399;20130112;20130311
920;20190111;20190307
94;20211118;20211215
48;20191210;20200110
570;20201210;20210113
135;20210923;20211020
415;20180406;20180506
966;20221006;20221102
484;20160901;20160930
490;20240912;20241009
120;20200511;20200611
29;20220908;20221005
140;20260217;20260316
29;20160817;20160831
662;20140116;20140321
192;20120927;20121121
413;20210614;20210714
972;20140714;20140813
702;20170613;20170713
28;20230214;20230314
29;20110104;20110111
71;20171005;20171105
40;20260217;20260316
62;20140613;20140713
534;20190725;20190828
96;20190715;20190815
31;20221103;20221130
94;20161007;20161117
263;20211216;20220112
972;20150313;20150409
31;20141122;20150112
723;20220616;20220713
17;20250227;20250323
452;20150113;20150312
574;20220421;20220518
229;20120927;20121121
120;20191108;20191208
589;20191108;20191208
977;20231102;20231129
47;20111125;20120111
575;20140116;20140321
31;20190329;20190425
901;20251023;20251116
71;20250227;20250323
140;20140322;20140422
763;20190516;20190613
96;20221211;20230111
677;20250703;20250730
744;20160610;20160710
901;20160401;20160430
121;20220616;20220713
229;20231130;20240101
69;20110224;20110409
264;20151118;20160110
511;20201210;20210113
394;20201008;20201108
96;20240327;20240424
759;20190715;20190815
831;20181112;20181212
388;20180108;20180306
589;20241107;20241204
831;20210901;20210922
331;20190725;20190828
972;20141029;20141121
589;20201112;20201209
705;20241107;20241204
229;20130819;20130919
891;20220224;20220323
578;20200825;20200909
305;20220714;20220810
41;20191007;20191107
831;20230814;20230906
429;20210614;20210714
208;20110224;20110409
455;20230327;20230419
97;20220113;20220223
135;20220113;20220223
249;20130819;20130919
734;20230214;20230314
201;20251201;20251231
901;20220908;20221005
117;20251023;20251116
9;20180712;20180812
554;20190906;20191006
96;20170714;20170814
495;20161007;20161117
399;20111125;20120111
734;20201210;20210113
891;20241205;20250101
173;20250227;20250323
469;20171005;20171105
631;20171207;20180107
100;20220421;20220518
708;20181008;20181108
966;20211216;20220112
375;20250102;20250129
705;20220616;20220713
48;20130112;20130311
71;20180108;20180306
578;20140714;20140813
63;20230615;20230712
744;20140828;20141028
664;20160112;20160306
399;20130614;20130816
223;20230420;20230517
664;20210901;20210922
28;20241107;20241204
490;20120112;20120313
966;20181213;20190110
917;20210614;20210714
998;20250424;20250521
490;20200324;20200414
94;20141122;20150112
554;20210311;20210407
375;20170905;20171004
671;20181112;20181212
133;20190516;20190613
100;20220908;20221005
484;20181008;20181108
40;20220224;20220323
511;20250828;20250924
200;20191108;20191208
455;20170521;20170612
723;20221103;20221130
29;20110224;20110409
836;20180406;20180506
578;20180712;20180812
120;20190906;20191006
708;20160307;20160331
836;20221211;20230111
47;20150901;20151008
31;20211021;20211117
484;20180507;20180611
229;20250703;20250730
28;20220616;20220713
724;20120826;20120926
71;20220811;20220907
133;20180906;20181007
29;20180712;20180812
719;20211021;20211117
862;20160901;20160930
891;20140116;20140321
56;20230309;20230419
63;20191210;20200110
47;20141029;20141121
724;20120410;20120612
516;20240912;20241009
836;20120613;20120816
744;20150113;20150312
998;20160817;20160831
100;20160112;20160306
208;20171005;20171105
944;20211021;20211117
94;20231130;20240101
140;20180108;20180306
229;20211021;20211117
395;20210506;20210606
671;20181213;20190110
63;20190819;20190905
179;20110924;20111124
117;20260217;20260316
966;20150313;20150409
29;20181112;20181212
201;20170905;20171004
516;20250828;20250924
944;20231005;20231101
763;20250731;20250827
614;20190614;20190714
901;20160307;20160331
232;20211118;20211215
656;20190426;20190515
614;20211021;20211117
469;20220811;20220907
554;20140613;20140713
29;20220324;20220420
94;20200511;20200611
29;20201210;20210113
708;20181213;20190110
469;20180108;20180306
48;20180507;20180611
94;20190906;20191006
36;20220616;20220713
94;20220519;20220615
662;20220811;20220907
117;20160401;20160430
723;20251023;20251116
932;20180430;20180531
97;20190819;20190905
121;20140116;20140321
